file_path,mfcc_1_mean,mfcc_2_mean,mfcc_3_mean,mfcc_4_mean,mfcc_5_mean,mfcc_6_mean,mfcc_7_mean,mfcc_8_mean,mfcc_9_mean,mfcc_10_mean,mfcc_11_mean,mfcc_12_mean,mfcc_13_mean,mfcc_1_std,mfcc_2_std,mfcc_3_std,mfcc_4_std,mfcc_5_std,mfcc_6_std,mfcc_7_std,mfcc_8_std,mfcc_9_std,mfcc_10_std,mfcc_11_std,mfcc_12_std,mfcc_13_std,pitch_mean,pitch_std,energy_mean,energy_std,centroid_mean,centroid_std,bandwidth_mean,bandwidth_std,tempo_mean,tempo_std,utt_id
/workspaces/Pronounciation_evaluation/data/raw/WAVE/SPEAKER0005/000050099.WAV,-302.6844177246094,81.57234954833984,-41.91562271118164,16.318927764892578,-41.212406158447266,-2.057246446609497,-37.10137939453125,-13.185166358947754,-26.659488677978516,-14.967578887939453,-23.99797248840332,-16.050392150878906,-1.4618217945098877,100.19344329833984,30.39557456970215,27.947465896606445,29.626285552978516,26.343433380126953,17.007566452026367,19.987077713012695,12.157405853271484,15.752262115478516,10.92284107208252,11.059703826904297,12.394292831420898,8.218637466430664,299.25096741350393,237.2570544442387,0.05399305373430252,0.05080230534076691,2276.9133795225507,1001.3619638710452,1907.7609901313856,322.53328080592973,143.5546875,0.0,000050099
/workspaces/Pronounciation_evaluation/data/raw/WAVE/SPEAKER0005/000050010.WAV,-275.10748291015625,75.5008316040039,-28.51529884338379,21.310775756835938,-49.57884979248047,-3.035905361175537,-32.19353103637695,-14.017117500305176,-13.797924995422363,-26.74942970275879,-18.026500701904297,-12.623239517211914,-8.157842636108398,82.35985565185547,40.37357711791992,23.446834564208984,27.62948226928711,23.93310546875,26.400917053222656,21.377593994140625,14.742663383483887,13.504393577575684,13.790350914001465,12.543688774108887,7.772204399108887,9.717548370361328,237.75507191447812,13.243442163622895,0.0687989667057991,0.06781790405511856,2464.8240557541485,1280.9931689131781,1783.058880456535,263.5913415042897,107.666015625,0.0,000050010
/workspaces/Pronounciation_evaluation/data/raw/WAVE/SPEAKER0005/000050174.WAV,-396.3255310058594,90.12364959716797,-20.25931167602539,7.037111759185791,-38.9002799987793,-8.33311939239502,-22.533950805664062,-15.48643970489502,-26.11948013305664,-14.101360321044922,-16.100500106811523,-7.629436492919922,-6.686168193817139,92.65271759033203,41.39409637451172,18.697154998779297,32.3949089050293,24.221820831298828,20.027122497558594,19.476991653442383,11.714958190917969,13.129867553710938,6.795070648193359,8.586360931396484,7.042046070098877,7.306234359741211,244.00215286025656,23.340148773351487,0.04005810618400574,0.0450853556394577,2040.6853309575042,1050.8197246863836,1784.6713712750332,493.68311677161716,129.19921875,0.0,000050174
/workspaces/Pronounciation_evaluation/data/raw/WAVE/SPEAKER0005/000050003.WAV,-285.05712890625,87.67347717285156,-42.85879135131836,0.49183082580566406,-43.891883850097656,9.356304168701172,-31.23265838623047,-10.256872177124023,-16.044456481933594,-11.546005249023438,-27.221845626831055,-14.871826171875,-10.03695011138916,118.85770416259766,40.955074310302734,33.24610900878906,23.302204132080078,24.334749221801758,20.08043670654297,20.350215911865234,13.647526741027832,11.367501258850098,11.874603271484375,13.952237129211426,8.844934463500977,9.189139366149902,257.16043051335043,71.67383479096107,0.07338794320821762,0.06594379991292953,2302.763932539301,1034.4038243167643,1943.7789927653741,296.9232429168279,103.359375,0.0,000050003
/workspaces/Pronounciation_evaluation/data/raw/WAVE/SPEAKER0005/000050040.WAV,-355.8919372558594,67.08983612060547,-52.23882293701172,39.114383697509766,-47.99472427368164,-2.1829798221588135,-63.680294036865234,-10.089824676513672,-13.483238220214844,-5.844691753387451,-28.335033416748047,-12.938522338867188,-3.040151357650757,56.2482795715332,39.377357482910156,22.097360610961914,29.04255485534668,18.97831153869629,22.339502334594727,17.411142349243164,10.037291526794434,11.67387866973877,10.120089530944824,9.085653305053711,10.641947746276855,9.643839836120605,351.06914032123586,409.49619492041904,0.02290656790137291,0.016806911677122116,2755.91060880765,1056.9365011551938,2002.209579247304,327.5951752480494,135.99917763157896,0.0,000050040
/workspaces/Pronounciation_evaluation/data/raw/WAVE/SPEAKER0005/000050083.WAV,-309.37615966796875,46.653831481933594,-23.501054763793945,13.386000633239746,-38.040889739990234,2.676485300064087,-32.370975494384766,-17.822540283203125,-22.689420700073242,-13.276589393615723,-11.673758506774902,-6.597893238067627,-0.5309600830078125,80.0331802368164,45.455848693847656,20.2076473236084,23.670869827270508,23.94842529296875,18.613452911376953,13.946430206298828,14.562294006347656,13.405701637268066,8.311851501464844,7.801127910614014,7.633199691772461,5.608074188232422,298.9198397031443,120.98832843224713,0.0544765442609787,0.08178308606147766,2934.9946868203774,1242.0198229018245,1949.2617094792772,382.4155093379912,135.99917763157896,0.0,000050083
/workspaces/Pronounciation_evaluation/data/raw/WAVE/SPEAKER0005/000050114.WAV,-418.9150390625,69.94509887695312,-41.30644989013672,26.425634384155273,-40.260189056396484,6.65121603012085,-31.059282302856445,-9.812219619750977,-26.74332618713379,-7.606679916381836,-30.556005477905273,-14.637397766113281,-0.23182454705238342,85.80171203613281,28.378223419189453,21.168737411499023,30.248228073120117,18.922367095947266,15.216226577758789,14.989736557006836,10.026965141296387,15.206209182739258,9.110025405883789,18.838268280029297,9.097198486328125,6.496807098388672,228.234086133247,63.88857305442852,0.015081912279129028,0.01236183661967516,2567.198208229315,822.9129147295707,2114.5575698519747,272.41086371712487,135.99917763157896,0.0,000050114
/workspaces/Pronounciation_evaluation/data/raw/WAVE/SPEAKER0005/000050047.WAV,-332.0030212402344,47.28912353515625,-52.60166549682617,33.34065246582031,-48.815399169921875,-0.4008907675743103,-43.1958122253418,-6.179489612579346,-24.449464797973633,-10.317285537719727,-22.90213966369629,-9.613311767578125,3.4679415225982666,79.0732650756836,47.1715087890625,21.17815589904785,22.347078323364258,21.327289581298828,24.257444381713867,21.98090934753418,14.570030212402344,13.65206527709961,8.429463386535645,12.302474021911621,8.950262069702148,7.334580898284912,245.330311376313,12.647400056213346,0.02962775155901909,0.027815580368041992,3234.800908529043,1304.5071361380915,1871.1242933880949,297.3098349513281,161.4990234375,0.0,000050047
/workspaces/Pronounciation_evaluation/data/raw/WAVE/SPEAKER0005/000050118.WAV,-329.4027099609375,77.89796447753906,-30.14883041381836,19.296512603759766,-46.24502182006836,-4.346181869506836,-29.55107307434082,-13.607301712036133,-14.11953067779541,-17.793079376220703,-18.572181701660156,-16.096302032470703,-8.422721862792969,103.36392974853516,39.613216400146484,27.42267417907715,27.433883666992188,24.16910171508789,16.398815155029297,23.291589736938477,15.464607238769531,10.150822639465332,11.168045997619629,13.078692436218262,10.301198959350586,8.491734504699707,242.6926431450706,25.673608344210894,0.050257954746484756,0.046658214181661606,2261.421674492307,1090.5523088678667,1854.2512103319689,369.050881060906,135.99917763157896,0.0,000050118
/workspaces/Pronounciation_evaluation/data/raw/WAVE/SPEAKER0005/000050055.WAV,-382.0488586425781,64.15485382080078,-34.39845657348633,35.565101623535156,-45.71854782104492,-6.172019958496094,-40.88640213012695,-8.291475296020508,-25.609460830688477,-14.207015037536621,-19.779863357543945,-10.043388366699219,-2.187156915664673,95.92485046386719,40.71938705444336,24.985206604003906,33.00886154174805,22.672386169433594,23.052038192749023,19.0286865234375,14.190792083740234,13.455153465270996,10.58556079864502,13.605706214904785,8.063508033752441,8.57698917388916,274.7483386382981,72.45850622063206,0.03007839061319828,0.02926294505596161,2742.185216243803,1285.849585260471,1950.9259197816698,359.47010377931315,172.265625,0.0,000050055
/workspaces/Pronounciation_evaluation/data/raw/WAVE/SPEAKER0005/000050122.WAV,-346.22021484375,84.5303955078125,-30.23638153076172,20.6491756439209,-48.4319953918457,6.274450302124023,-31.419906616210938,-18.80469512939453,-23.470489501953125,-16.75328254699707,-22.215845108032227,-15.910826683044434,-5.639752388000488,104.79893493652344,43.03862762451172,28.66454315185547,31.754396438598633,29.898595809936523,18.568899154663086,17.05653953552246,14.141164779663086,14.165946006774902,10.783167839050293,13.879836082458496,8.793837547302246,7.626079082489014,231.47320882604635,48.43601007818057,0.04855212941765785,0.03618747740983963,2135.8714516080786,1116.8274743614259,1829.3657824522809,341.65682520645953,129.19921875,0.0,000050122
/workspaces/Pronounciation_evaluation/data/raw/WAVE/SPEAKER0005/000050175.WAV,-395.4149169921875,74.56803131103516,-15.991496086120605,6.631763935089111,-20.003644943237305,-11.959866523742676,-21.151670455932617,-19.826692581176758,-22.724266052246094,-7.820791244506836,-9.726995468139648,-5.249685764312744,-7.999663829803467,114.1585922241211,40.36091995239258,35.2642822265625,20.469396591186523,15.849215507507324,13.823627471923828,17.098033905029297,17.556428909301758,15.68017864227295,8.494791984558105,7.646083831787109,8.170944213867188,5.359537601470947,250.56429827830368,11.26512878156033,0.04381499066948891,0.06483592838048935,2288.6166171524255,947.8298750836341,1956.6201883809952,525.0041354989969,161.4990234375,0.0,000050175
/workspaces/Pronounciation_evaluation/data/raw/WAVE/SPEAKER0005/000050100.WAV,-283.2997741699219,80.58745574951172,-36.90513229370117,7.82039737701416,-44.72770690917969,-3.644049644470215,-24.872116088867188,-10.834362030029297,-32.015296936035156,-15.483912467956543,-26.01776885986328,-6.5811967849731445,-8.688011169433594,113.92430877685547,50.611515045166016,27.240318298339844,29.857189178466797,31.767946243286133,21.61800193786621,19.680898666381836,18.82109832763672,17.116439819335938,14.74324893951416,12.709223747253418,8.090087890625,8.897863388061523,263.0659958421715,104.59389460833808,0.08785968273878098,0.07271399348974228,2323.560221762139,1238.7511957282009,1863.5607101763446,390.94934064921694,123.046875,0.0,000050100
/workspaces/Pronounciation_evaluation/data/raw/WAVE/SPEAKER0005/000050028.WAV,-369.6219787597656,64.67257690429688,-43.70518493652344,24.606019973754883,-34.57891845703125,-6.197187900543213,-41.88456344604492,-13.616905212402344,-24.06623649597168,-10.478592872619629,-19.06431770324707,-9.32575798034668,-0.1901993602514267,92.24966430664062,33.76447677612305,24.066329956054688,25.232885360717773,27.95241355895996,16.6688289642334,16.953176498413086,13.666777610778809,16.207347869873047,11.939352989196777,8.818780899047852,6.543837547302246,7.339496612548828,749.8241394873099,778.3403153625976,0.02668118104338646,0.027328066527843475,2557.8609574404322,995.82640949645,1958.648084937754,224.42470563692882,123.046875,0.0,000050028
/workspaces/Pronounciation_evaluation/data/raw/WAVE/SPEAKER0005/000050024.WAV,-309.2708435058594,89.20864868164062,-50.99381637573242,1.9352365732192993,-29.493072509765625,-1.8387274742126465,-37.57660675048828,-13.569350242614746,-23.57357406616211,-8.987286567687988,-25.99547004699707,-15.995524406433105,-4.805078983306885,82.14051818847656,29.114957809448242,24.294607162475586,30.883352279663086,20.43605613708496,15.937470436096191,15.169384956359863,12.232158660888672,12.46930980682373,11.44484806060791,11.683087348937988,11.372148513793945,9.438582420349121,259.63477478292214,73.52592500441564,0.05792330950498581,0.05196123942732811,2012.6715332217907,921.9250934414639,1825.3909418408819,336.2285973791565,112.34714673913044,0.0,000050024
/workspaces/Pronounciation_evaluation/data/raw/WAVE/SPEAKER0005/000050078.WAV,-387.8008117675781,73.57979583740234,-65.89632415771484,26.70725440979004,-51.401222229003906,14.361594200134277,-41.341590881347656,-10.482769012451172,-25.983457565307617,-9.587080955505371,-25.54692268371582,-12.44617748260498,-1.4337655305862427,79.00390625,35.02769088745117,24.583444595336914,17.91770362854004,20.26564598083496,13.108522415161133,14.587600708007812,10.524333000183105,16.451196670532227,11.777873992919922,12.321268081665039,9.460058212280273,7.429745674133301,237.91966275835944,16.27658244382701,0.01569943316280842,0.011215326376259327,2680.946069388887,912.1525759047867,1992.7940124424883,309.63273693530596,117.45383522727273,0.0,000050078
/workspaces/Pronounciation_evaluation/data/raw/WAVE/SPEAKER0005/000050038.WAV,-377.1123352050781,64.79540252685547,-50.05358123779297,26.033302307128906,-59.06515884399414,10.119911193847656,-52.844154357910156,-5.843169212341309,-22.081336975097656,-11.574064254760742,-20.182056427001953,-16.725662231445312,0.8951483368873596,61.393184661865234,41.777530670166016,21.246715545654297,16.163738250732422,18.208187103271484,16.573654174804688,19.224475860595703,10.721097946166992,9.079000473022461,6.729989528656006,7.665572166442871,6.557215213775635,6.879303455352783,229.13507385756017,46.46795671392334,0.016057517379522324,0.014505365863442421,2999.9421994195823,1217.6248741808286,2024.4553286070122,291.8966593636965,112.34714673913044,0.0,000050038
/workspaces/Pronounciation_evaluation/data/raw/WAVE/SPEAKER0005/000050079.WAV,-387.12054443359375,64.04299926757812,-62.75822448730469,42.22605514526367,-57.821372985839844,11.195842742919922,-43.54173278808594,-1.1607565879821777,-23.107275009155273,-17.07581901550293,-27.346418380737305,-12.616900444030762,-0.3601680099964142,91.43619537353516,35.82553482055664,25.112058639526367,30.268638610839844,20.7006893157959,21.369380950927734,18.24785041809082,13.138209342956543,13.531920433044434,10.045845985412598,13.468414306640625,10.922147750854492,8.206683158874512,229.38904638491536,55.647602329091136,0.020341532304883003,0.014096075668931007,2858.052083355471,1085.0534147258684,1956.8186641076359,266.3495612401288,151.99908088235293,0.0,000050079
/workspaces/Pronounciation_evaluation/data/raw/WAVE/SPEAKER0005/000050049.WAV,-360.60394287109375,64.39239501953125,-53.885948181152344,18.30634117126465,-41.47014617919922,-1.3510171175003052,-30.881816864013672,-15.576140403747559,-21.699058532714844,-8.682714462280273,-19.453659057617188,-10.070408821105957,3.3853046894073486,102.8974609375,31.514720916748047,28.092315673828125,23.620861053466797,18.93071937561035,20.314558029174805,17.906888961791992,12.042478561401367,14.680036544799805,10.266925811767578,9.715490341186523,8.085291862487793,7.181077480316162,665.9463146515776,702.8543782374777,0.026053283363580704,0.031712256371974945,2660.8333230617854,832.5188217282314,1926.1975338753919,272.52834434623503,143.5546875,0.0,000050049
/workspaces/Pronounciation_evaluation/data/raw/WAVE/SPEAKER0005/000050095.WAV,-311.9977111816406,64.03010559082031,-47.78173065185547,16.895179748535156,-50.44105529785156,10.259461402893066,-38.79496765136719,-17.70680046081543,-28.791034698486328,-1.6894166469573975,-20.197528839111328,-17.057218551635742,1.0192290544509888,104.4718246459961,45.999935150146484,25.685514450073242,23.60408592224121,22.86895179748535,15.270569801330566,17.345369338989258,15.2149019241333,14.955439567565918,9.82141399383545,13.321619987487793,11.074067115783691,6.9247002601623535,238.95086020654753,14.842515959956753,0.0473652184009552,0.043576959520578384,2818.182510477927,1230.7465688451707,1981.7988134208952,296.5968327582193,161.4990234375,0.0,000050095
/workspaces/Pronounciation_evaluation/data/raw/WAVE/SPEAKER3014/030140043.WAV,-366.23492431640625,92.11068725585938,-36.01250457763672,21.168821334838867,-37.47697067260742,23.976194381713867,-29.939804077148438,-15.94515323638916,-4.93654203414917,-1.9103223085403442,-16.318166732788086,-15.161742210388184,-0.9761680364608765,110.30667114257812,28.259296417236328,28.411951065063477,19.404932022094727,33.810020446777344,13.067882537841797,25.970924377441406,9.824204444885254,13.986456871032715,6.395338535308838,12.798912048339844,9.019770622253418,5.385794162750244,243.18443500850245,58.58807241843519,0.027505403384566307,0.03381470963358879,2293.6529629685906,653.8688097773703,1923.927836867068,289.53653897489653,123.046875,0.0,030140043
/workspaces/Pronounciation_evaluation/data/raw/WAVE/SPEAKER3014/030140017.WAV,-317.5012512207031,93.33349609375,-36.833984375,32.00921630859375,-34.37287521362305,10.820024490356445,-26.986642837524414,1.5419553518295288,-22.251760482788086,-15.403682708740234,-10.987299919128418,-15.009268760681152,-4.981288909912109,117.89395141601562,33.14112091064453,42.23016357421875,28.992435455322266,26.800437927246094,17.137392044067383,22.586463928222656,12.961723327636719,15.002477645874023,7.972407341003418,8.26838207244873,8.980825424194336,7.9031805992126465,202.83253748736308,47.87908086895569,0.044721923768520355,0.04910125210881233,2181.8150264515893,876.313341140453,1892.1917939966927,311.20530113141024,135.99917763157896,0.0,030140017
/workspaces/Pronounciation_evaluation/data/raw/WAVE/SPEAKER3014/030140009.WAV,-367.5091247558594,97.67267608642578,-33.21406173706055,24.93733787536621,-35.27362823486328,17.111356735229492,-30.787208557128906,-9.001725196838379,-17.78835678100586,-14.390318870544434,-12.545441627502441,-8.104841232299805,-0.3458564281463623,95.26553344726562,32.520477294921875,23.764646530151367,23.816457748413086,22.143016815185547,14.102351188659668,22.65496826171875,10.02054500579834,18.662782669067383,10.240813255310059,7.979316711425781,6.950240135192871,8.725473403930664,226.25468390497198,32.75736215437095,0.023781906813383102,0.02593609131872654,2191.1156179090153,811.2780374246985,1883.8702024814256,213.8925690761839,117.45383522727273,0.0,030140009
/workspaces/Pronounciation_evaluation/data/raw/WAVE/SPEAKER3014/030140095.WAV,-306.3721008300781,82.04444885253906,-42.70041275024414,17.684717178344727,-34.65185546875,10.998101234436035,-27.959508895874023,-11.81535530090332,-12.834864616394043,-11.907590866088867,-9.151994705200195,-10.748173713684082,-9.66251277923584,127.65492248535156,38.87916564941406,41.08000564575195,26.81714630126953,32.748992919921875,16.735797882080078,27.933246612548828,11.953496932983398,14.46607780456543,12.375499725341797,9.255152702331543,9.758804321289062,8.100295066833496,215.54397371763423,65.7725578962438,0.04952624440193176,0.05853959172964096,2375.2295694626882,874.8973005669444,1865.20288628277,345.8777212375096,99.38401442307692,0.0,030140095
/workspaces/Pronounciation_evaluation/data/raw/WAVE/SPEAKER3014/030140089.WAV,-316.7625732421875,90.51966094970703,-34.58808135986328,17.99903678894043,-32.13579177856445,2.0879909992218018,-19.661806106567383,-22.88117218017578,-19.119295120239258,-7.6812028884887695,-7.72157096862793,-8.122169494628906,-6.484121322631836,132.6664581298828,32.99075698852539,40.72484588623047,32.1516227722168,31.914554595947266,19.820470809936523,22.857961654663086,14.496411323547363,12.436793327331543,10.344082832336426,8.950708389282227,9.955206871032715,9.280047416687012,240.23548464412718,29.01609939098442,0.0564706064760685,0.06654124706983566,1998.5747268266734,551.2336078510584,1754.4866340719925,338.9156927091063,135.99917763157896,0.0,030140089
/workspaces/Pronounciation_evaluation/data/raw/WAVE/SPEAKER3014/030140025.WAV,-300.7844543457031,84.8942642211914,-53.60774612426758,24.160945892333984,-40.63050079345703,22.288536071777344,-22.819520950317383,-20.017112731933594,-15.98886489868164,-2.1715712547302246,-12.31377124786377,-14.428384780883789,-10.250407218933105,108.89805603027344,32.29899215698242,44.566566467285156,25.96017074584961,25.15724754333496,15.621706008911133,18.62877655029297,11.347347259521484,13.948806762695312,10.607062339782715,10.195267677307129,8.482917785644531,7.360316276550293,217.6076624395372,22.557988549358893,0.04363897442817688,0.04240797832608223,2492.5981247759855,920.967389396345,1850.010759955907,366.42991663912034,143.5546875,0.0,030140025
/workspaces/Pronounciation_evaluation/data/raw/WAVE/SPEAKER3014/030140053.WAV,-324.649658203125,96.81770324707031,-32.53667068481445,3.56215763092041,-34.85929489135742,16.17432403564453,-14.3150053024292,-27.4641170501709,-13.486200332641602,-0.7909888625144958,-17.034740447998047,-10.82962417602539,-0.29880860447883606,113.66852569580078,32.93585205078125,31.26688003540039,25.502567291259766,30.96125602722168,16.06047821044922,23.691448211669922,11.493669509887695,11.86902904510498,11.935881614685059,13.18835163116455,8.374299049377441,7.767618656158447,384.7549350941543,476.631833629254,0.0511641725897789,0.05118347704410553,1918.3584712876002,703.0763000654505,1702.6027591560567,303.69193962814467,123.046875,0.0,030140053
/workspaces/Pronounciation_evaluation/data/raw/WAVE/SPEAKER3014/030140092.WAV,-349.5614013671875,76.68587493896484,-36.33238983154297,31.119918823242188,-33.44021987915039,5.902256011962891,-24.964799880981445,-7.496282577514648,-7.657845497131348,-9.347204208374023,-10.176065444946289,-6.595236778259277,-6.856729507446289,123.42357635498047,39.03532028198242,39.04066467285156,27.2137451171875,26.829757690429688,15.429737091064453,24.258941650390625,11.972558975219727,13.133572578430176,8.212140083312988,9.16133975982666,7.974719047546387,9.907588005065918,227.75280671217803,33.62298136677567,0.032384105026721954,0.04693005979061127,2577.7290037491202,926.3821991580528,1887.1633283887777,339.6390129705791,117.45383522727273,0.0,030140092
/workspaces/Pronounciation_evaluation/data/raw/WAVE/SPEAKER3014/030140126.WAV,-334.3857727050781,108.43114471435547,-36.87079620361328,6.846651077270508,-26.090116500854492,-0.670281708240509,-20.530094146728516,-17.53309440612793,-24.07893943786621,-7.773451328277588,-7.511380195617676,-1.8552935123443604,-9.413283348083496,122.58090209960938,45.60182189941406,35.26840591430664,33.43730926513672,29.69993019104004,16.686433792114258,21.743406295776367,11.92642879486084,15.793451309204102,9.731660842895508,10.813474655151367,8.773460388183594,10.203948020935059,231.7115437999958,35.974268901896664,0.05007024481892586,0.05368923768401146,1882.2099724591178,773.0743437294614,1648.23998598209,452.26760521942515,86.1328125,0.0,030140126
/workspaces/Pronounciation_evaluation/data/raw/WAVE/SPEAKER3014/030140128.WAV,-360.1793518066406,96.72015380859375,-28.43294334411621,25.60908317565918,-23.410066604614258,-2.341610908508301,-24.9122371673584,-10.415420532226562,-20.09309196472168,-10.239396095275879,-9.8259859085083,-9.811537742614746,-9.26512622833252,114.07356262207031,38.929588317871094,36.68000793457031,30.623056411743164,24.296281814575195,17.349899291992188,25.709556579589844,11.583580017089844,18.345745086669922,8.105057716369629,8.478961944580078,10.356748580932617,7.954867362976074,221.9562185724177,23.35953180390536,0.04324078559875488,0.046478334814310074,1968.5350838997435,915.5843559337602,1722.2851576173675,383.4133539375897,135.99917763157896,0.0,030140128
/workspaces/Pronounciation_evaluation/data/raw/WAVE/SPEAKER3014/030140086.WAV,-293.6935119628906,85.56707000732422,-34.316741943359375,19.90768051147461,-48.261138916015625,-0.8947092890739441,-21.540393829345703,-12.571455001831055,-22.604129791259766,-11.363160133361816,-7.924350261688232,-5.111855506896973,-6.380758762359619,102.97402954101562,48.29844284057617,34.94865036010742,32.545867919921875,32.57661819458008,21.77599334716797,23.686996459960938,13.23365306854248,13.813817977905273,10.557308197021484,9.889389991760254,9.567069053649902,10.440301895141602,220.71600075771408,41.866529675215766,0.06351646780967712,0.06532549858093262,2416.4121360291197,1229.2980872184407,1760.119847047568,429.96023788189956,143.5546875,0.0,030140086
/workspaces/Pronounciation_evaluation/data/raw/WAVE/SPEAKER3014/030140132.WAV,-307.96728515625,100.12004089355469,-37.300289154052734,26.518098831176758,-43.35320281982422,5.195418834686279,-28.403427124023438,-12.952605247497559,-19.839542388916016,-8.31884765625,-16.012155532836914,-15.164937019348145,-5.4841413497924805,91.80606842041016,57.508392333984375,35.195831298828125,42.40085983276367,23.358531951904297,23.684907913208008,22.60944938659668,15.075653076171875,15.044027328491211,9.111328125,12.107183456420898,9.917113304138184,10.905510902404785,221.23702318742704,27.663890541996572,0.05257605388760567,0.04353038966655731,2212.4270170546833,1308.3408380246378,1583.8984759234233,436.91554976940535,172.265625,0.0,030140132
/workspaces/Pronounciation_evaluation/data/raw/WAVE/SPEAKER3014/030140129.WAV,-349.5281677246094,122.85868072509766,-32.93473815917969,-0.19292287528514862,-29.593799591064453,-0.3718017339706421,-13.259784698486328,-13.031085968017578,-18.370134353637695,-6.873427391052246,-7.162191390991211,-6.301150798797607,-16.449810028076172,122.68915557861328,43.59008026123047,38.199256896972656,28.042293548583984,26.793336868286133,15.867352485656738,21.123323440551758,7.5775980949401855,15.128299713134766,7.985080718994141,9.118375778198242,6.615980625152588,9.014786720275879,205.5202703332406,37.79522634196955,0.05010569840669632,0.049673646688461304,1593.3749783542291,547.5640417501982,1545.4743647137261,455.0850045893016,151.99908088235293,0.0,030140129
/workspaces/Pronounciation_evaluation/data/raw/WAVE/SPEAKER3014/030140010.WAV,-322.9866638183594,101.20115661621094,-44.25400924682617,31.26584815979004,-42.272342681884766,19.476680755615234,-41.80052947998047,-7.283283233642578,-17.24317169189453,-11.877881050109863,-16.67850112915039,-11.267936706542969,0.36836788058280945,102.43687438964844,30.387935638427734,39.29519271850586,23.878225326538086,23.893714904785156,15.532093048095703,21.875490188598633,14.139060020446777,12.477648735046387,8.575356483459473,10.06348991394043,8.293228149414062,6.727660655975342,220.48425544021484,71.37161020748464,0.03543317690491676,0.03206600621342659,2188.668373694915,753.4028977768381,1937.1638672229346,295.9043226337778,117.45383522727273,0.0,030140010
/workspaces/Pronounciation_evaluation/data/raw/WAVE/SPEAKER3014/030140173.WAV,-359.5703125,77.22057342529297,-10.33968734741211,27.84685516357422,-31.929536819458008,0.7957665920257568,-35.73474884033203,-11.245309829711914,-18.009000778198242,-12.974394798278809,-2.8820204734802246,-4.965593338012695,-7.909541130065918,125.76388549804688,36.64966583251953,27.416370391845703,28.219894409179688,30.952720642089844,18.835830688476562,31.329423904418945,10.734119415283203,12.911297798156738,11.158150672912598,8.823107719421387,8.541196823120117,8.527809143066406,235.50545777865028,108.52917482899228,0.04680953547358513,0.06753087043762207,2501.775738708381,1026.604056826097,2001.5693238287652,402.70800461132245,95.703125,0.0,030140173
/workspaces/Pronounciation_evaluation/data/raw/WAVE/SPEAKER3014/030140144.WAV,-363.7813720703125,79.63199615478516,-24.487417221069336,40.00133514404297,-21.303377151489258,-2.632019281387329,-29.549104690551758,-12.837604522705078,-19.551279067993164,-15.459510803222656,-1.4827739000320435,0.49739402532577515,-9.018831253051758,129.2649688720703,28.0314884185791,35.996437072753906,26.180397033691406,26.7104434967041,15.696656227111816,26.13741111755371,14.465208053588867,17.300222396850586,9.824457168579102,9.41727352142334,9.02099609375,7.9397430419921875,189.56907699682463,26.365537733080405,0.04039325192570686,0.052840590476989746,2247.5969735830313,686.4702771586531,1934.715265300059,320.9113941646658,161.4990234375,0.0,030140144
/workspaces/Pronounciation_evaluation/data/raw/WAVE/SPEAKER3014/030140075.WAV,-295.23065185546875,81.85652160644531,-43.973209381103516,19.801830291748047,-30.809812545776367,-3.5691092014312744,-29.761159896850586,-8.368917465209961,-17.248668670654297,-6.927600860595703,-6.493281364440918,-3.021483898162842,-12.02227783203125,139.76556396484375,40.23433303833008,41.53732681274414,25.30585479736328,27.80963706970215,17.841157913208008,25.05971336364746,12.65416431427002,14.729591369628906,9.252703666687012,9.848016738891602,6.972764492034912,8.997124671936035,214.76911566063586,44.004212237628074,0.07437660545110703,0.08188440650701523,2351.6179230089883,1022.7420844818706,1782.5318057526597,370.1183248627082,107.666015625,0.0,030140075
/workspaces/Pronounciation_evaluation/data/raw/WAVE/SPEAKER3014/030140134.WAV,-361.8010559082031,78.90957641601562,-31.03538703918457,30.09270477294922,-19.19751739501953,13.52025318145752,-35.75745391845703,-5.785295009613037,-18.238521575927734,-6.991127967834473,-11.592327117919922,-14.22535514831543,-0.445391446352005,122.39785766601562,44.866092681884766,35.619537353515625,30.63224220275879,23.830875396728516,15.35638427734375,27.073698043823242,14.380922317504883,17.228647232055664,10.558648109436035,8.671463966369629,7.470657825469971,7.972252368927002,208.48081785695558,55.55009802446034,0.034978192299604416,0.03835807368159294,2417.8218837823306,1049.7279990004213,1945.900411948961,411.3212605627278,172.265625,0.0,030140134
/workspaces/Pronounciation_evaluation/data/raw/WAVE/SPEAKER3014/030140099.WAV,-301.1247253417969,90.22113800048828,-33.74899673461914,22.183610916137695,-35.299320220947266,-10.483309745788574,-25.324092864990234,-11.63281536102295,-13.89743709564209,-12.458403587341309,-9.914063453674316,-4.146652698516846,-5.163027286529541,120.19961547851562,41.03232192993164,32.903472900390625,29.18596839904785,35.47537612915039,24.330461502075195,23.856002807617188,11.350484848022461,13.112968444824219,9.106900215148926,9.636163711547852,9.013558387756348,8.513250350952148,451.9631957299703,556.0079822847506,0.06302224844694138,0.07577360421419144,2077.7323637546147,815.7547790820786,1723.845503211575,379.0312716055489,129.19921875,0.0,030140099
/workspaces/Pronounciation_evaluation/data/raw/WAVE/SPEAKER3014/030140147.WAV,-280.47607421875,77.71063232421875,-47.154510498046875,28.964134216308594,-39.662750244140625,2.1794629096984863,-17.413724899291992,-7.5526442527771,-23.27584457397461,-13.120004653930664,3.272341012954712,-1.1879316568374634,-10.433135986328125,151.12889099121094,35.091800689697266,45.23303985595703,27.019046783447266,35.904762268066406,15.737682342529297,26.783966064453125,9.194894790649414,13.322715759277344,10.530257225036621,7.778476715087891,7.312069892883301,8.310400009155273,222.3388741933392,10.876476993426142,0.07749234884977341,0.08103834837675095,2396.193353645752,692.2773511842553,1808.5669132286068,305.2665397470231,112.34714673913044,0.0,030140147
/workspaces/Pronounciation_evaluation/data/raw/WAVE/SPEAKER2427/024270127.WAV,-458.6028137207031,98.62157440185547,0.19791212677955627,21.8858585357666,-28.176265716552734,4.8185343742370605,-10.953737258911133,-6.257845878601074,-14.357735633850098,-6.625797271728516,-11.599919319152832,-4.691140651702881,-1.0065103769302368,107.06266784667969,45.460968017578125,30.18856430053711,23.570777893066406,29.7941837310791,19.865079879760742,19.643386840820312,17.438535690307617,15.728973388671875,11.95959186553955,12.563664436340332,8.187240600585938,10.405230522155762,192.14366618791166,88.43600568785789,0.0158089529722929,0.016460426151752472,1960.1308514628256,1228.90259700216,1737.2530457753332,451.14057828923023,129.19921875,0.0,024270127
/workspaces/Pronounciation_evaluation/data/raw/WAVE/SPEAKER2427/024270313.WAV,-524.091796875,94.83489227294922,9.49698257446289,34.296958923339844,-13.305182456970215,0.6520283222198486,-14.53487777709961,-2.309969902038574,-19.080215454101562,-8.37548542022705,-5.448863506317139,-3.9079391956329346,0.23872102797031403,120.02327728271484,28.05914878845215,21.747314453125,28.098445892333984,27.56981086730957,22.01601791381836,21.57424545288086,9.938355445861816,18.085195541381836,10.910099029541016,9.703716278076172,8.99716567993164,6.536681652069092,133.1011561944717,85.66852688529272,0.013648672960698605,0.015961728990077972,1772.3016618553934,763.334120707916,1919.4228798831384,409.3337190072898,151.99908088235293,0.0,024270313
/workspaces/Pronounciation_evaluation/data/raw/WAVE/SPEAKER2427/024270270.WAV,-495.2194519042969,86.41781616210938,6.101245403289795,39.896820068359375,-26.60407257080078,14.318303108215332,-21.07136344909668,4.532403945922852,-17.914369583129883,-12.833086013793945,-9.343612670898438,-3.0610976219177246,2.533379316329956,104.12905883789062,52.43360900878906,31.736495971679688,35.32925033569336,30.291244506835938,23.2320556640625,25.0474796295166,13.710188865661621,15.984736442565918,15.549577713012695,11.753074645996094,6.6475396156311035,9.775052070617676,209.2450503516845,97.87363084635035,0.011467001400887966,0.00999071542173624,2348.6830533217753,1543.7654004604417,1844.4373258249207,444.12231479060165,123.046875,0.0,024270270
/workspaces/Pronounciation_evaluation/data/raw/WAVE/SPEAKER2427/024270155.WAV,-458.5961608886719,103.68759155273438,-18.773157119750977,38.5988883972168,-21.023834228515625,2.106452226638794,-16.121784210205078,7.2484540939331055,-15.875467300415039,-5.252048492431641,-8.493607521057129,-6.461238861083984,-0.7912180423736572,106.95771026611328,40.89472579956055,31.804513931274414,24.46112060546875,29.943359375,20.065418243408203,22.380151748657227,10.316657066345215,11.058783531188965,7.500110149383545,10.804370880126953,6.9338836669921875,6.675949573516846,206.3825191800054,59.01716052812426,0.012521634809672832,0.013033917173743248,2002.9078703820853,942.8236334241299,1839.9578476850013,399.8272510818191,123.046875,0.0,024270155
/workspaces/Pronounciation_evaluation/data/raw/WAVE/SPEAKER2427/024270183.WAV,-484.3465881347656,80.37799072265625,6.44461727142334,50.74856948852539,-25.425588607788086,2.5590126514434814,-28.25347900390625,1.896016240119934,-10.035061836242676,-11.10862922668457,-12.532147407531738,-10.463323593139648,3.799978256225586,100.9816665649414,46.004974365234375,26.853559494018555,33.31391143798828,33.11113357543945,28.43402862548828,25.443138122558594,15.543325424194336,14.742707252502441,10.497024536132812,8.289535522460938,9.822980880737305,8.42638111114502,217.73904050383453,70.25866249441596,0.014111127704381943,0.013635287992656231,2230.2010861436897,1364.387603238892,1817.4881652837973,355.2410443465389,107.666015625,0.0,024270183
/workspaces/Pronounciation_evaluation/data/raw/WAVE/SPEAKER2427/024270028.WAV,-428.0330810546875,93.07433319091797,6.3608574867248535,39.95240020751953,-19.419700622558594,-7.285036563873291,-10.751646041870117,-14.59494686126709,-16.43137550354004,-9.714789390563965,-3.7004380226135254,-7.501506805419922,-11.927617073059082,105.29835510253906,34.7650032043457,35.17318344116211,28.33028221130371,30.247251510620117,18.208545684814453,14.74325180053711,12.84897232055664,13.082722663879395,10.35777759552002,9.9658203125,8.944989204406738,9.767807006835938,210.34622314790883,64.74801895297111,0.029411455616354942,0.027340613305568695,1488.458827183592,726.9270523527509,1639.3381286833155,418.94760440854867,129.19921875,0.0,024270028
/workspaces/Pronounciation_evaluation/data/raw/WAVE/SPEAKER2427/024270178.WAV,-499.5814514160156,85.22132110595703,14.494280815124512,33.58845520019531,-27.48879051208496,2.428586483001709,-13.05821704864502,-4.6353983879089355,-14.614176750183105,-6.222294807434082,-7.975752353668213,-8.27475643157959,-0.2432977855205536,109.2262191772461,46.8770751953125,28.29781150817871,28.399520874023438,34.34477615356445,24.202655792236328,21.793920516967773,17.43311882019043,12.363582611083984,8.597087860107422,11.083584785461426,9.198781967163086,11.28439998626709,200.81342677345134,67.4417698316317,0.013069726526737213,0.01426044013351202,2230.3380759528927,1396.3573222592822,1831.6791001254248,559.4191220304808,123.046875,0.0,024270178
/workspaces/Pronounciation_evaluation/data/raw/WAVE/SPEAKER2427/024270197.WAV,-492.5052185058594,98.4330062866211,12.696756362915039,39.43153762817383,-28.013566970825195,-0.6177495121955872,-16.74333381652832,1.1677230596542358,-20.14997100830078,-12.034486770629883,-11.337059020996094,-7.062049388885498,0.509615421295166,101.54409790039062,41.25221633911133,18.32109260559082,33.525447845458984,34.71867752075195,22.989124298095703,22.62415885925293,12.467253684997559,14.360834121704102,11.574710845947266,12.342094421386719,8.559298515319824,7.719949722290039,222.94497465499018,22.3874772771706,0.014240548945963383,0.01296533178538084,1886.3024896490201,1178.6370377568237,1816.7256905064087,417.717949389933,103.359375,0.0,024270197
/workspaces/Pronounciation_evaluation/data/raw/WAVE/SPEAKER2427/024270292.WAV,-482.8500671386719,95.42230987548828,15.457381248474121,37.131317138671875,-43.950828552246094,4.256002902984619,-16.265716552734375,-8.05412483215332,-12.49072265625,-14.364585876464844,-6.527758598327637,-3.0625429153442383,-0.07386500388383865,97.42738342285156,47.7662353515625,24.439342498779297,33.5918083190918,35.361968994140625,22.87297248840332,16.987783432006836,13.876129150390625,14.353903770446777,9.950170516967773,10.64841079711914,8.851646423339844,10.080671310424805,198.45330840904177,70.38355944592567,0.01857989840209484,0.016987910494208336,1971.5006300795494,1212.7491805080476,1729.659763311557,519.8124528829655,123.046875,0.0,024270292
/workspaces/Pronounciation_evaluation/data/raw/WAVE/SPEAKER2427/024270051.WAV,-409.91143798828125,93.29780578613281,-4.969638824462891,9.495213508605957,-32.37531661987305,9.86505126953125,-15.60869312286377,-16.442832946777344,-15.290736198425293,-2.6334993839263916,-6.4298577308654785,-11.273621559143066,-3.032844305038452,109.57251739501953,60.50819396972656,38.253238677978516,31.327367782592773,32.09452438354492,21.8360595703125,24.19576072692871,18.101211547851562,14.853936195373535,8.618051528930664,8.358846664428711,11.043556213378906,9.049100875854492,203.88800992725263,88.87140817280525,0.027238082140684128,0.027719873934984207,2018.813004425661,1342.6315298191917,1599.1164851043313,475.03843055693574,161.4990234375,0.0,024270051
/workspaces/Pronounciation_evaluation/data/raw/WAVE/SPEAKER2427/024270057.WAV,-442.0203857421875,76.12092590332031,3.920971393585205,35.63539505004883,-35.65635299682617,14.064163208007812,-20.171052932739258,-7.285765171051025,-17.487030029296875,-4.349592208862305,-4.626418113708496,-11.65041446685791,-2.809293746948242,119.61636352539062,47.047447204589844,33.27674102783203,36.78363037109375,36.737125396728516,25.480884552001953,23.877735137939453,15.789899826049805,13.088218688964844,11.652978897094727,7.447620868682861,9.288597106933594,7.124578952789307,228.79661996822952,66.22901205541831,0.0225970521569252,0.022115029394626617,2419.668483478408,1488.1409029859922,1849.2543426993348,423.07479189718777,112.34714673913044,0.0,024270057
/workspaces/Pronounciation_evaluation/data/raw/WAVE/SPEAKER2427/024270168.WAV,-511.0909423828125,97.31654357910156,6.2796454429626465,32.30101013183594,-29.231164932250977,6.861194610595703,-16.28166389465332,1.5945279598236084,-10.40333366394043,-10.856155395507812,-9.584567070007324,-7.759021759033203,0.3759980797767639,106.53321075439453,44.4577751159668,20.828596115112305,39.795536041259766,34.83216857910156,19.71625518798828,21.357486724853516,10.751508712768555,13.904830932617188,12.303190231323242,8.719608306884766,7.627680778503418,8.10760498046875,202.582537436675,113.17952949374283,0.010319867171347141,0.01107688806951046,2037.8158044594986,1113.7312447621862,1836.8766768417731,394.18440548398644,107.666015625,0.0,024270168
/workspaces/Pronounciation_evaluation/data/raw/WAVE/SPEAKER2427/024270176.WAV,-504.86376953125,80.54850006103516,6.35582971572876,48.13502502441406,-30.19334602355957,5.1476216316223145,-19.200380325317383,6.801702499389648,-13.695330619812012,-11.829229354858398,-8.673291206359863,-8.289870262145996,0.056485921144485474,103.05659484863281,37.97482681274414,25.52995491027832,31.634180068969727,32.46933364868164,18.766204833984375,18.70401382446289,16.790952682495117,13.829164505004883,10.532691955566406,7.652124404907227,7.035321235656738,9.558798789978027,231.43249632799572,17.408725819516263,0.011338334530591965,0.012068565003573895,2277.5976146885946,1316.9167950720584,1905.8470103469185,356.1307136229957,135.99917763157896,0.0,024270176
/workspaces/Pronounciation_evaluation/data/raw/WAVE/SPEAKER2427/024270053.WAV,-444.6448669433594,69.60712432861328,15.384528160095215,37.05887985229492,-23.97982406616211,4.8828582763671875,-14.95992374420166,-10.88475513458252,-13.845952987670898,-7.365606307983398,-3.507106065750122,-7.697727203369141,-1.6773654222488403,111.7097396850586,37.89079284667969,28.508541107177734,29.045278549194336,34.91059112548828,24.09729766845703,22.699228286743164,20.54392433166504,15.119194984436035,10.920051574707031,7.05764627456665,8.728838920593262,7.9108076095581055,203.06201399444473,79.16375290105584,0.025831690058112144,0.030292976647615433,2035.6744782502637,1253.961508045993,1845.6527220002122,428.45785797892233,143.5546875,0.0,024270053
/workspaces/Pronounciation_evaluation/data/raw/WAVE/SPEAKER2427/024270077.WAV,-469.3500671386719,90.43890380859375,10.505995750427246,26.00196647644043,-28.714923858642578,4.497011184692383,-13.853425025939941,-2.444704055786133,-11.349263191223145,-2.32421612739563,-1.7932384014129639,-6.941112041473389,-3.8446130752563477,126.93534088134766,39.80393981933594,28.511804580688477,27.9680118560791,39.294795989990234,28.0540771484375,20.80289649963379,15.59846305847168,14.119619369506836,7.901662826538086,8.398838996887207,7.427733898162842,6.82916784286499,190.95525269903595,95.58699012755764,0.017462637275457382,0.018705420196056366,1872.601376621376,1042.5681735702358,1831.6813397084277,319.7143713684308,129.19921875,0.0,024270077
/workspaces/Pronounciation_evaluation/data/raw/WAVE/SPEAKER2427/024270011.WAV,-424.67694091796875,98.10517883300781,-3.193908929824829,28.82068634033203,-34.128482818603516,1.2249611616134644,-6.190267086029053,-3.2533600330352783,-28.802734375,-8.699217796325684,-0.37424221634864807,-12.709121704101562,-6.060113430023193,103.52767944335938,43.500755310058594,30.67425537109375,25.11859703063965,31.76840591430664,21.30123519897461,20.61418914794922,16.309240341186523,16.410526275634766,10.172950744628906,7.459817886352539,10.308364868164062,11.23478889465332,232.86251114099497,49.24104733991859,0.03175211325287819,0.026543131098151207,1889.8909624773494,1193.3685853370143,1712.019734314797,568.3242649927413,135.99917763157896,0.0,024270011
/workspaces/Pronounciation_evaluation/data/raw/WAVE/SPEAKER2427/024270245.WAV,-480.7701416015625,88.92837524414062,-2.249558687210083,41.982479095458984,-34.65372085571289,12.655153274536133,-17.22120475769043,1.9283820390701294,-13.942654609680176,-12.632533073425293,-10.05550479888916,-4.644230842590332,0.6257289052009583,99.94059753417969,49.13868713378906,33.627418518066406,34.82872772216797,29.003639221191406,25.653013229370117,16.309114456176758,14.145068168640137,15.453635215759277,10.67267894744873,9.146141052246094,8.757241249084473,9.060585975646973,198.97616971821915,73.56925451899377,0.010888604447245598,0.008764701895415783,2289.6896332687716,1366.2690263984687,1804.4115170020602,426.7002887833966,103.359375,0.0,024270245
/workspaces/Pronounciation_evaluation/data/raw/WAVE/SPEAKER2427/024270019.WAV,-422.506103515625,76.57954406738281,5.954467296600342,46.55415344238281,-35.322837829589844,10.20762825012207,-17.234601974487305,-3.8670337200164795,-23.602128982543945,-10.717297554016113,-6.016702651977539,-8.240629196166992,-7.440209865570068,108.58721160888672,44.78172302246094,31.76137351989746,33.87700271606445,33.53838348388672,25.15553855895996,21.45769500732422,15.305580139160156,14.995967864990234,11.912483215332031,7.25210428237915,9.501953125,9.306480407714844,220.48232627344314,94.28647871643908,0.02364901453256607,0.023634474724531174,2511.959048797561,1412.8745201803995,1951.6618110103739,463.0175323558198,99.38401442307692,0.0,024270019
/workspaces/Pronounciation_evaluation/data/raw/WAVE/SPEAKER2427/024270336.WAV,-488.2617492675781,102.46610260009766,-5.796939373016357,33.40132522583008,-24.130111694335938,8.782552719116211,-9.445169448852539,6.06846809387207,-9.733720779418945,-6.863056182861328,-1.9829552173614502,-7.661421298980713,-4.360894203186035,118.3094482421875,43.9032096862793,37.70234298706055,24.07381820678711,29.28563690185547,20.96908187866211,18.875568389892578,12.47137451171875,15.467168807983398,9.71132755279541,8.380732536315918,9.070993423461914,7.348076343536377,179.84371492661685,75.06260588565996,0.011468101292848587,0.01197966281324625,2027.8740050127628,1111.4625150177967,1827.0072969661371,450.47278901152896,80.74951171875,0.0,024270336
/workspaces/Pronounciation_evaluation/data/raw/WAVE/SPEAKER2427/024270206.WAV,-504.0086669921875,85.37236785888672,4.17471170425415,24.97539520263672,-25.31287384033203,6.887696266174316,-14.206993103027344,6.011422634124756,-10.706893920898438,-2.9056296348571777,-9.699114799499512,-7.859158515930176,-0.7086940407752991,114.0817642211914,44.92961883544922,36.50129318237305,27.607776641845703,27.11764907836914,23.945690155029297,21.000383377075195,16.560165405273438,12.574102401733398,6.930829048156738,10.174493789672852,6.950140476226807,7.418231964111328,216.5232959643007,61.022548386345726,0.011298710480332375,0.012399937026202679,2345.352364745181,1481.393292125633,1899.4294439066698,475.49979349454316,129.19921875,0.0,024270206
/workspaces/Pronounciation_evaluation/data/raw/WAVE/SPEAKER9618/096180012.WAV,-348.6809387207031,108.27676391601562,-15.779690742492676,16.518293380737305,-34.009212493896484,9.22448444366455,-31.63071060180664,3.4455950260162354,-19.49847984313965,-4.233898162841797,-8.255549430847168,-15.6804780960083,1.595668911933899,99.21125793457031,45.5626106262207,34.853546142578125,36.88958740234375,29.929208755493164,18.2495059967041,24.073694229125977,13.156351089477539,17.032119750976562,10.547778129577637,7.405009746551514,11.55668830871582,5.975767612457275,212.937234869443,72.39795587996481,0.032830677926540375,0.02842826582491398,2057.496693452558,1016.1540925413696,1853.6132244340727,453.3575217560975,123.046875,0.0,096180012
/workspaces/Pronounciation_evaluation/data/raw/WAVE/SPEAKER9618/096180028.WAV,-370.2792663574219,104.68302154541016,1.8133004903793335,12.911904335021973,-27.50703239440918,-4.53715181350708,-20.41541862487793,0.720234215259552,-19.953237533569336,-4.8367509841918945,-3.6437878608703613,-9.899006843566895,2.630160093307495,102.4432144165039,33.50706481933594,31.042911529541016,28.552112579345703,24.514917373657227,17.85670280456543,22.157724380493164,14.344443321228027,17.955232620239258,10.902278900146484,8.847140312194824,10.978657722473145,7.239831447601318,272.5846263467575,130.8887470381073,0.03802473843097687,0.04018295183777809,1679.4342227215511,768.3181033404941,1783.8922251422691,414.1063225342097,107.666015625,0.0,096180028
/workspaces/Pronounciation_evaluation/data/raw/WAVE/SPEAKER9618/096180004.WAV,-346.3056945800781,123.46831512451172,-23.801679611206055,-2.2424893379211426,-32.60853958129883,10.862937927246094,-30.055315017700195,2.3185551166534424,-17.379405975341797,1.05169677734375,-7.619265556335449,-13.568050384521484,5.463979244232178,107.85433197021484,38.34214782714844,37.29436492919922,23.69322395324707,22.552553176879883,17.845104217529297,24.895980834960938,15.220173835754395,14.968786239624023,9.479921340942383,8.285490036010742,11.191681861877441,5.398320198059082,194.82474942112782,62.355401427761855,0.03847949951887131,0.032699234783649445,1784.4263126185133,809.4454071280609,1758.172192817577,426.47360721477463,151.99908088235293,0.0,096180004
/workspaces/Pronounciation_evaluation/data/raw/WAVE/SPEAKER9618/096180015.WAV,-372.9195556640625,128.74368286132812,5.334139823913574,-3.3996469974517822,-35.95835494995117,-2.864253044128418,-19.065109252929688,-2.909496307373047,-16.20620346069336,-1.2878001928329468,-6.955385684967041,-11.045036315917969,3.0813958644866943,104.1834487915039,37.236751556396484,35.56642532348633,26.1146240234375,28.307790756225586,16.960647583007812,20.992273330688477,11.95104694366455,15.120891571044922,10.364412307739258,9.977295875549316,9.166831970214844,8.680452346801758,212.95707134442506,60.850439667460776,0.03675515204668045,0.03491291031241417,1411.193522940584,482.6029615866578,1596.2234058008569,420.35250666196737,129.19921875,0.0,096180015
/workspaces/Pronounciation_evaluation/data/raw/WAVE/SPEAKER9618/096180021.WAV,-361.68377685546875,119.93585205078125,-7.03098726272583,14.283430099487305,-32.561431884765625,2.967228889465332,-25.130962371826172,3.3722827434539795,-25.574996948242188,-4.5045552253723145,-9.770452499389648,-14.52000904083252,3.3610754013061523,103.24752044677734,32.759971618652344,35.32816696166992,27.82319450378418,24.703712463378906,16.03885841369629,20.587963104248047,15.779271125793457,17.844213485717773,11.337220191955566,8.615864753723145,9.204378128051758,6.895612716674805,220.29572476411758,99.59173137405911,0.032158974558115005,0.027487697079777718,1679.7545446948532,666.3680849843728,1825.0029743516286,386.13764063446826,129.19921875,0.0,096180021
/workspaces/Pronounciation_evaluation/data/raw/WAVE/SPEAKER9618/096180007.WAV,-353.2343444824219,114.74916076660156,-12.779561042785645,6.846071720123291,-38.10721969604492,7.217258930206299,-34.598289489746094,5.12786865234375,-20.290937423706055,-1.779253602027893,-8.042204856872559,-10.049551010131836,7.43651819229126,101.28252410888672,38.12792205810547,35.4034538269043,26.695219039916992,24.785640716552734,16.009273529052734,23.75609588623047,16.163787841796875,14.430794715881348,10.119803428649902,9.880979537963867,9.484106063842773,8.114829063415527,239.8354569422349,75.96600059374445,0.035166870802640915,0.032060861587524414,2006.6106225070037,990.2230654129805,1919.31118660587,426.1459647735562,117.45383522727273,0.0,096180007
/workspaces/Pronounciation_evaluation/data/raw/WAVE/SPEAKER9618/096180002.WAV,-376.6605224609375,115.14322662353516,4.378446102142334,5.402626991271973,-30.87230682373047,-0.4510079026222229,-22.13946533203125,-3.5171010494232178,-19.63173484802246,-3.0414164066314697,-12.064498901367188,-12.28091049194336,8.366881370544434,103.66976928710938,40.3116340637207,30.313037872314453,26.931381225585938,25.39021110534668,14.865785598754883,26.55025863647461,14.273270606994629,16.985198974609375,10.001079559326172,9.303030967712402,9.946758270263672,8.29448127746582,204.6093422351343,88.72605363036556,0.039790187031030655,0.03718715161085129,1617.3778179497392,814.5006138830696,1717.0610722514857,451.9789086487278,135.99917763157896,0.0,096180002
/workspaces/Pronounciation_evaluation/data/raw/WAVE/SPEAKER9618/096180009.WAV,-364.729248046875,112.60198211669922,-10.669246673583984,6.741923809051514,-25.391765594482422,0.26390311121940613,-26.44666290283203,-0.7015959024429321,-14.960999488830566,-1.2758821249008179,-7.373533725738525,-12.193612098693848,5.534912586212158,118.96241760253906,35.5556755065918,34.660606384277344,22.031892776489258,28.40968894958496,15.183309555053711,23.567399978637695,12.186095237731934,15.601694107055664,9.769588470458984,8.688794136047363,9.082686424255371,8.073562622070312,209.49914712640071,71.30008030867133,0.041911669075489044,0.04467422887682915,1639.1680877907777,584.7864149446445,1757.3949860104237,354.47917130213693,123.046875,0.0,096180009
/workspaces/Pronounciation_evaluation/data/raw/WAVE/SPEAKER9618/096180019.WAV,-348.1692810058594,109.9616928100586,-19.31324577331543,7.2662224769592285,-21.891761779785156,4.736687660217285,-32.632328033447266,5.772652626037598,-17.548992156982422,0.5785610675811768,-6.003852844238281,-15.697578430175781,0.524943470954895,103.23115539550781,31.380905151367188,37.171871185302734,28.578264236450195,19.47922134399414,19.418840408325195,22.286579132080078,14.10264778137207,16.93580436706543,11.372187614440918,7.577154636383057,11.872747421264648,6.0734453201293945,254.76133584256817,93.12264394430218,0.03128638118505478,0.03209449723362923,1926.5295761021603,773.4846917546232,1890.5655731877478,363.49802004815024,129.19921875,0.0,096180019
/workspaces/Pronounciation_evaluation/data/raw/WAVE/SPEAKER9618/096180022.WAV,-365.68780517578125,102.07137298583984,0.8007113933563232,19.40256690979004,-29.30451202392578,-0.021191338077187538,-27.918176651000977,3.6221365928649902,-25.509254455566406,-2.2476887702941895,-8.040299415588379,-10.975653648376465,5.348064422607422,102.49417114257812,29.327388763427734,33.176002502441406,25.925188064575195,24.88492774963379,16.51219940185547,21.806732177734375,11.844643592834473,19.130979537963867,11.205448150634766,8.92768383026123,8.868316650390625,6.20791482925415,260.13932814823687,90.82141223904108,0.03716086596250534,0.03655001521110535,1876.326336432372,703.3283275747996,2019.8214286228636,343.83216344607285,135.99917763157896,0.0,096180022
/workspaces/Pronounciation_evaluation/data/raw/WAVE/SPEAKER9618/096180017.WAV,-342.20831298828125,108.46802520751953,-13.66177749633789,-1.9712010622024536,-28.85790252685547,3.266411542892456,-31.757966995239258,0.605244517326355,-13.794402122497559,1.3747469186782837,-7.736142635345459,-12.002562522888184,2.9240972995758057,98.63358306884766,44.029415130615234,32.62979507446289,27.50313949584961,24.807355880737305,18.35579490661621,23.604137420654297,15.258013725280762,14.659398078918457,10.184931755065918,10.111638069152832,10.379324913024902,7.337127208709717,242.21932034461588,26.50962121264602,0.03910379484295845,0.03912320360541344,1924.753036434799,922.3498871945093,1812.8925440594994,443.26229241487084,123.046875,0.0,096180017
/workspaces/Pronounciation_evaluation/data/raw/WAVE/SPEAKER9618/096180011.WAV,-371.9721374511719,97.65005493164062,-2.7238152027130127,14.931827545166016,-27.289316177368164,1.9154914617538452,-28.397520065307617,-1.045012354850769,-20.13973045349121,-6.321018218994141,-5.739049434661865,-9.229640007019043,4.794363021850586,107.199462890625,33.789608001708984,27.761932373046875,28.452871322631836,24.7821044921875,17.187301635742188,27.538114547729492,13.121317863464355,17.288686752319336,8.060003280639648,8.024521827697754,10.717276573181152,5.486936569213867,195.06585733636368,75.98537295828963,0.0377289243042469,0.04063596576452255,1938.8173792526325,715.2489514732478,1981.8772123904353,437.81103183618626,129.19921875,0.0,096180011
/workspaces/Pronounciation_evaluation/data/raw/WAVE/SPEAKER9618/096180001.WAV,-353.938720703125,99.03445434570312,-1.584078311920166,11.426105499267578,-26.636411666870117,4.651122093200684,-32.5399169921875,-0.7040371298789978,-19.964271545410156,3.831174373626709,-14.030652046203613,-12.918561935424805,7.847874641418457,97.18879699707031,38.490203857421875,31.638648986816406,31.362995147705078,23.845701217651367,16.69923210144043,24.1733341217041,13.672740936279297,18.782886505126953,12.307252883911133,10.188508033752441,9.524199485778809,7.825926303863525,234.86499062157603,94.91195055651075,0.03225531429052353,0.030767448246479034,2090.9861887103216,900.1337582682845,2046.3729020058809,433.84752872166104,103.359375,0.0,096180001
/workspaces/Pronounciation_evaluation/data/raw/WAVE/SPEAKER9618/096180026.WAV,-363.31390380859375,114.48492431640625,-8.83011531829834,2.856050968170166,-32.44474792480469,0.5762332081794739,-22.977210998535156,3.7023744583129883,-20.921030044555664,-0.9621366262435913,-3.802863836288452,-14.298961639404297,4.039487361907959,110.49993896484375,32.91067886352539,30.578332901000977,27.447162628173828,27.968149185180664,15.01545238494873,22.000022888183594,13.96614933013916,18.21666717529297,10.623374938964844,8.858219146728516,12.165675163269043,7.102349281311035,204.33414333650987,74.03219096612911,0.03889178857207298,0.041009675711393356,1726.0820912916263,682.0925274080198,1812.059890588712,384.67735899542004,117.45383522727273,0.0,096180026
/workspaces/Pronounciation_evaluation/data/raw/WAVE/SPEAKER9618/096180027.WAV,-375.7007141113281,120.15716552734375,-3.3313019275665283,-4.170114994049072,-31.544353485107422,-6.0720319747924805,-18.62591552734375,11.991888999938965,-18.759870529174805,-4.850106716156006,-2.750544309616089,-10.15119457244873,4.753140926361084,110.44723510742188,39.99238967895508,35.463531494140625,27.31110191345215,26.821632385253906,15.659531593322754,22.95001983642578,15.386046409606934,19.76725959777832,9.24647331237793,8.634269714355469,10.766051292419434,8.169642448425293,260.1680705929003,108.02989018047764,0.03684835880994797,0.03813011199235916,1621.3861900357088,740.1903631550301,1700.0009163972438,472.12758038099156,92.28515625,0.0,096180027
/workspaces/Pronounciation_evaluation/data/raw/WAVE/SPEAKER9618/096180024.WAV,-376.77569580078125,112.38092041015625,9.576369285583496,1.9518440961837769,-32.36763000488281,-3.4716036319732666,-17.283666610717773,0.48006772994995117,-21.19467544555664,-7.72413444519043,-7.108108043670654,-9.972501754760742,5.820247173309326,93.27471923828125,38.88094711303711,28.75712013244629,21.740461349487305,27.231454849243164,17.718252182006836,20.968019485473633,13.629912376403809,15.991279602050781,10.469600677490234,9.596856117248535,9.560315132141113,8.402544975280762,236.70507796296374,90.24557049702587,0.03996763378381729,0.04102420434355736,1594.6183698010364,799.7784142755982,1718.8976468326546,543.3161113326349,123.046875,0.0,096180024
/workspaces/Pronounciation_evaluation/data/raw/WAVE/SPEAKER9618/096180010.WAV,-358.630859375,98.44679260253906,-4.257735729217529,1.6356183290481567,-37.867271423339844,7.4518842697143555,-30.772974014282227,0.9692386984825134,-18.300073623657227,-2.6933140754699707,-5.49556303024292,-10.627225875854492,7.53305721282959,115.7543716430664,35.078575134277344,39.41366195678711,24.045265197753906,28.298656463623047,20.402862548828125,27.021167755126953,14.343846321105957,16.01769256591797,9.909261703491211,7.528284549713135,9.827699661254883,5.960235595703125,248.9476398548992,93.0113783707281,0.04043154790997505,0.04342960566282272,2075.2183397681256,974.8031930465733,1955.7047368308563,479.6573383081248,161.4990234375,0.0,096180010
/workspaces/Pronounciation_evaluation/data/raw/WAVE/SPEAKER9618/096180016.WAV,-370.57843017578125,104.5129623413086,-12.47084903717041,19.816062927246094,-25.22028160095215,7.410290718078613,-25.099302291870117,-2.5077953338623047,-15.658472061157227,-1.726284384727478,-9.25513744354248,-12.20179557800293,1.6131601333618164,104.10546112060547,38.39004135131836,36.37353515625,33.67009735107422,25.088281631469727,17.226675033569336,24.1181697845459,11.373239517211914,16.421077728271484,11.98988151550293,8.713568687438965,10.22638988494873,7.035138130187988,219.3032904874691,69.25845769197869,0.032848015427589417,0.03266926482319832,1884.9882859679444,936.0564346907174,1787.6049888091488,386.60127651755954,151.99908088235293,0.0,096180016
/workspaces/Pronounciation_evaluation/data/raw/WAVE/SPEAKER9618/096180025.WAV,-376.3070068359375,108.59246826171875,0.7345147728919983,23.608455657958984,-32.723880767822266,2.9092915058135986,-23.655336380004883,4.790946006774902,-23.531028747558594,-7.378325939178467,-8.40320110321045,-10.154426574707031,5.182769298553467,105.98131561279297,36.19761276245117,35.724788665771484,30.71359634399414,24.873966217041016,18.474214553833008,22.770565032958984,12.843738555908203,17.540401458740234,11.187355995178223,9.646890640258789,9.35693645477295,6.266860008239746,248.01142428567516,48.07085598327177,0.03459031879901886,0.02955823764204979,1799.9232648485615,974.2965740569914,1843.902734235525,378.7590949495521,117.45383522727273,0.0,096180025
/workspaces/Pronounciation_evaluation/data/raw/WAVE/SPEAKER9618/096180023.WAV,-382.2842102050781,104.0436019897461,8.636115074157715,-0.3763886094093323,-32.38890838623047,-1.3531849384307861,-18.300783157348633,2.1364376544952393,-20.254301071166992,-3.752511501312256,-6.36121940612793,-10.432458877563477,2.9452507495880127,115.3955307006836,37.38805389404297,31.679065704345703,25.765657424926758,27.8741455078125,17.467391967773438,22.266334533691406,11.601568222045898,18.30767059326172,12.061800003051758,9.578695297241211,10.008146286010742,6.614495277404785,268.2959582803476,69.58886410606975,0.03552756458520889,0.03985167667269707,1757.4889679154908,849.2060101174495,1845.8229128094943,432.72829979394123,99.38401442307692,0.0,096180023
/workspaces/Pronounciation_evaluation/data/raw/WAVE/SPEAKER9618/096180018.WAV,-355.75640869140625,104.07793426513672,-15.475464820861816,15.207216262817383,-34.41795349121094,9.5780668258667,-33.10952377319336,4.404112339019775,-20.080549240112305,-1.1340824365615845,-8.95651912689209,-12.3666353225708,4.292145252227783,103.93438720703125,35.08516311645508,38.709503173828125,29.801485061645508,24.05482292175293,18.651321411132812,26.324617385864258,17.26191520690918,15.995646476745605,11.464856147766113,8.651714324951172,9.39075756072998,8.585237503051758,206.73073618820314,69.6509252168664,0.03549407050013542,0.03334571421146393,2142.7649465006225,1080.1676535014963,1942.0920783895237,418.950745601249,129.19921875,0.0,096180018
/workspaces/Pronounciation_evaluation/data/raw/WAVE/SPEAKER9618/096180014.WAV,-383.46868896484375,106.94354248046875,0.6863877773284912,3.3063812255859375,-26.71847915649414,4.982334613800049,-19.00768280029297,-0.8136510252952576,-14.182592391967773,-0.001970740733668208,-2.77105712890625,-10.38463306427002,4.692246437072754,112.15288543701172,37.11979293823242,29.70905876159668,26.586191177368164,30.618959426879883,19.209884643554688,23.93424415588379,13.965590476989746,18.19415855407715,9.975396156311035,8.045427322387695,10.121203422546387,8.508544921875,210.792456955153,105.49561242260603,0.03290447220206261,0.041053686290979385,1769.4569609841742,793.0830721237961,1787.880717172618,376.1557361049162,123.046875,0.0,096180014
/workspaces/Pronounciation_evaluation/data/raw/WAVE/SPEAKER9618/096180005.WAV,-398.8779296875,97.51458740234375,-9.388663291931152,-1.891585111618042,-17.41227912902832,4.758013725280762,-23.518678665161133,5.539556503295898,-12.058209419250488,-0.898123025894165,-3.9163498878479004,-7.834524154663086,4.912752151489258,109.57034301757812,39.80778503417969,35.18243408203125,34.37755584716797,22.854507446289062,15.232638359069824,26.570051193237305,12.585458755493164,16.8770751953125,11.349210739135742,7.874574661254883,9.011855125427246,7.036807060241699,235.18791896148497,76.67266265479476,0.028075704351067543,0.03815745562314987,1991.0004096994362,771.8439121127202,1920.8732526451731,446.77968078443456,129.19921875,0.0,096180005
/workspaces/Pronounciation_evaluation/data/raw/WAVE/SPEAKER9618/096180020.WAV,-394.5483093261719,108.77561950683594,-0.09718871116638184,-1.3992685079574585,-16.84001350402832,0.18403984606266022,-24.475004196166992,3.2142510414123535,-7.977276802062988,-3.377342939376831,-8.53713607788086,-11.504254341125488,3.9964239597320557,112.74881744384766,36.40803909301758,35.58271408081055,22.923450469970703,21.234699249267578,11.859861373901367,27.372224807739258,10.771309852600098,14.540663719177246,11.07341480255127,10.08278751373291,11.27118968963623,8.66357135772705,194.39979471493558,109.75006733329016,0.028807876631617546,0.03614899888634682,1636.6103798806614,455.5825045423304,1798.3209753112412,382.316165755714,129.19921875,0.0,096180020
/workspaces/Pronounciation_evaluation/data/raw/WAVE/SPEAKER9618/096180008.WAV,-364.9657287597656,120.02787017822266,-9.357999801635742,1.703725814819336,-33.32019805908203,9.477742195129395,-26.163976669311523,-4.279683589935303,-20.448123931884766,-1.8122413158416748,-5.94711446762085,-11.989168167114258,3.9361038208007812,109.60076904296875,35.76871109008789,35.35918045043945,24.592679977416992,30.11545753479004,16.635507583618164,23.912723541259766,14.347585678100586,18.725505828857422,12.66123104095459,8.253961563110352,11.410233497619629,6.885215759277344,240.0008672047274,23.733602319256498,0.03835751861333847,0.03500215709209442,1626.80817556978,658.9416756649742,1750.358822513837,369.7444896544811,129.19921875,0.0,096180008
/workspaces/Pronounciation_evaluation/data/raw/WAVE/SPEAKER9618/096180013.WAV,-365.19775390625,130.8266143798828,-1.2554854154586792,-8.667922973632812,-39.64328384399414,-0.14873605966567993,-19.358240127563477,1.5292636156082153,-17.15104866027832,0.4079010784626007,-7.3708648681640625,-14.96377182006836,4.792280197143555,106.6322021484375,37.390541076660156,32.79745101928711,21.950759887695312,28.082775115966797,14.906038284301758,21.235759735107422,12.234234809875488,14.373397827148438,8.92553997039795,7.8861470222473145,10.351234436035156,8.548453330993652,258.00172339647014,69.58072548051705,0.03674524649977684,0.03663080185651779,1493.4559941425982,554.399933616764,1634.2344902744928,417.51288812951543,99.38401442307692,0.0,096180013
/workspaces/Pronounciation_evaluation/data/raw/WAVE/SPEAKER5029/050290042.WAV,-378.0149230957031,94.3043212890625,-30.23183822631836,73.11713409423828,-45.72766876220703,24.059856414794922,-32.815059661865234,5.987669467926025,-20.997861862182617,-13.01320743560791,-2.521679401397705,-10.782949447631836,-0.3013466000556946,67.18878936767578,31.864843368530273,20.57468032836914,27.176477432250977,15.666336059570312,13.224364280700684,12.59667682647705,9.029529571533203,10.698840141296387,6.555717468261719,9.12845516204834,6.805075645446777,6.317256927490234,111.60688332026628,8.081015880466918,0.014088589698076248,0.012255783192813396,2614.0064685060966,832.2823816127922,2045.4102085999568,167.61521376783352,107.666015625,0.0,050290042
/workspaces/Pronounciation_evaluation/data/raw/WAVE/SPEAKER5029/050290060.WAV,-379.2203674316406,104.66261291503906,-4.927670478820801,71.11395263671875,-28.545419692993164,16.93812370300293,-28.24150848388672,7.0420122146606445,-24.045745849609375,-15.2386474609375,-1.2225815057754517,-12.643803596496582,-3.6934666633605957,78.36546325683594,34.59493637084961,19.664094924926758,27.77188491821289,18.723812103271484,13.271208763122559,17.024673461914062,10.013750076293945,12.32735538482666,10.794157028198242,11.510726928710938,7.287970542907715,7.541534423828125,110.8451953873688,9.57887331534828,0.028210973367094994,0.02261432260274887,2067.932211935064,1067.6282681639166,1966.2909106602547,345.5991272745193,117.45383522727273,0.0,050290060
/workspaces/Pronounciation_evaluation/data/raw/WAVE/SPEAKER5029/050290068.WAV,-403.2936096191406,99.47103881835938,-11.327726364135742,66.51045227050781,-32.00308609008789,15.74134635925293,-24.43271255493164,10.075845718383789,-21.20236587524414,-16.484546661376953,-8.796276092529297,-9.74424934387207,-0.7859545350074768,83.66116333007812,37.9276123046875,24.13636016845703,29.7650146484375,19.122346878051758,14.101822853088379,17.723995208740234,11.50666618347168,14.16193675994873,8.930840492248535,10.628804206848145,9.148879051208496,7.399658203125,110.10723975060458,6.16831597543532,0.017185993492603302,0.015751754865050316,2211.0026108425145,928.1556307309065,1972.5351769425688,227.51255411276935,117.45383522727273,0.0,050290068
/workspaces/Pronounciation_evaluation/data/raw/WAVE/SPEAKER5029/050290145.WAV,-366.71221923828125,100.31776428222656,-17.699172973632812,72.71647644042969,-34.290138244628906,27.119592666625977,-32.90730667114258,14.0628080368042,-16.27284049987793,-9.441496849060059,0.6065626740455627,-12.51467227935791,-0.1928001344203949,72.84387969970703,30.704357147216797,23.28389549255371,21.487144470214844,16.848018646240234,13.55288028717041,16.86103057861328,9.611437797546387,12.686792373657227,7.142234802246094,9.938549995422363,6.135836124420166,6.030498504638672,103.0672289788485,6.099142970833901,0.02010554075241089,0.014027613215148449,2340.479023357709,964.6186723878163,2089.284337404166,189.8155765807319,129.19921875,0.0,050290145
/workspaces/Pronounciation_evaluation/data/raw/WAVE/SPEAKER5029/050290149.WAV,-395.4677734375,96.44772338867188,-29.196496963500977,63.241668701171875,-37.91305923461914,28.45697593688965,-28.006412506103516,13.188451766967773,-10.561476707458496,-12.134992599487305,1.1868008375167847,-12.367928504943848,-2.1395630836486816,82.48688507080078,38.69971466064453,23.260957717895508,22.255098342895508,19.55620765686035,15.95500373840332,16.90503692626953,11.91574764251709,15.282480239868164,7.3547043800354,9.047195434570312,7.467148303985596,5.417861461639404,100.70892651094532,8.78631229222721,0.011858241632580757,0.010173800401389599,2548.5352695449265,919.3342210630077,2012.5773747571732,224.53049283535563,129.19921875,0.0,050290149
/workspaces/Pronounciation_evaluation/data/raw/WAVE/SPEAKER5029/050290132.WAV,-386.51300048828125,100.31950378417969,-15.01601791381836,66.75732421875,-33.56098556518555,18.65286636352539,-20.963623046875,8.978973388671875,-26.637269973754883,-11.967477798461914,-0.2292819619178772,-16.022680282592773,0.12276947498321533,79.92186737060547,38.32490158081055,24.645051956176758,25.652463912963867,19.187681198120117,12.28144359588623,13.455517768859863,10.356629371643066,16.72220230102539,10.253332138061523,11.35815715789795,8.889307022094727,5.718056678771973,108.57722758276198,9.3509793878905,0.01898324489593506,0.015241079963743687,2193.5995644710324,919.283248464054,1980.5058954639844,257.31687613253746,107.666015625,0.0,050290132
/workspaces/Pronounciation_evaluation/data/raw/WAVE/SPEAKER5029/050290126.WAV,-375.2741394042969,95.41031646728516,-13.337462425231934,66.61164855957031,-35.38178253173828,25.771535873413086,-23.656911849975586,5.493515968322754,-24.396455764770508,-9.084930419921875,-5.226995944976807,-12.270358085632324,4.534180641174316,75.22843170166016,38.19523239135742,24.248186111450195,26.804800033569336,23.62487030029297,15.42448616027832,15.699889183044434,9.959959983825684,15.929838180541992,7.669490814208984,9.52462387084961,10.30494213104248,7.387833118438721,103.13573733954658,20.833351795911494,0.02123967744410038,0.016537915915250778,2321.8893554197884,1100.5594922475004,1999.0544651108924,236.4173287500359,117.45383522727273,0.0,050290126
/workspaces/Pronounciation_evaluation/data/raw/WAVE/SPEAKER5029/050290028.WAV,-351.97332763671875,106.22172546386719,-24.741926193237305,67.07109832763672,-43.72586441040039,27.76823616027832,-29.544878005981445,12.911299705505371,-20.114871978759766,-12.029370307922363,-0.2558305859565735,-11.119548797607422,1.746097207069397,64.80870819091797,42.35625076293945,22.22626304626465,19.852691650390625,15.443927764892578,13.172123908996582,13.879779815673828,8.876334190368652,9.440427780151367,8.343496322631836,8.978938102722168,7.234357833862305,6.449869632720947,100.48934516216113,6.659250685452484,0.018484780564904213,0.013073190115392208,2388.199260524329,941.2113237051293,2047.429750537705,252.4783934955053,143.5546875,0.0,050290028
/workspaces/Pronounciation_evaluation/data/raw/WAVE/SPEAKER5029/050290038.WAV,-376.34576416015625,109.8785171508789,-22.067913055419922,64.08990478515625,-34.53974533081055,19.457393646240234,-23.927705764770508,4.94789457321167,-20.559707641601562,-14.110393524169922,0.5569632053375244,-13.84659481048584,-2.4979946613311768,58.645973205566406,24.697050094604492,24.154945373535156,26.461944580078125,13.452142715454102,11.32449722290039,14.703108787536621,11.908979415893555,15.149850845336914,8.674604415893555,8.552865028381348,8.38361644744873,6.020761966705322,128.01658164753397,40.37550312498671,0.020192012190818787,0.016202803701162338,1998.8085111340163,654.1696935558141,1944.856253818316,207.96182449450632,107.666015625,0.0,050290038
/workspaces/Pronounciation_evaluation/data/raw/WAVE/SPEAKER5029/050290136.WAV,-376.3294982910156,97.91928100585938,-14.412820816040039,69.59986114501953,-37.501014709472656,31.93118667602539,-33.93613815307617,9.845690727233887,-20.785186767578125,-10.583000183105469,-0.6706074476242065,-13.589794158935547,5.4004998207092285,64.20531463623047,33.485843658447266,22.481046676635742,19.95025062561035,13.972776412963867,16.779354095458984,14.61923885345459,9.071534156799316,10.530802726745605,7.467016220092773,7.829896450042725,6.37111759185791,5.259687423706055,110.5745328212277,7.013678414003582,0.019383931532502174,0.016018543392419815,2537.858364869463,1070.207922802516,2151.7897741035727,288.3205459390968,95.703125,0.0,050290136
/workspaces/Pronounciation_evaluation/data/raw/WAVE/SPEAKER5029/050290120.WAV,-394.3325500488281,112.20411682128906,-14.357483863830566,57.87269973754883,-35.59085464477539,20.77090072631836,-26.740596771240234,5.478213787078857,-14.991667747497559,-13.08463191986084,-1.1006461381912231,-11.049668312072754,-4.078635215759277,74.74322509765625,29.428714752197266,18.352619171142578,23.697134017944336,18.017425537109375,13.440515518188477,14.864493370056152,9.294622421264648,10.456692695617676,7.30511999130249,10.560686111450195,6.49960994720459,8.475130081176758,110.41479367778592,7.80848358531543,0.018607545644044876,0.016805777326226234,2026.3723663718702,761.4569429225194,2006.0046565174634,231.48735005919158,123.046875,0.0,050290120
/workspaces/Pronounciation_evaluation/data/raw/WAVE/SPEAKER5029/050290062.WAV,-356.7264709472656,113.32209777832031,-18.05534553527832,52.832862854003906,-44.46795654296875,21.13820457458496,-29.168888092041016,4.9718403816223145,-20.569536209106445,-15.077333450317383,-2.7220723628997803,-13.902898788452148,-2.7291948795318604,64.6924819946289,35.97334671020508,18.834030151367188,32.02568054199219,19.957448959350586,20.269067764282227,14.923130989074707,10.919654846191406,12.756233215332031,10.852229118347168,11.545178413391113,6.252212047576904,6.591806888580322,110.2831201094925,6.028976134288118,0.02219158597290516,0.018296044319868088,2159.5613608566746,1005.8379811078515,1925.2444255763335,311.07131192668106,117.45383522727273,0.0,050290062
/workspaces/Pronounciation_evaluation/data/raw/WAVE/SPEAKER5029/050290174.WAV,-400.8642578125,86.4970474243164,-21.15814208984375,66.61769104003906,-38.827728271484375,24.041152954101562,-24.1381893157959,8.56345272064209,-20.428319931030273,-10.896895408630371,-3.318463087081909,-11.39169979095459,0.9718418121337891,61.21359634399414,40.579132080078125,24.448789596557617,29.162981033325195,16.102521896362305,16.36398696899414,15.23226547241211,8.719420433044434,17.356388092041016,12.527931213378906,7.529470920562744,9.695310592651367,6.464130401611328,114.8303597729475,7.239676207229438,0.013443714939057827,0.012513014487922192,2598.228156747565,1163.7832672879001,1989.713438799573,194.84494633028152,135.99917763157896,0.0,050290174
/workspaces/Pronounciation_evaluation/data/raw/WAVE/SPEAKER5029/050290079.WAV,-391.1665344238281,97.35826873779297,-23.925220489501953,58.77418899536133,-30.031633377075195,20.139707565307617,-22.28543472290039,7.056596755981445,-10.78170108795166,-10.536581039428711,-1.1483525037765503,-5.557714939117432,-0.7020242810249329,77.19071960449219,24.164180755615234,17.940351486206055,22.06041717529297,12.993818283081055,9.812843322753906,17.297380447387695,9.149866104125977,12.290190696716309,8.08087158203125,8.845052719116211,5.725344657897949,9.051615715026855,114.81139922647556,35.43065299974852,0.013388942927122116,0.012055611237883568,2271.7473372062955,522.2620089854913,2071.39531211707,128.33895284247177,135.99917763157896,0.0,050290079
/workspaces/Pronounciation_evaluation/data/raw/WAVE/SPEAKER5029/050290167.WAV,-428.2732849121094,108.65747833251953,-7.651889801025391,65.22874450683594,-28.970809936523438,21.305952072143555,-22.517343521118164,9.353606224060059,-21.18524932861328,-13.417779922485352,-5.039693832397461,-11.598036766052246,-0.0018727551214396954,55.32065963745117,29.68181800842285,21.95161247253418,23.190027236938477,14.489633560180664,12.98225212097168,15.023569107055664,8.918231964111328,13.895602226257324,7.606295585632324,8.339797019958496,8.032683372497559,5.97109842300415,115.44952330706701,6.079515716757716,0.014167197979986668,0.011615493334829807,1960.3553791134061,940.8863070509277,1971.340464749671,312.2196188296616,112.34714673913044,0.0,050290167
/workspaces/Pronounciation_evaluation/data/raw/WAVE/SPEAKER5029/050290162.WAV,-434.8331298828125,99.70653533935547,-23.925777435302734,61.51096725463867,-33.22004318237305,22.159290313720703,-26.19862174987793,11.031434059143066,-12.866954803466797,-15.38496208190918,-3.2658073902130127,-8.295209884643555,0.7413217425346375,61.97602462768555,25.14696502685547,15.833277702331543,24.433412551879883,14.287693977355957,16.100555419921875,18.486818313598633,8.56811237335205,9.275806427001953,9.155875205993652,10.72176742553711,5.865445613861084,4.73006010055542,113.688977344725,8.522107356916395,0.008580508641898632,0.008331764489412308,2333.6504693010775,760.9018052863428,2055.343173229895,186.52180091179446,117.45383522727273,0.0,050290162
/workspaces/Pronounciation_evaluation/data/raw/WAVE/SPEAKER5029/050290087.WAV,-396.4460144042969,107.9090576171875,-11.282193183898926,65.67413330078125,-30.098440170288086,14.8295316696167,-23.827991485595703,5.918550491333008,-21.9918155670166,-13.00528621673584,-5.126152038574219,-9.857656478881836,-1.7877923250198364,71.2699966430664,33.565895080566406,23.236618041992188,25.66580581665039,19.161733627319336,12.212621688842773,14.073248863220215,12.232157707214355,12.02892017364502,8.93297290802002,11.979315757751465,8.725221633911133,7.045236587524414,114.85713662973691,6.0340233385451,0.017896011471748352,0.014214372262358665,1998.7683871010388,876.2935537070555,1936.6378520052249,250.45723360511627,107.666015625,0.0,050290087
/workspaces/Pronounciation_evaluation/data/raw/WAVE/SPEAKER5029/050290129.WAV,-391.08575439453125,105.99071502685547,-11.124038696289062,56.30604553222656,-33.524681091308594,21.58506965637207,-21.132862091064453,9.309285163879395,-23.990896224975586,-9.500579833984375,4.8824357986450195,-13.805216789245605,0.573050856590271,79.14714813232422,38.274322509765625,13.860158920288086,26.8527889251709,19.10348129272461,16.456905364990234,15.407342910766602,11.310225486755371,16.30364990234375,7.513404369354248,12.441429138183594,9.589038848876953,5.739863395690918,108.73696246519377,14.865287058295333,0.017410270869731903,0.01505982130765915,2194.1088647220304,975.1532282646767,2010.4732495752355,239.42729388430214,107.666015625,0.0,050290129
/workspaces/Pronounciation_evaluation/data/raw/WAVE/SPEAKER5029/050290156.WAV,-425.2300720214844,99.06916809082031,-16.612749099731445,55.874027252197266,-38.61310577392578,18.598390579223633,-17.081573486328125,8.186766624450684,-24.738122940063477,-11.447888374328613,-0.9223726987838745,-10.07601547241211,2.8359031677246094,93.021240234375,37.80950164794922,16.59071159362793,22.40959358215332,22.931575775146484,9.447032928466797,12.400638580322266,10.287064552307129,18.94031524658203,9.132092475891113,11.487370491027832,8.211405754089355,7.152096748352051,77.21265162114783,28.930608694570193,0.01252868864685297,0.014437367208302021,2314.833217791662,773.6006513797167,2064.9092977473383,116.96486337191506,103.359375,0.0,050290156
/workspaces/Pronounciation_evaluation/data/raw/WAVE/SPEAKER5029/050290009.WAV,-375.4910583496094,96.87940979003906,-20.557193756103516,67.53772735595703,-39.951133728027344,21.825035095214844,-32.3126335144043,13.322688102722168,-16.088687896728516,-13.816115379333496,-2.9582626819610596,-11.520615577697754,1.725481390953064,75.8861312866211,38.050968170166016,22.969654083251953,23.391685485839844,17.535785675048828,14.426030158996582,14.31711196899414,11.277155876159668,12.453453063964844,8.183624267578125,10.780322074890137,6.464031219482422,7.998011112213135,109.84876997570285,29.435267553309522,0.01855912059545517,0.015888802707195282,2491.2021692791022,969.699651040066,2062.574696200115,240.276376764276,107.666015625,0.0,050290009
/workspaces/Pronounciation_evaluation/data/raw/WAVE/SPEAKER9646/096460021.WAV,-386.9255065917969,133.5298309326172,-7.847644805908203,28.67943572998047,-19.048519134521484,8.027018547058105,-1.545120358467102,-0.04706629738211632,-5.982850551605225,0.4310262203216553,-1.4070981740951538,-1.8484776020050049,-1.8615360260009766,91.59403228759766,37.39629364013672,19.207002639770508,24.42177391052246,26.757362365722656,21.480642318725586,12.230901718139648,11.5121431350708,13.293543815612793,8.233745574951172,10.794644355773926,5.687875747680664,7.390934944152832,164.69840346560952,85.33356240954281,0.03520873561501503,0.03267809748649597,1454.280552140702,836.3091534094749,1553.0773054539738,439.2318359700744,172.265625,0.0,096460021
/workspaces/Pronounciation_evaluation/data/raw/WAVE/SPEAKER9646/096460013.WAV,-384.834716796875,139.1547393798828,-4.769990921020508,14.096510887145996,-26.59736442565918,14.236802101135254,0.059240035712718964,3.2804410457611084,-6.233099460601807,4.988621234893799,0.54012131690979,-1.0154290199279785,-2.961371660232544,101.47101593017578,41.94618225097656,19.29570770263672,20.432565689086914,26.823379516601562,14.62155818939209,15.768625259399414,10.101853370666504,14.1229829788208,8.157255172729492,9.396236419677734,7.510097980499268,8.902509689331055,187.42166107943157,79.63145628438429,0.03573781996965408,0.03559158742427826,1454.655052184707,723.2850941587235,1598.978334322951,471.1133603767323,123.046875,0.0,096460013
/workspaces/Pronounciation_evaluation/data/raw/WAVE/SPEAKER9646/096460012.WAV,-395.3006286621094,133.88540649414062,-5.530972480773926,18.786394119262695,-18.357173919677734,13.111858367919922,2.634812593460083,1.152057409286499,-9.348001480102539,3.619119882583618,-0.5793715715408325,-1.4486557245254517,-3.3752026557922363,93.42403411865234,36.95148468017578,20.46709632873535,24.215267181396484,23.37088394165039,17.715925216674805,13.371281623840332,11.223114013671875,16.75659942626953,9.98188304901123,10.190857887268066,7.271472930908203,9.162202835083008,169.5798301973453,85.61409953312116,0.03648090362548828,0.036403849720954895,1382.8818016950645,633.0707269568118,1578.6129494173379,446.5638526580687,99.38401442307692,0.0,096460012
/workspaces/Pronounciation_evaluation/data/raw/WAVE/SPEAKER9646/096460010.WAV,-365.7350158691406,121.92401885986328,-14.614158630371094,24.228071212768555,-23.575927734375,13.78758430480957,-0.4724304974079132,5.252779960632324,-4.536233901977539,3.890094041824341,-4.314749240875244,-4.709182262420654,1.4089292287826538,116.580322265625,38.19688034057617,32.25889205932617,16.345169067382812,27.574325561523438,15.021961212158203,16.650588989257812,11.667834281921387,9.396941184997559,6.04002046585083,11.928888320922852,8.7882661819458,8.249476432800293,146.177837622054,86.28948034964112,0.03042365051805973,0.03338440880179405,1805.4478150060427,860.4272736235192,1775.430033779387,435.0797603601095,143.5546875,0.0,096460010
/workspaces/Pronounciation_evaluation/data/raw/WAVE/SPEAKER9646/096460004.WAV,-479.212890625,137.60208129882812,-16.927587509155273,22.186477661132812,-21.730382919311523,19.38797950744629,-7.002106189727783,9.068099021911621,-6.48568868637085,2.2703256607055664,1.793775200843811,-3.528632402420044,3.0313308238983154,44.02667236328125,36.56082534790039,13.169179916381836,15.33877944946289,14.544637680053711,13.205108642578125,10.930441856384277,9.581071853637695,9.367773056030273,7.560922145843506,6.219149112701416,5.731316566467285,5.409216403961182,169.6254483057854,78.3320751652457,0.008194917812943459,0.008616524748504162,1539.4387094086776,727.5492009537447,1612.628416250358,452.6529076881849,129.19921875,0.0,096460004
/workspaces/Pronounciation_evaluation/data/raw/WAVE/SPEAKER9646/096460015.WAV,-370.61370849609375,138.16664123535156,-15.838933944702148,19.659332275390625,-29.319467544555664,20.431228637695312,4.478238105773926,1.9107677936553955,-6.461179256439209,6.41544771194458,-0.830102801322937,-2.145498514175415,-1.4249180555343628,99.35834503173828,50.392520904541016,21.88636016845703,23.33002281188965,25.295013427734375,17.419666290283203,15.37751579284668,12.333161354064941,12.527647972106934,7.349521636962891,11.667272567749023,7.823037147521973,9.014506340026855,151.58533861844307,84.54162058211782,0.032636433839797974,0.029224617406725883,1618.691106312225,928.761977055307,1583.2994655581576,489.8462647997913,92.28515625,0.0,096460015
/workspaces/Pronounciation_evaluation/data/raw/WAVE/SPEAKER9646/096460008.WAV,-467.6940002441406,144.7061004638672,-25.22702980041504,22.358793258666992,-24.44892120361328,22.480945587158203,-7.309982776641846,10.284525871276855,-6.063570976257324,2.5317249298095703,0.33039143681526184,-3.2984211444854736,2.883218288421631,55.243080139160156,40.76339340209961,16.002042770385742,17.043285369873047,14.11278247833252,11.315505027770996,9.1477689743042,7.80888032913208,8.774645805358887,7.127152919769287,8.40158748626709,6.248168468475342,6.996305465698242,146.44308074124413,82.47464541012263,0.007796762976795435,0.00859005842357874,1564.730634849448,624.7225995027443,1614.5781581935933,445.92414112299,143.5546875,0.0,096460008
/workspaces/Pronounciation_evaluation/data/raw/WAVE/SPEAKER9646/096460006.WAV,-490.96539306640625,130.11109924316406,-22.506406784057617,32.80528259277344,-17.058086395263672,22.943368911743164,-6.450455665588379,11.479287147521973,-7.311379909515381,2.970454692840576,3.8090221881866455,-1.3626205921173096,3.566619634628296,42.08584213256836,28.961965560913086,12.324504852294922,15.748665809631348,9.92149829864502,10.399005889892578,8.357101440429688,7.327548980712891,9.536653518676758,7.421838283538818,5.508016586303711,4.299917221069336,6.638833999633789,124.7573775149328,83.15831234885496,0.004907987080514431,0.005789023824036121,1661.5820347184413,535.203854893674,1773.1690221209237,338.7767947264446,107.666015625,0.0,096460006
/workspaces/Pronounciation_evaluation/data/raw/WAVE/SPEAKER9646/096460019.WAV,-383.2077331542969,143.6903076171875,-11.106589317321777,21.59897804260254,-23.449214935302734,12.226704597473145,1.696168303489685,2.11011004447937,-5.856396198272705,5.483758926391602,-0.6761382818222046,-1.333649754524231,-5.153068542480469,93.94271850585938,42.062252044677734,19.582918167114258,24.094558715820312,22.920833587646484,13.484360694885254,10.752700805664062,9.23508071899414,12.076518058776855,8.662726402282715,10.50601863861084,8.99644947052002,10.015464782714844,160.1242615995893,82.53553109170616,0.033920709043741226,0.0318852923810482,1353.9650677204684,568.0646517412315,1545.7879115482501,436.59915402453635,143.5546875,0.0,096460019
/workspaces/Pronounciation_evaluation/data/raw/WAVE/SPEAKER9646/096460024.WAV,-413.53082275390625,128.43524169921875,0.31149178743362427,21.95561981201172,-26.475292205810547,15.762153625488281,-1.3453292846679688,5.2041754722595215,-8.263080596923828,2.8602116107940674,-0.1001116931438446,-2.3659563064575195,-0.09916890412569046,83.73690032958984,44.62436294555664,15.666590690612793,21.096168518066406,26.797082901000977,21.914579391479492,18.811479568481445,12.369002342224121,14.990408897399902,7.641429424285889,10.4986572265625,8.051067352294922,8.214675903320312,162.19402275443474,91.06943577894076,0.02631213143467903,0.02626168727874756,1661.5887396150824,1102.290867029562,1632.854991285662,474.7593547280033,161.4990234375,0.0,096460024
/workspaces/Pronounciation_evaluation/data/raw/WAVE/SPEAKER9646/096460005.WAV,-485.2998046875,128.12132263183594,-22.617685317993164,23.40487289428711,-18.55066680908203,23.72748374938965,-4.401698112487793,10.446462631225586,-5.924349308013916,4.128962516784668,3.2049331665039062,-1.6535253524780273,2.5987229347229004,44.43035888671875,29.84925079345703,13.639388084411621,17.081707000732422,11.675143241882324,10.946101188659668,8.344202041625977,7.547029495239258,10.021474838256836,6.11706018447876,5.561645030975342,5.0244317054748535,6.308495044708252,149.0102277314286,90.874195502438,0.006060108542442322,0.007507134694606066,1691.9516680958293,594.4903765564791,1754.839121549271,385.77440975659306,129.19921875,0.0,096460005
/workspaces/Pronounciation_evaluation/data/raw/WAVE/SPEAKER9646/096460026.WAV,-357.5832824707031,124.92821502685547,-10.96855354309082,17.32196807861328,-32.52582931518555,16.780895233154297,-7.6367082595825195,6.112311840057373,-11.727238655090332,7.684792995452881,-1.453073263168335,-3.9947400093078613,-2.794468879699707,89.9430160522461,56.55146026611328,19.630754470825195,19.81521224975586,23.73468017578125,20.975513458251953,20.288915634155273,13.577821731567383,13.520466804504395,7.572750091552734,10.61612319946289,10.006139755249023,10.643577575683594,167.97389689739842,83.54816172938331,0.03853629529476166,0.03550494462251663,2030.486086939136,1424.9376568260727,1684.1041266811183,528.7360371609088,143.5546875,0.0,096460026
/workspaces/Pronounciation_evaluation/data/raw/WAVE/SPEAKER9646/096460018.WAV,-402.3357238769531,138.2137908935547,-2.8113210201263428,32.156925201416016,-19.04278564453125,16.708168029785156,-8.4246244430542,0.4864369332790375,-7.202690124511719,1.98506498336792,-0.4196528196334839,-3.937206983566284,-0.7640883326530457,79.96517944335938,37.417301177978516,20.21124267578125,22.105562210083008,16.265777587890625,17.14222526550293,17.826702117919922,10.091021537780762,12.361920356750488,10.671996116638184,9.977648735046387,9.027206420898438,7.373834609985352,165.27205131424518,85.20844501071478,0.029093710705637932,0.02725217491388321,1407.7137860798905,717.2876939172404,1618.120378689398,462.361550820855,151.99908088235293,0.0,096460018
/workspaces/Pronounciation_evaluation/data/raw/WAVE/SPEAKER9646/096460002.WAV,-467.18780517578125,144.2754669189453,-18.213581085205078,27.11824607849121,-25.312313079833984,21.07619857788086,-8.458990097045898,7.658241271972656,-9.9417085647583,-0.3389572501182556,0.6826636791229248,-2.9237418174743652,3.3164443969726562,44.90427780151367,33.510536193847656,13.991920471191406,17.00216293334961,14.828904151916504,12.091506004333496,9.263503074645996,9.186905860900879,9.93229866027832,8.467589378356934,7.485213756561279,5.757419109344482,6.469860553741455,187.22663038228472,74.1046883052603,0.007857237942516804,0.007144852075725794,1496.7097223180876,649.9569584422836,1612.7669099471814,399.685709159089,103.359375,0.0,096460002
/workspaces/Pronounciation_evaluation/data/raw/WAVE/SPEAKER9646/096460003.WAV,-475.5013427734375,140.20367431640625,-22.20307731628418,27.700040817260742,-20.976512908935547,18.224348068237305,-8.483468055725098,11.504546165466309,-7.881069183349609,1.5221307277679443,0.6028195023536682,-3.752702236175537,2.4071342945098877,48.19832992553711,35.07810974121094,13.815853118896484,20.3363037109375,12.34784984588623,10.915182113647461,9.61947250366211,6.9879679679870605,9.922802925109863,7.7137579917907715,6.848797798156738,6.0046586990356445,6.597560405731201,144.39901939755498,81.49054000139071,0.007716415449976921,0.008040023036301136,1523.8597241808707,543.1698177475488,1641.1684002043357,413.825217547852,151.99908088235293,0.0,096460003
/workspaces/Pronounciation_evaluation/data/raw/WAVE/SPEAKER9646/096460007.WAV,-481.03607177734375,132.4165802001953,-27.393461227416992,36.36488723754883,-16.814838409423828,24.1108341217041,-9.245675086975098,9.240081787109375,-8.079106330871582,3.6495842933654785,0.47499406337738037,-3.86076283454895,3.477163076400757,42.4239387512207,25.883358001708984,14.799518585205078,15.957308769226074,10.53656005859375,10.331060409545898,9.600661277770996,8.325004577636719,9.970366477966309,7.959266662597656,7.925991535186768,6.271793842315674,5.834526062011719,164.53084924880378,84.68777526090665,0.006489867344498634,0.006486363243311644,1608.9803892957257,571.7111737901145,1717.9076839075437,373.3634707980056,117.45383522727273,0.0,096460007
/workspaces/Pronounciation_evaluation/data/raw/WAVE/SPEAKER9646/096460017.WAV,-404.80096435546875,122.63021850585938,-3.8955812454223633,25.7334041595459,-21.184175491333008,16.61077880859375,-3.0667917728424072,3.116196393966675,-8.003565788269043,4.699717044830322,2.2830488681793213,-4.068414688110352,-0.6810311079025269,89.19756317138672,47.6859016418457,14.884933471679688,23.56296157836914,26.392253875732422,22.13481903076172,17.46431541442871,11.886242866516113,14.65152645111084,9.463618278503418,9.96782398223877,7.793330669403076,6.965816020965576,167.03976835920312,87.25534668266998,0.026595523580908775,0.02723456546664238,1766.2875479139614,1164.2304496157785,1650.3660795849912,483.07057638580426,135.99917763157896,0.0,096460017
/workspaces/Pronounciation_evaluation/data/raw/WAVE/SPEAKER9646/096460020.WAV,-415.7603454589844,122.55210876464844,-8.179186820983887,25.684358596801758,-24.499643325805664,17.579381942749023,2.904945135116577,4.319126129150391,-6.576108932495117,3.441786527633667,3.156303882598877,-0.7516843676567078,-0.1783466935157776,88.36312866210938,47.583221435546875,16.080753326416016,33.545860290527344,25.57822608947754,18.956119537353516,13.045132637023926,11.434627532958984,13.47075080871582,7.3482770919799805,8.86135482788086,8.332009315490723,8.65461540222168,121.16710410378705,87.6476187096575,0.020549729466438293,0.024395456537604332,1769.7413549888238,964.6868372881595,1661.969010239468,443.8053170140389,123.046875,0.0,096460020
/workspaces/Pronounciation_evaluation/data/raw/WAVE/SPEAKER9646/096460023.WAV,-384.42156982421875,141.82107543945312,-3.7108511924743652,19.449216842651367,-26.427534103393555,10.45546817779541,0.6210366487503052,1.912689447402954,-8.183019638061523,1.9659212827682495,-2.517530918121338,-2.2250382900238037,-1.7900723218917847,90.41449737548828,42.653175354003906,16.372655868530273,23.720436096191406,26.44013786315918,17.115602493286133,16.720741271972656,10.978386878967285,16.511411666870117,11.664820671081543,11.439250946044922,7.757593154907227,6.766045093536377,145.3683324936014,83.14002381347292,0.03813684359192848,0.0350162610411644,1383.3080934294849,689.7719418173051,1552.734248759924,455.45395367721494,123.046875,0.0,096460023
/workspaces/Pronounciation_evaluation/data/raw/WAVE/SPEAKER9646/096460025.WAV,-367.55902099609375,134.96722412109375,-3.4686570167541504,23.215980529785156,-30.876113891601562,12.259181022644043,-1.0928512811660767,6.08091926574707,-14.425451278686523,3.6276261806488037,-1.5099842548370361,-2.382420539855957,-0.07418094575405121,78.68817901611328,45.16801452636719,18.47572135925293,20.884708404541016,24.411623001098633,19.125776290893555,21.622215270996094,12.977852821350098,14.037469863891602,7.172905921936035,9.888547897338867,7.418874740600586,8.0111722946167,186.62709436703273,78.65665330407877,0.03594549745321274,0.030450839549303055,1638.14112139348,1130.1194533077469,1607.5920232554333,527.2843638905935,129.19921875,0.0,096460025
/workspaces/Pronounciation_evaluation/data/raw/WAVE/SPEAKER9646/096460011.WAV,-393.1744079589844,132.38278198242188,5.0000081062316895,14.973502159118652,-24.436294555664062,13.487547874450684,4.224544048309326,4.916685104370117,-10.018174171447754,7.405788898468018,-2.069478988647461,-0.6375954747200012,1.3747721910476685,93.04420471191406,46.98112869262695,19.47062873840332,22.87265968322754,25.730953216552734,18.24331283569336,19.107254028320312,10.728341102600098,17.059724807739258,9.409173965454102,12.077688217163086,8.475393295288086,7.342946529388428,185.87498615768823,72.53687365939699,0.03225813806056976,0.03473911061882973,1538.3855089250671,993.9699279487695,1634.9515270430936,466.82966762593054,172.265625,0.0,096460011
/workspaces/Pronounciation_evaluation/data/raw/WAVE/SPEAKER9646/096460014.WAV,-411.3796081542969,133.23866271972656,-5.354863166809082,14.37110424041748,-23.30271339416504,18.785104751586914,1.5483888387680054,6.929947376251221,-4.450815677642822,4.553699970245361,2.5408618450164795,-0.5768135786056519,-2.0947842597961426,96.52066802978516,52.463775634765625,17.80329132080078,19.137027740478516,24.014799118041992,15.988919258117676,13.672286033630371,11.226556777954102,12.353071212768555,7.54217529296875,8.756742477416992,6.835855960845947,9.067473411560059,78.70532015682355,49.819603181475784,0.01914161816239357,0.024756379425525665,1697.6817663354614,929.9865622474167,1686.8645289520264,487.25206995214216,161.4990234375,0.0,096460014
/workspaces/Pronounciation_evaluation/data/raw/WAVE/SPEAKER9646/096460009.WAV,-477.23516845703125,141.3132781982422,-23.372447967529297,33.260494232177734,-21.37453269958496,20.625825881958008,-8.48720932006836,10.290246963500977,-10.653937339782715,2.65594220161438,2.084906816482544,-2.7657127380371094,3.8128719329833984,42.25239181518555,36.336761474609375,8.77388858795166,18.529638290405273,13.772136688232422,10.795090675354004,8.240443229675293,8.233851432800293,9.845769882202148,7.890495777130127,5.018829345703125,4.935170650482178,5.629204273223877,164.4300074241159,80.18461684361887,0.008279089815914631,0.007746418938040733,1480.8196173928302,644.3146755656898,1599.7671939479685,398.5941706285283,135.99917763157896,0.0,096460009
/workspaces/Pronounciation_evaluation/data/raw/WAVE/SPEAKER9646/096460016.WAV,-391.1271667480469,133.10662841796875,0.006681371480226517,15.631053924560547,-23.862060546875,14.207167625427246,-1.7136603593826294,1.6358137130737305,-7.780553340911865,3.0717732906341553,0.12051942944526672,-2.9509365558624268,-4.405655860900879,89.94070434570312,50.623538970947266,21.475038528442383,18.84130859375,22.881011962890625,20.06264305114746,15.854499816894531,11.395988464355469,13.695047378540039,9.195882797241211,10.494010925292969,9.293562889099121,8.88204574584961,166.33069744735354,83.85906132805573,0.029671858996152878,0.030219605192542076,1596.5919823504928,975.8499902409586,1625.1277591881214,508.73552273587654,129.19921875,0.0,096460016
/workspaces/Pronounciation_evaluation/data/raw/WAVE/SPEAKER9558/095580012.WAV,-341.5108642578125,72.5270767211914,-26.294151306152344,32.13482666015625,-42.822940826416016,-8.058416366577148,-40.56859588623047,-14.75398063659668,-36.34251022338867,-13.722269058227539,-19.939693450927734,-16.612640380859375,-6.187734603881836,95.73797607421875,58.06626892089844,26.983917236328125,30.893829345703125,25.720169067382812,15.970930099487305,17.578834533691406,16.9904842376709,13.267683029174805,10.494285583496094,10.525918960571289,10.597517967224121,7.160545349121094,98.48016933868385,8.459290262469011,0.035369232296943665,0.03368633985519409,2638.826490469835,1362.7048641671586,1952.9241132526013,480.0126674196457,129.19921875,0.0,095580012
/workspaces/Pronounciation_evaluation/data/raw/WAVE/SPEAKER9558/095580166.WAV,-369.3131103515625,66.93031311035156,-33.39116287231445,36.69560241699219,-45.59624099731445,3.3265981674194336,-48.77212142944336,-9.816731452941895,-37.72010803222656,-17.0439510345459,-18.27579116821289,-16.076032638549805,-6.358076572418213,89.87975311279297,46.334754943847656,18.44642448425293,27.351953506469727,24.228370666503906,11.709169387817383,15.910408973693848,15.429706573486328,13.02337646484375,12.051124572753906,8.698920249938965,7.044721603393555,8.08151912689209,94.7725568212077,5.500048278997909,0.020233074203133583,0.019731666892766953,2903.584364237902,1250.3204206023438,2073.4586774770305,301.16400050220994,135.99917763157896,0.0,095580166
/workspaces/Pronounciation_evaluation/data/raw/WAVE/SPEAKER9558/095580099.WAV,-399.0364990234375,87.76573181152344,-19.24101448059082,27.53490447998047,-46.061988830566406,-2.499539375305176,-42.421932220458984,-19.459672927856445,-32.598182678222656,-18.097978591918945,-21.390487670898438,-13.627457618713379,-7.204563617706299,89.84550476074219,43.680503845214844,19.600061416625977,30.288103103637695,23.42943572998047,16.41126251220703,17.090394973754883,16.24513816833496,11.493704795837402,9.284997940063477,11.586723327636719,8.810503005981445,7.354807376861572,217.67268857088683,193.90304050920153,0.021596061065793037,0.019829772412776947,2311.487528645527,1232.883720085108,1958.4726151295754,383.0706431474901,129.19921875,0.0,095580099
/workspaces/Pronounciation_evaluation/data/raw/WAVE/SPEAKER9558/095580101.WAV,-352.46002197265625,83.05780029296875,-27.812227249145508,27.653648376464844,-59.33708190917969,1.203475832939148,-49.222434997558594,-16.718713760375977,-33.89613342285156,-14.638209342956543,-16.115201950073242,-10.937933921813965,-7.901973724365234,86.32730865478516,50.84143829345703,24.120513916015625,24.317005157470703,24.92245864868164,20.1971378326416,16.465682983398438,15.871017456054688,10.805256843566895,8.483868598937988,9.16759967803955,10.03589916229248,8.86948013305664,107.27203463104425,6.0307314184449945,0.026234056800603867,0.021554352715611458,2683.2088885205685,1419.395981009958,1951.218060608985,437.76841748078294,112.34714673913044,0.0,095580101
/workspaces/Pronounciation_evaluation/data/raw/WAVE/SPEAKER9558/095580157.WAV,-361.7684631347656,72.8398666381836,-35.778289794921875,32.60252380371094,-56.99614715576172,5.224950313568115,-42.36299133300781,-17.095409393310547,-35.179847717285156,-15.097947120666504,-20.065048217773438,-13.972566604614258,-4.807075500488281,78.30550384521484,59.08176803588867,19.4791202545166,30.20780372619629,27.490446090698242,13.174978256225586,13.026226043701172,20.752281188964844,11.990511894226074,10.741267204284668,7.342193603515625,8.80429744720459,8.264423370361328,90.15859626480369,20.160715090382585,0.02345956116914749,0.020122932270169258,2736.671497213923,1341.5959396398953,1920.017191410302,359.7396751747682,117.45383522727273,0.0,095580157
/workspaces/Pronounciation_evaluation/data/raw/WAVE/SPEAKER9558/095580097.WAV,-382.23138427734375,64.2431411743164,-25.9594669342041,27.007434844970703,-53.17506790161133,1.7538864612579346,-41.46103286743164,-12.415827751159668,-29.761754989624023,-11.852583885192871,-21.989835739135742,-13.748615264892578,-6.417180061340332,96.31415557861328,59.042945861816406,21.82073402404785,30.49763298034668,30.24730110168457,13.755476951599121,20.183366775512695,17.85398292541504,12.953794479370117,10.09846305847168,11.27879810333252,12.018194198608398,7.396349906921387,98.81908174591318,5.488504472585617,0.025296268984675407,0.02464301325380802,2934.5558527462545,1509.4922273973575,1933.217098834384,397.7701304950484,99.38401442307692,0.0,095580097
/workspaces/Pronounciation_evaluation/data/raw/WAVE/SPEAKER9558/095580056.WAV,-375.0682373046875,85.3423080444336,-29.58232307434082,23.02022933959961,-56.203582763671875,0.6682976484298706,-41.082763671875,-13.653894424438477,-32.890296936035156,-17.390941619873047,-13.886098861694336,-14.140702247619629,-7.4700751304626465,102.28722381591797,56.90827178955078,17.475692749023438,29.07794761657715,34.61552047729492,17.66289710998535,18.24208641052246,12.581860542297363,12.339008331298828,8.750242233276367,8.652132987976074,7.975841522216797,9.21051025390625,99.67482308291679,14.727399907054265,0.027794281020760536,0.026473205536603928,2556.884847082641,1378.7165714383893,1872.5632680865203,464.3197164709939,123.046875,0.0,095580056
/workspaces/Pronounciation_evaluation/data/raw/WAVE/SPEAKER9558/095580078.WAV,-394.72857666015625,81.59732818603516,-24.675031661987305,16.052865982055664,-38.42454147338867,-5.4420318603515625,-36.68939971923828,-17.20298957824707,-26.810802459716797,-13.862370491027832,-17.02083969116211,-13.379220008850098,-5.714622497558594,107.35761260986328,40.99226760864258,20.269445419311523,25.808612823486328,26.83964729309082,16.879121780395508,17.99189567565918,14.262767791748047,11.417125701904297,7.769430160522461,9.474809646606445,6.884350776672363,7.42457389831543,84.95874176819204,25.862562951032302,0.02181881293654442,0.02637421526014805,2436.9494510729924,1102.239276341768,1983.7066490946693,397.80217823289433,123.046875,0.0,095580078
/workspaces/Pronounciation_evaluation/data/raw/WAVE/SPEAKER9558/095580067.WAV,-385.1133117675781,81.2298583984375,-17.769868850708008,18.965755462646484,-37.1454963684082,0.951950192451477,-39.023502349853516,-17.876501083374023,-28.933692932128906,-17.03131675720215,-18.36955451965332,-19.139009475708008,-4.316887378692627,107.06431579589844,44.61784744262695,27.724700927734375,28.838912963867188,29.65389060974121,17.212480545043945,15.655998229980469,14.469932556152344,11.774310111999512,11.73845386505127,9.983529090881348,11.191994667053223,8.84843635559082,151.8452339528765,86.32737798120354,0.02768676169216633,0.027493759989738464,2293.9601188019597,1160.9198367692065,1953.5904780645567,392.18997790026594,112.34714673913044,0.0,095580067
/workspaces/Pronounciation_evaluation/data/raw/WAVE/SPEAKER9558/095580116.WAV,-388.7138366699219,67.96672821044922,-35.05818557739258,29.684162139892578,-37.80670928955078,-5.197970867156982,-46.51354217529297,-16.591028213500977,-26.467105865478516,-14.884406089782715,-14.249658584594727,-14.820412635803223,-7.482963562011719,101.0743637084961,47.42342758178711,24.28357696533203,32.59269332885742,21.312414169311523,15.849218368530273,19.99824333190918,15.43110466003418,12.431527137756348,7.991830348968506,8.61805534362793,8.093799591064453,8.341288566589355,98.8713820590532,7.339530745647489,0.019083203747868538,0.022681958973407745,2707.7976539777255,1209.9366189225282,1919.4260121642353,317.0761376622997,151.99908088235293,0.0,095580116
/workspaces/Pronounciation_evaluation/data/raw/WAVE/SPEAKER9558/095580071.WAV,-351.5162048339844,90.63355255126953,-27.373794555664062,23.506881713867188,-59.13360595703125,2.9168202877044678,-46.65533447265625,-18.72913932800293,-39.31837844848633,-15.430163383483887,-18.052988052368164,-13.137614250183105,-4.234983444213867,87.12843322753906,56.69490051269531,20.945398330688477,22.625389099121094,28.29073143005371,17.694061279296875,15.780458450317383,21.631534576416016,13.626908302307129,10.356328964233398,9.084929466247559,7.260766506195068,8.797929763793945,95.41279314475288,4.759063981885421,0.02725299820303917,0.021839087828993797,2562.3166232753706,1511.9444980960952,1896.0418708613943,457.8110816998443,129.19921875,0.0,095580071
/workspaces/Pronounciation_evaluation/data/raw/WAVE/SPEAKER9558/095580016.WAV,-360.9202880859375,90.83125305175781,-18.371124267578125,25.303638458251953,-45.17697525024414,-17.919832229614258,-30.22691535949707,-18.735986709594727,-33.72475051879883,-19.484756469726562,-16.5844669342041,-15.91479206085205,-8.346117973327637,97.2603530883789,49.33100128173828,24.95165252685547,27.330991744995117,26.046945571899414,23.81166648864746,14.318864822387695,15.456432342529297,14.019969940185547,10.299237251281738,11.831156730651855,10.078056335449219,8.05794906616211,98.62537103684626,4.590162589594405,0.037765804678201675,0.041370805352926254,2204.164164703508,1147.4087898335567,1837.5042867489926,486.0949307751645,123.046875,0.0,095580016
/workspaces/Pronounciation_evaluation/data/raw/WAVE/SPEAKER9558/095580133.WAV,-354.75994873046875,75.00402069091797,-21.098243713378906,36.421470642089844,-53.364593505859375,0.4925847053527832,-50.43259048461914,-14.167119979858398,-33.8538932800293,-16.935014724731445,-20.24061393737793,-16.95290756225586,-7.537745952606201,78.68897247314453,51.84130859375,21.785097122192383,32.04806900024414,26.818410873413086,15.425668716430664,16.033203125,12.752507209777832,12.237180709838867,7.684319496154785,8.663472175598145,8.770610809326172,7.860219955444336,101.67952109806379,7.022338713948113,0.028380440548062325,0.024843517690896988,2627.5956917158965,1297.253819297969,2023.924560771101,389.94475999077963,151.99908088235293,0.0,095580133
/workspaces/Pronounciation_evaluation/data/raw/WAVE/SPEAKER9558/095580008.WAV,-327.82293701171875,78.11585235595703,-28.019914627075195,22.599822998046875,-42.165977478027344,-7.6763434410095215,-47.00503158569336,-11.828218460083008,-30.31671905517578,-17.55177116394043,-18.527677536010742,-17.009044647216797,-5.688014984130859,86.96208190917969,59.787750244140625,21.992477416992188,23.887950897216797,23.01729393005371,19.193321228027344,16.04676628112793,19.785165786743164,12.1638822555542,8.8141450881958,9.70948600769043,8.875495910644531,7.843569755554199,93.10530390182959,18.660960080880923,0.04424823448061943,0.04388793930411339,2638.823669001175,1579.866733073572,1827.1650372403242,518.2802610891615,123.046875,0.0,095580008
/workspaces/Pronounciation_evaluation/data/raw/WAVE/SPEAKER9558/095580128.WAV,-362.5502624511719,53.2477912902832,-29.004011154174805,42.25261688232422,-51.63076400756836,8.757545471191406,-50.980777740478516,-10.143178939819336,-40.82427978515625,-11.447480201721191,-18.950580596923828,-18.9070987701416,-6.405772686004639,88.14036560058594,47.61061096191406,15.564918518066406,28.60968780517578,23.83976936340332,14.080081939697266,15.640645027160645,16.72353172302246,12.771625518798828,6.81396484375,7.500626564025879,8.822989463806152,6.287108421325684,78.65666967704828,29.94898572108251,0.025118999183177948,0.024666056036949158,3286.6638684979716,1361.708190976071,2127.2564296839687,319.6077006739173,112.34714673913044,0.0,095580128
/workspaces/Pronounciation_evaluation/data/raw/WAVE/SPEAKER9558/095580088.WAV,-379.0459899902344,79.71227264404297,-19.74044418334961,23.214815139770508,-42.72172927856445,-1.320305347442627,-42.4898567199707,-14.30078125,-32.49202346801758,-16.342504501342773,-21.177318572998047,-13.794804573059082,-8.327402114868164,94.22786712646484,50.322139739990234,16.763916015625,32.164669036865234,23.924070358276367,17.525535583496094,16.518728256225586,15.427899360656738,12.008742332458496,10.830134391784668,12.026679992675781,9.179720878601074,7.077739238739014,101.09320869449922,7.296596426015098,0.025400295853614807,0.025390027090907097,2620.7648177872506,1386.3278687776146,2013.2024555294934,466.10159442516556,112.34714673913044,0.0,095580088
/workspaces/Pronounciation_evaluation/data/raw/WAVE/SPEAKER9558/095580045.WAV,-362.45452880859375,92.25110626220703,-29.341751098632812,28.584674835205078,-47.626380920410156,-6.062437057495117,-41.58135986328125,-20.313472747802734,-33.40627670288086,-16.68303871154785,-15.559798240661621,-15.968777656555176,-6.021022796630859,99.1902847290039,55.780303955078125,24.126083374023438,30.93657112121582,22.575963973999023,20.56593132019043,15.997278213500977,13.808223724365234,11.140008926391602,9.4198579788208,8.143348693847656,8.04315185546875,6.398353099822998,99.25340666082644,11.584403510982579,0.03086831420660019,0.025972405448555946,2288.690458202846,1275.1197687963922,1798.7951797578178,482.67489544208144,129.19921875,0.0,095580045
/workspaces/Pronounciation_evaluation/data/raw/WAVE/SPEAKER9558/095580173.WAV,-382.2350769042969,63.40986633300781,-35.39857864379883,42.77022933959961,-50.150917053222656,6.834132671356201,-50.37131118774414,-8.362700462341309,-32.4172248840332,-14.52115249633789,-25.046382904052734,-19.136219024658203,-7.125,91.85923767089844,40.00581741333008,18.94780921936035,32.29982376098633,23.041961669921875,14.897951126098633,19.047792434692383,11.102657318115234,10.998520851135254,7.443264007568359,11.20370101928711,7.38664436340332,5.574859619140625,101.2585162920573,3.078109652465745,0.018748752772808075,0.01804516650736332,3046.038578448844,1138.2347612197964,2137.4887581898274,289.80065250272327,117.45383522727273,0.0,095580173
/workspaces/Pronounciation_evaluation/data/raw/WAVE/SPEAKER9558/095580039.WAV,-383.2947998046875,82.47599792480469,-20.683603286743164,33.14930725097656,-45.76933670043945,-4.037781715393066,-41.78628921508789,-16.15853500366211,-29.610441207885742,-20.038225173950195,-24.204544067382812,-14.694426536560059,-9.371081352233887,104.81758880615234,45.40530014038086,28.23739242553711,31.16046142578125,23.673364639282227,14.566761016845703,18.509294509887695,15.376242637634277,13.80782413482666,8.163061141967773,12.7894287109375,9.35831069946289,8.131569862365723,141.74153817446108,78.79763361953988,0.027380025014281273,0.025447675958275795,2379.5143987110746,1224.4620218138052,1954.0305790749026,396.9973438511998,117.45383522727273,0.0,095580039
/workspaces/Pronounciation_evaluation/data/raw/WAVE/SPEAKER9558/095580102.WAV,-387.07696533203125,87.59524536132812,-15.93776798248291,26.124706268310547,-49.13006591796875,-8.661869049072266,-37.40239334106445,-16.049163818359375,-30.37997817993164,-17.639610290527344,-18.8414249420166,-15.860831260681152,-6.141209602355957,96.13074493408203,52.56600570678711,18.62360191345215,31.019582748413086,32.550254821777344,15.450996398925781,14.098185539245605,11.711153984069824,13.361766815185547,12.093722343444824,9.267727851867676,10.009234428405762,9.797019958496094,99.60123409178632,19.886502466390212,0.02684052102267742,0.026092706248164177,2204.4888025498412,1145.6454207626673,1886.6822925933386,411.0731307588282,117.45383522727273,0.0,095580102
/workspaces/Pronounciation_evaluation/data/raw/WAVE/SPEAKER2116/021160002.WAV,-274.0028381347656,77.8320083618164,-8.883728981018066,46.81056594848633,-37.246437072753906,5.968543529510498,-40.111087799072266,5.655117511749268,-23.7227783203125,-8.154067039489746,-9.14217758178711,-5.619677543640137,-0.8352506756782532,114.9713363647461,41.23257064819336,24.539958953857422,27.450212478637695,32.37076187133789,26.1877498626709,24.317514419555664,11.2611665725708,19.103761672973633,10.007736206054688,11.655998229980469,8.716947555541992,5.599581718444824,202.01955557178707,30.32266768146432,0.0789187029004097,0.06136133894324303,2748.165349202039,1392.373788804074,2044.4755329953925,341.25599228526653,107.666015625,0.0,021160002
/workspaces/Pronounciation_evaluation/data/raw/WAVE/SPEAKER2116/021160134.WAV,-306.9640197753906,75.55775451660156,11.537331581115723,58.228206634521484,-28.449138641357422,-2.6489005088806152,-27.277551651000977,3.064483404159546,-33.2165641784668,-20.1328125,-7.611231327056885,-5.833592414855957,-6.894914150238037,101.3129653930664,28.2807559967041,23.425724029541016,26.15862274169922,26.581918716430664,18.589263916015625,19.24184226989746,13.475690841674805,23.533401489257812,9.4194917678833,7.988609790802002,8.629615783691406,6.673469066619873,256.0326896883905,84.90371500490834,0.07277340441942215,0.07442192733287811,2255.799370570529,1080.8408457507678,2085.912641218924,276.09930346524726,143.5546875,0.0,021160134
/workspaces/Pronounciation_evaluation/data/raw/WAVE/SPEAKER2116/021160303.WAV,-301.132568359375,100.18333435058594,-4.882755279541016,21.9495792388916,-44.590576171875,22.480682373046875,-34.2153434753418,8.675806045532227,-24.112279891967773,-15.004925727844238,-7.810923099517822,-4.4366865158081055,-2.492710828781128,124.48014831542969,45.67817306518555,24.071996688842773,26.482919692993164,34.96620559692383,23.174251556396484,25.92312240600586,13.570693969726562,15.541385650634766,9.382462501525879,10.324922561645508,7.6931610107421875,7.284797668457031,187.1547570632092,28.720132965112096,0.06511672586202621,0.05189718306064606,2379.143269678563,1271.5527743694265,2029.0077293849906,376.10041762268753,117.45383522727273,0.0,021160303
/workspaces/Pronounciation_evaluation/data/raw/WAVE/SPEAKER2116/021160120.WAV,-289.00067138671875,99.53250122070312,-23.875335693359375,33.957481384277344,-36.63210678100586,5.78253698348999,-27.42732048034668,3.579991340637207,-21.82933807373047,-12.049620628356934,-9.111084938049316,-4.718155860900879,-8.899526596069336,133.60885620117188,35.84400939941406,30.109846115112305,27.453542709350586,28.958053588867188,17.865489959716797,19.08562660217285,16.038305282592773,17.131223678588867,9.362297058105469,9.443002700805664,8.600234031677246,9.020047187805176,196.1417606644113,20.18616569081957,0.06797955930233002,0.05641688406467438,2109.017690136935,918.3758211904916,1942.6678267879045,269.1677385577184,143.5546875,0.0,021160120
/workspaces/Pronounciation_evaluation/data/raw/WAVE/SPEAKER2116/021160198.WAV,-306.3896179199219,133.57705688476562,2.0854403972625732,14.742673873901367,-22.371519088745117,-8.341450691223145,-13.351967811584473,7.006189346313477,-20.759185791015625,-12.36005973815918,-5.9797468185424805,-5.601821422576904,-10.410810470581055,100.3452377319336,37.8023681640625,25.631528854370117,26.31887435913086,22.465694427490234,9.778603553771973,13.536670684814453,14.615198135375977,20.664955139160156,9.855655670166016,9.24646282196045,7.681856632232666,9.21417236328125,175.79017487088765,42.30399531482429,0.08252377063035965,0.076435886323452,1317.7970608504309,488.6126374178812,1585.552276856744,327.61596523164457,95.703125,0.0,021160198
/workspaces/Pronounciation_evaluation/data/raw/WAVE/SPEAKER2116/021160027.WAV,-305.8266906738281,112.64730834960938,-10.492331504821777,32.42933654785156,-30.1928768157959,-3.4505715370178223,-31.42128562927246,-1.7725650072097778,-19.31911277770996,-12.079126358032227,-8.412607192993164,-5.924864768981934,-6.093445301055908,116.13712310791016,37.50745391845703,26.887706756591797,23.03333854675293,29.23807716369629,20.300363540649414,19.212398529052734,10.466840744018555,15.712967872619629,8.431477546691895,8.50641918182373,6.602281093597412,7.136746406555176,208.82309575974264,13.372471049225679,0.06951432675123215,0.06267815083265305,1796.8533847562255,813.5882451935161,1799.0322440267105,356.9268750048673,103.359375,0.0,021160027
/workspaces/Pronounciation_evaluation/data/raw/WAVE/SPEAKER2116/021160203.WAV,-304.9703674316406,109.44395446777344,-13.966973304748535,24.049171447753906,-37.16387939453125,-0.6046514511108398,-22.77180290222168,8.890832901000977,-14.295432090759277,-16.075090408325195,-6.440756320953369,-1.7269346714019775,-4.799839973449707,113.81317138671875,37.037967681884766,31.898012161254883,27.15743064880371,23.089448928833008,12.445549964904785,19.14730453491211,10.03481674194336,16.657285690307617,10.375532150268555,8.984332084655762,11.894011497497559,8.221335411071777,194.52860111779285,19.335715165470088,0.06567917764186859,0.06479550898075104,1937.276855723887,824.8263281972386,1851.3795052457021,376.26699722172026,99.38401442307692,0.0,021160203
/workspaces/Pronounciation_evaluation/data/raw/WAVE/SPEAKER2116/021160075.WAV,-269.7450866699219,102.51944732666016,-19.54629898071289,27.336549758911133,-31.64769172668457,-5.1064605712890625,-28.391477584838867,3.709873676300049,-20.906145095825195,-14.635961532592773,-8.400266647338867,-2.3313281536102295,-8.627839088439941,115.32776641845703,45.21100616455078,33.95559310913086,29.818382263183594,27.211030960083008,24.123701095581055,19.71172332763672,15.023458480834961,16.240036010742188,8.051305770874023,10.314558982849121,8.934534072875977,8.06725788116455,196.66064636782482,41.87706586459678,0.0838446170091629,0.06843557208776474,2079.816113194672,1066.092602580449,1783.636042108854,384.2156730912455,123.046875,0.0,021160075
/workspaces/Pronounciation_evaluation/data/raw/WAVE/SPEAKER2116/021160310.WAV,-264.16497802734375,97.64033508300781,-9.790242195129395,28.014415740966797,-38.54685974121094,7.141830921173096,-29.317459106445312,12.060187339782715,-26.398513793945312,-15.746417999267578,-7.495199203491211,-7.31254768371582,-3.2359352111816406,100.97256469726562,46.057159423828125,26.243202209472656,37.53416442871094,28.038469314575195,17.377880096435547,20.966238021850586,16.58294105529785,18.5916690826416,9.666654586791992,8.106446266174316,7.688183307647705,9.929789543151855,188.9860627784547,23.80552374491534,0.06891568750143051,0.05802442505955696,2267.6162873792596,1148.3744409459894,1979.5981037420063,355.54331556266953,117.45383522727273,0.0,021160310
/workspaces/Pronounciation_evaluation/data/raw/WAVE/SPEAKER2116/021160185.WAV,-297.58709716796875,100.88338470458984,-3.5415942668914795,33.744693756103516,-32.621826171875,-3.119584798812866,-23.555879592895508,2.2753777503967285,-30.725257873535156,-14.745401382446289,-0.19179771840572357,-3.569430351257324,-6.876031875610352,120.21385192871094,38.13357925415039,30.69300079345703,31.0954532623291,29.48967933654785,17.31296157836914,20.827543258666992,12.638190269470215,22.99199676513672,10.326371192932129,8.3613920211792,8.976829528808594,7.629363059997559,200.7654469831432,27.293685235018508,0.07155612111091614,0.06503934413194656,1966.3577125018783,936.6741956059914,1891.0789534438468,340.2824116215432,107.666015625,0.0,021160185
/workspaces/Pronounciation_evaluation/data/raw/WAVE/SPEAKER2116/021160212.WAV,-283.21978759765625,81.57064056396484,-17.049274444580078,39.781063079833984,-42.8477668762207,9.539992332458496,-22.267532348632812,2.074937582015991,-25.06302261352539,-12.781702041625977,-7.905954837799072,-11.427523612976074,-4.726126670837402,118.82210540771484,42.15584945678711,34.44308090209961,36.61861038208008,28.55272674560547,21.06112289428711,21.55351448059082,11.458098411560059,19.492366790771484,8.075401306152344,7.566451549530029,10.903288841247559,7.189221382141113,190.30045834960194,11.289131751989762,0.07497900724411011,0.06607933342456818,2438.3999869282575,1115.4642101442685,1926.2056758126787,319.23124041108184,117.45383522727273,0.0,021160212
/workspaces/Pronounciation_evaluation/data/raw/WAVE/SPEAKER2116/021160326.WAV,-298.7273864746094,104.53934478759766,-15.837301254272461,19.5175724029541,-31.19394302368164,-2.062995433807373,-22.731985092163086,15.99170207977295,-26.676158905029297,-10.328763008117676,-9.281682968139648,-5.509815692901611,-1.626613736152649,124.10015106201172,37.345272064208984,32.98921585083008,24.14313316345215,22.790464401245117,24.22624969482422,23.283855438232422,14.709217071533203,19.299375534057617,8.318649291992188,9.209136009216309,9.250848770141602,7.87017297744751,197.41905505193768,18.13115083804474,0.062279991805553436,0.055580466985702515,2195.2140577129,1118.0555465937937,1953.835683856274,406.3510724821377,135.99917763157896,0.0,021160326
/workspaces/Pronounciation_evaluation/data/raw/WAVE/SPEAKER2116/021160080.WAV,-340.31707763671875,87.3062744140625,0.9439063668251038,36.76875305175781,-14.230355262756348,-6.902754783630371,-26.599760055541992,-3.8057899475097656,-16.132675170898438,-11.109277725219727,-3.3407719135284424,-2.2362825870513916,-5.829516887664795,123.30538940429688,28.149600982666016,20.557918548583984,30.778644561767578,24.58847999572754,12.235054016113281,19.981962203979492,11.685006141662598,19.294795989990234,11.554503440856934,10.631839752197266,8.7224760055542,8.29865550994873,200.65684963919432,37.268655117443984,0.06141969561576843,0.07170368731021881,1860.3283907631871,613.7365275619647,1912.1693151845789,283.7877204808209,143.5546875,0.0,021160080
/workspaces/Pronounciation_evaluation/data/raw/WAVE/SPEAKER2116/021160188.WAV,-318.88165283203125,94.31481170654297,-4.763236045837402,29.151649475097656,-33.515655517578125,2.1056711673736572,-23.377840042114258,-1.0906084775924683,-23.873729705810547,-16.008705139160156,-3.840954542160034,-2.99933123588562,-4.921291828155518,118.54930114746094,39.741722106933594,24.04213523864746,33.61140823364258,27.592063903808594,17.1702938079834,22.771337509155273,13.625324249267578,21.576997756958008,11.631911277770996,11.205418586730957,9.677706718444824,7.06235933303833,200.79370428897283,11.598156596326543,0.05928255617618561,0.06680234521627426,2118.0837159234115,963.318737931599,1895.5837753089331,391.70467406298457,107.666015625,0.0,021160188
/workspaces/Pronounciation_evaluation/data/raw/WAVE/SPEAKER2116/021160232.WAV,-326.94000244140625,85.32087707519531,1.0721272230148315,52.00139617919922,-42.83350372314453,-2.86080265045166,-24.204511642456055,11.046940803527832,-23.81609344482422,-17.699995040893555,-2.5205295085906982,-5.766797065734863,-6.937314987182617,119.18795013427734,29.72275733947754,22.075857162475586,26.791454315185547,33.5539665222168,15.006853103637695,24.54659080505371,14.620572090148926,20.78630828857422,9.657506942749023,6.605116844177246,9.621877670288086,6.649930477142334,192.3130618929789,43.90034868401117,0.05266250669956207,0.04759581387042999,2304.8198876302527,1099.1321518336542,2010.0272929220423,287.08171999782695,117.45383522727273,0.0,021160232
/workspaces/Pronounciation_evaluation/data/raw/WAVE/SPEAKER2116/021160207.WAV,-278.21392822265625,68.14227294921875,-9.952686309814453,42.73084259033203,-41.36670684814453,11.244571685791016,-31.222705841064453,5.692822456359863,-17.634592056274414,-16.14401626586914,-7.742963790893555,-10.32431697845459,-0.641032874584198,118.21037292480469,38.21546173095703,26.3145751953125,27.816059112548828,26.344758987426758,22.4954776763916,21.338130950927734,8.921066284179688,18.56969451904297,8.250374794006348,9.44927978515625,10.569418907165527,6.3062520027160645,200.51758581344643,16.402183128315418,0.06477562338113785,0.06311783939599991,2847.922241297715,1124.531119703465,2057.0835011335084,264.87146630836264,151.99908088235293,0.0,021160207
/workspaces/Pronounciation_evaluation/data/raw/WAVE/SPEAKER2116/021160090.WAV,-287.4308166503906,85.40162658691406,-7.931952953338623,37.462913513183594,-31.780012130737305,0.4211910665035248,-35.32756805419922,2.929899215698242,-25.277225494384766,-14.161027908325195,-5.752284526824951,-4.421571731567383,-8.895841598510742,116.46453857421875,37.254947662353516,24.667016983032227,33.89239501953125,26.572662353515625,20.325151443481445,22.811243057250977,11.943879127502441,20.17251205444336,11.884573936462402,10.896753311157227,8.780868530273438,7.891753673553467,200.75744217016492,22.80965490103775,0.08515560626983643,0.07534460723400116,2317.3630760602646,1131.4134373159031,2002.8087603131987,354.28350935128077,151.99908088235293,0.0,021160090
/workspaces/Pronounciation_evaluation/data/raw/WAVE/SPEAKER2116/021160195.WAV,-297.5565490722656,98.9899673461914,-6.09849739074707,36.33967208862305,-29.428760528564453,0.25128448009490967,-15.46687126159668,-1.7971731424331665,-20.989517211914062,-15.95638656616211,-10.346968650817871,-6.259160041809082,-7.279964447021484,119.98360443115234,34.23063278198242,23.508474349975586,27.68511199951172,32.2500114440918,22.379865646362305,19.06867790222168,10.03532600402832,19.223613739013672,8.120979309082031,8.958688735961914,8.976611137390137,8.091014862060547,196.18819198884154,12.189630435516047,0.07157041877508163,0.06871388852596283,1929.435424753131,989.7920109361512,1778.6464584990422,253.8758229924182,107.666015625,0.0,021160195
/workspaces/Pronounciation_evaluation/data/raw/WAVE/SPEAKER2116/021160249.WAV,-315.65338134765625,104.41519927978516,-3.0829660892486572,20.330886840820312,-29.017902374267578,7.9964470863342285,-33.45933532714844,8.403399467468262,-26.231414794921875,-12.162954330444336,-7.895575523376465,-6.904857158660889,-1.9771984815597534,102.34038543701172,38.5295295715332,19.857025146484375,28.067901611328125,23.56264877319336,16.063215255737305,22.459692001342773,14.648672103881836,20.539705276489258,11.39177131652832,6.992068767547607,7.170483112335205,7.4062371253967285,190.89110693193498,30.0341457859175,0.05619492381811142,0.052100684493780136,2104.485173219691,1035.6877948603203,2057.1209627244443,372.6709340161813,123.046875,0.0,021160249
/workspaces/Pronounciation_evaluation/data/raw/WAVE/SPEAKER2116/021160089.WAV,-276.17474365234375,102.03567504882812,-23.316858291625977,33.16565704345703,-29.16143798828125,-5.432316303253174,-30.013914108276367,0.15899035334587097,-19.551376342773438,-12.020355224609375,-6.152775764465332,-3.3862199783325195,-9.10422134399414,122.5500717163086,36.22478485107422,30.82971954345703,29.498857498168945,24.134029388427734,15.102729797363281,20.149810791015625,11.992706298828125,17.823007583618164,10.736063957214355,9.00514030456543,9.948966026306152,10.409035682678223,206.50326126156293,16.167319774641445,0.07570599764585495,0.061929743736982346,1967.922398789867,797.5142674825033,1827.0606354978424,302.50297540894206,135.99917763157896,0.0,021160089
/workspaces/Pronounciation_evaluation/data/raw/WAVE/SPEAKER1012/010120303.WAV,-384.77093505859375,73.00032806396484,-12.46199893951416,61.913421630859375,-22.931987762451172,22.650054931640625,-32.99665069580078,-8.082917213439941,-14.18265151977539,-2.5627388954162598,-8.503089904785156,-12.09961223602295,-2.6918423175811768,86.68030548095703,53.112205505371094,20.333049774169922,25.313249588012695,32.56275177001953,24.486148834228516,23.12004852294922,12.17375659942627,13.75233268737793,9.588241577148438,9.255768775939941,8.013888359069824,6.659996032714844,139.0608130270028,13.053261716419678,0.027254438027739525,0.021994132548570633,2575.573620637199,1447.9421879443573,1828.7295410805727,372.2911550345188,143.5546875,0.0,010120303
/workspaces/Pronounciation_evaluation/data/raw/WAVE/SPEAKER1012/010120243.WAV,-378.5859069824219,88.79133605957031,-20.37895393371582,61.817325592041016,-18.274738311767578,14.437736511230469,-34.53158187866211,-2.50241756439209,-15.093156814575195,0.8886573314666748,-3.8062679767608643,-16.876323699951172,-6.6026291847229,86.89737701416016,39.89833450317383,24.727075576782227,27.37433624267578,24.730627059936523,22.14609718322754,21.852327346801758,14.274528503417969,13.854195594787598,11.499650001525879,8.662290573120117,7.775897026062012,7.132202625274658,138.3888534776645,13.172797236151462,0.02371765673160553,0.018514448776841164,2252.925085725856,1062.8865383742636,1905.8291219214475,309.6254830290745,107.666015625,0.0,010120243
/workspaces/Pronounciation_evaluation/data/raw/WAVE/SPEAKER1012/010120335.WAV,-404.3194274902344,97.38104248046875,-23.721887588500977,50.05078125,-23.51796531677246,15.508525848388672,-20.613468170166016,-1.768410086631775,-17.76519203186035,-4.99445915222168,-0.754162609577179,-13.045761108398438,-7.257040023803711,97.04012298583984,40.670528411865234,20.60805320739746,28.52923011779785,26.994529724121094,18.677261352539062,15.874009132385254,9.77753734588623,16.658517837524414,10.647469520568848,10.925336837768555,8.39596176147461,8.157984733581543,138.71736580626097,15.85654110133178,0.01922592520713806,0.017418261617422104,2090.477907406898,939.1150713202572,1842.489771855554,308.2216298390076,143.5546875,0.0,010120335
/workspaces/Pronounciation_evaluation/data/raw/WAVE/SPEAKER1012/010120255.WAV,-371.8676452636719,83.03028869628906,-30.751893997192383,63.03560256958008,-27.25583267211914,11.605936050415039,-28.114192962646484,-1.2572320699691772,-19.849260330200195,1.1617871522903442,-6.414249897003174,-15.42187786102295,-4.846006870269775,108.29341125488281,42.57720184326172,30.354318618774414,35.1285514831543,25.697904586791992,19.35955810546875,23.09031867980957,12.681916236877441,13.749441146850586,12.867551803588867,11.302539825439453,7.759279251098633,8.608299255371094,145.8469862255517,10.945666876301042,0.025155993178486824,0.02029999904334545,2412.2339119961657,938.3580516196338,1916.4844365633887,232.5741219850454,123.046875,0.0,010120255
/workspaces/Pronounciation_evaluation/data/raw/WAVE/SPEAKER1012/010120071.WAV,-367.6243591308594,89.87823486328125,-21.124170303344727,50.60197830200195,-22.11107635498047,12.038994789123535,-33.56792068481445,-3.6764609813690186,-19.846025466918945,-4.314367771148682,-3.856628179550171,-18.578569412231445,-5.571642875671387,92.82457733154297,42.878868103027344,24.366270065307617,30.80979347229004,26.483613967895508,25.263349533081055,23.124597549438477,12.146421432495117,14.922022819519043,10.000096321105957,7.722580909729004,8.813142776489258,8.709943771362305,153.02853192448586,13.851348911466205,0.029190540313720703,0.02290244773030281,2263.0448537125467,1190.7172270889691,1842.2600994955758,333.2072597461788,129.19921875,0.0,010120071
/workspaces/Pronounciation_evaluation/data/raw/WAVE/SPEAKER1012/010120193.WAV,-410.8924255371094,82.75853729248047,-9.569231986999512,47.45661926269531,-23.982925415039062,13.275152206420898,-18.176267623901367,-5.872976779937744,-19.298786163330078,1.9744830131530762,-4.19546365737915,-15.220855712890625,-5.134546756744385,101.21250915527344,56.10612106323242,19.748363494873047,27.11753273010254,31.224882125854492,19.29462242126465,14.929009437561035,10.54184341430664,18.44694709777832,10.970823287963867,7.759590148925781,9.257311820983887,7.36514949798584,146.47864036772808,11.942916323007395,0.02715904265642166,0.026221679523587227,2262.4615549016557,1225.946287323543,1799.2987327785165,398.03459433309774,143.5546875,0.0,010120193
/workspaces/Pronounciation_evaluation/data/raw/WAVE/SPEAKER1012/010120374.WAV,-409.8259582519531,84.60162353515625,-5.732886791229248,63.47904586791992,-19.444713592529297,17.3037052154541,-26.664636611938477,0.8324921131134033,-18.617958068847656,-1.7924078702926636,-4.701159477233887,-15.368241310119629,-3.397207260131836,90.57093811035156,34.71018981933594,20.221332550048828,24.917123794555664,23.609975814819336,19.899829864501953,21.053627014160156,9.143555641174316,15.860471725463867,9.043519020080566,7.200741767883301,6.806252479553223,6.518478870391846,139.2482182841861,10.184818936642733,0.01769747957587242,0.01638026349246502,2332.251190894217,1027.9281610756968,2077.1755470150624,293.27034402856856,161.4990234375,0.0,010120374
/workspaces/Pronounciation_evaluation/data/raw/WAVE/SPEAKER1012/010120200.WAV,-413.6127014160156,96.90052795410156,-15.753987312316895,47.545345306396484,-13.583649635314941,6.55719518661499,-24.25774574279785,-5.0594072341918945,-17.219989776611328,-0.1715455800294876,-5.583563327789307,-12.820352554321289,-5.358397960662842,103.5152587890625,29.722471237182617,25.068374633789062,21.454797744750977,20.509963989257812,20.060955047607422,20.92752456665039,10.65457820892334,12.953750610351562,8.82752513885498,8.861708641052246,8.022056579589844,7.333839416503906,146.46020036535143,8.842590597517836,0.019824696704745293,0.02006874792277813,1992.9935273295014,700.9972513627191,1940.4017859836408,355.6387858040389,112.34714673913044,0.0,010120200
/workspaces/Pronounciation_evaluation/data/raw/WAVE/SPEAKER1012/010120208.WAV,-378.23834228515625,90.02591705322266,-26.1484375,63.08104705810547,-16.943527221679688,13.653828620910645,-32.14175796508789,-1.097572922706604,-21.451828002929688,-2.1790120601654053,-3.7160730361938477,-17.956937789916992,-2.8652212619781494,93.36602020263672,39.61417770385742,26.08997917175293,30.31294059753418,25.069189071655273,18.74604606628418,21.80689811706543,11.482093811035156,15.3844633102417,11.735527992248535,9.328176498413086,8.254263877868652,7.165096282958984,140.26569882812495,12.90093282356309,0.026880476623773575,0.018522536382079124,2137.1847863732255,1121.9625798355185,1838.334753501479,299.28105566971897,129.19921875,0.0,010120208
/workspaces/Pronounciation_evaluation/data/raw/WAVE/SPEAKER1012/010120166.WAV,-398.78643798828125,83.13580322265625,-7.571533203125,59.784523010253906,-18.44521141052246,13.728562355041504,-27.075611114501953,-3.370518922805786,-16.741313934326172,-2.95877742767334,-5.857440948486328,-19.768003463745117,-4.943774700164795,95.66507720947266,36.63387680053711,29.709909439086914,29.488357543945312,25.08556365966797,21.334753036499023,22.60089874267578,10.996773719787598,16.141897201538086,9.751664161682129,8.286417007446289,9.863736152648926,6.422492980957031,146.53745527230714,17.22390012583335,0.02671152539551258,0.023451630026102066,2140.649239743132,1090.4796775482312,1905.0621785027436,330.4295836601617,123.046875,0.0,010120166
/workspaces/Pronounciation_evaluation/data/raw/WAVE/SPEAKER1012/010120269.WAV,-389.9475402832031,98.29913330078125,-21.3649959564209,53.03642654418945,-19.776620864868164,12.691425323486328,-21.226633071899414,-2.707709550857544,-17.888368606567383,-1.27704918384552,-4.2653350830078125,-16.01875114440918,-8.336965560913086,105.10755157470703,39.014068603515625,27.04261589050293,28.57568359375,23.909196853637695,16.607006072998047,21.189729690551758,9.490355491638184,16.068214416503906,10.404624938964844,8.907200813293457,9.73633098602295,7.102375030517578,141.30569589305117,11.23755667487274,0.023847676813602448,0.020188888534903526,1999.2172362923393,984.8769638409926,1826.5439941681,317.43883229213304,107.666015625,0.0,010120269
/workspaces/Pronounciation_evaluation/data/raw/WAVE/SPEAKER1012/010120148.WAV,-385.4302673339844,91.24806213378906,-6.228495121002197,62.121639251708984,-9.10547924041748,12.66020393371582,-31.22311782836914,-1.8493260145187378,-16.51310157775879,-6.978367805480957,-7.270203113555908,-18.812292098999023,-8.711861610412598,87.55326843261719,37.318111419677734,22.499738693237305,35.296756744384766,24.110443115234375,22.38770294189453,24.15559959411621,11.826401710510254,12.704580307006836,11.471516609191895,9.835959434509277,8.971155166625977,6.549365520477295,138.52931855180313,12.967579892984968,0.030053123831748962,0.022175686433911324,1896.8297931942857,1019.3366871050536,1865.2695971081937,366.93743550632723,143.5546875,0.0,010120148
/workspaces/Pronounciation_evaluation/data/raw/WAVE/SPEAKER1012/010120008.WAV,-381.9010314941406,80.72280883789062,-6.1806535720825195,59.8128776550293,-33.01933670043945,14.213018417358398,-38.30625534057617,6.922513484954834,-14.929593086242676,-1.2127509117126465,-0.23797497153282166,-22.89586639404297,-2.4451982975006104,82.86953735351562,44.12494659423828,31.17764663696289,25.667743682861328,24.44462013244629,21.30919647216797,20.308273315429688,14.839138984680176,15.13239574432373,9.301919937133789,11.063694953918457,11.232666015625,7.541208744049072,137.98895636994405,11.886282442599496,0.027529239654541016,0.022340839728713036,2506.050431369307,1312.94537728065,1966.2216943828582,335.5355015991419,129.19921875,0.0,010120008
/workspaces/Pronounciation_evaluation/data/raw/WAVE/SPEAKER1012/010120219.WAV,-407.21514892578125,95.46762084960938,-15.082493782043457,56.13809585571289,-13.972478866577148,11.886418342590332,-26.55194091796875,-6.987679958343506,-17.20624542236328,-5.460660457611084,-8.495172500610352,-15.438682556152344,-8.339447021484375,81.88834381103516,33.84998321533203,21.727628707885742,30.752456665039062,20.222171783447266,15.733098983764648,19.196685791015625,13.145171165466309,13.683075904846191,11.950185775756836,7.616947650909424,7.006714820861816,7.378435134887695,144.13154336073023,10.235776421763676,0.021194027736783028,0.018454018980264664,1956.9371397160587,866.5380312679875,1878.1606536312008,330.3142370382341,123.046875,0.0,010120219
/workspaces/Pronounciation_evaluation/data/raw/WAVE/SPEAKER1012/010120334.WAV,-388.4842834472656,83.63497924804688,-25.895793914794922,55.03672409057617,-27.617923736572266,18.91954231262207,-26.4384765625,-0.6225108504295349,-15.409299850463867,-3.751187324523926,-3.5978798866271973,-15.368772506713867,-6.757205963134766,89.958984375,44.022186279296875,26.884199142456055,29.959888458251953,24.739030838012695,21.100969314575195,19.424131393432617,13.5414400100708,13.15944766998291,12.698399543762207,7.877899646759033,8.344910621643066,8.182092666625977,142.26338373588993,7.844607917954038,0.02012920379638672,0.01675090380012989,2456.7389517749016,1165.638536338562,1870.9153993069028,333.21732096150237,112.34714673913044,0.0,010120334
/workspaces/Pronounciation_evaluation/data/raw/WAVE/SPEAKER1012/010120059.WAV,-357.4243469238281,80.51362609863281,-20.113676071166992,56.00802230834961,-31.96491813659668,18.935291290283203,-33.72669219970703,3.061481237411499,-20.6524600982666,-3.7704195976257324,-4.810564041137695,-19.034025192260742,-3.495124101638794,79.8960952758789,52.18833541870117,27.144569396972656,35.975616455078125,28.987754821777344,25.82183074951172,18.79022216796875,13.678956031799316,15.016786575317383,11.235441207885742,9.809886932373047,9.965922355651855,7.430947303771973,151.9695438831458,11.337352989051412,0.029054924845695496,0.02196546643972397,2574.4163624118496,1301.8332212319103,1887.2610813620431,347.20420756154226,99.38401442307692,0.0,010120059
/workspaces/Pronounciation_evaluation/data/raw/WAVE/SPEAKER1012/010120265.WAV,-384.9044189453125,101.2967758178711,-22.950613021850586,42.72534942626953,-2.2825558185577393,9.685931205749512,-30.208993911743164,-8.773153305053711,-14.264683723449707,0.9506226778030396,-5.559012413024902,-17.619827270507812,-7.335643768310547,101.96617889404297,39.289161682128906,25.939016342163086,25.511363983154297,20.1312313079834,14.232781410217285,23.83077049255371,11.103663444519043,13.567307472229004,12.814166069030762,8.183870315551758,10.142704010009766,6.664202690124512,141.3728684744801,12.424118865395943,0.025484386831521988,0.022361718118190765,1861.4972023132318,795.0162981006127,1784.0178938253582,338.4857003630765,92.28515625,0.0,010120265
/workspaces/Pronounciation_evaluation/data/raw/WAVE/SPEAKER1012/010120180.WAV,-407.8819580078125,108.55252838134766,-14.150924682617188,38.86310958862305,-21.378664016723633,11.049063682556152,-26.60216522216797,-3.760030746459961,-17.019203186035156,-2.699692726135254,1.0588773488998413,-17.418201446533203,-8.322413444519043,88.9449234008789,36.44426345825195,22.973548889160156,19.233484268188477,20.755233764648438,18.685197830200195,20.515628814697266,12.621304512023926,15.125394821166992,8.993940353393555,8.220305442810059,8.21616268157959,6.68398380279541,146.52808448785237,12.3852010150777,0.021021855995059013,0.02103729173541069,1874.283211160898,781.7513637311337,1866.662096209592,361.8531761640208,129.19921875,0.0,010120180
/workspaces/Pronounciation_evaluation/data/raw/WAVE/SPEAKER1012/010120212.WAV,-377.4305419921875,108.50865173339844,-13.517106056213379,44.392669677734375,-19.176294326782227,8.64688491821289,-21.669618606567383,-7.629181385040283,-16.308704376220703,-1.4447699785232544,-3.431213140487671,-19.393213272094727,-10.183341979980469,86.30987548828125,37.383792877197266,25.676546096801758,23.550689697265625,20.209226608276367,17.730648040771484,19.036903381347656,16.419260025024414,13.49821949005127,9.049407005310059,12.154596328735352,9.741842269897461,6.433521270751953,141.9619621465456,9.894990666828779,0.029725199565291405,0.023262562230229378,1740.5163110708613,905.9980885715978,1758.3637625663482,410.51821626998947,123.046875,0.0,010120212
/workspaces/Pronounciation_evaluation/data/raw/WAVE/SPEAKER1012/010120128.WAV,-387.6641845703125,93.02174377441406,-23.336225509643555,58.97501754760742,-18.85900115966797,16.08553123474121,-35.45970916748047,-3.540539503097534,-14.591833114624023,-1.3592268228530884,-3.944002389907837,-13.987071990966797,-4.716300964355469,106.1260986328125,35.447792053222656,25.478336334228516,24.537473678588867,24.509519577026367,20.409120559692383,26.040546417236328,11.960413932800293,14.316038131713867,9.654280662536621,8.347606658935547,7.007726669311523,7.070609092712402,141.23853696337247,9.58918534890673,0.021479927003383636,0.01929384656250477,2288.62848889874,922.7925600457244,1967.25915777359,318.79928817776283,117.45383522727273,0.0,010120128
/workspaces/Pronounciation_evaluation/data/raw/WAVE/SPEAKER0001/000010053.WAV,-354.3392639160156,65.04425811767578,-38.79243087768555,23.97209358215332,-32.39822006225586,-14.813342094421387,-35.84970474243164,-19.359134674072266,-27.511308670043945,-14.763944625854492,-16.725709915161133,-18.07168197631836,-8.850799560546875,119.03734588623047,38.50959014892578,33.108821868896484,27.501131057739258,29.032588958740234,25.068138122558594,21.490163803100586,17.513872146606445,15.057682037353516,11.451510429382324,9.578924179077148,9.593670845031738,7.396359443664551,276.473695754099,54.287837593670716,0.05876878648996353,0.05989084765315056,2372.6459933157225,1265.1104167413364,1741.4914088209978,373.90917572879596,112.34714673913044,0.0,000010053
/workspaces/Pronounciation_evaluation/data/raw/WAVE/SPEAKER0001/000010121.WAV,-340.826171875,76.26560974121094,-49.0731086730957,4.5624589920043945,-34.41378402709961,-8.92587661743164,-30.617706298828125,-23.931751251220703,-24.480138778686523,-13.322218894958496,-20.712129592895508,-14.62714958190918,-8.91496753692627,123.63465881347656,36.633670806884766,38.08546447753906,24.641498565673828,28.842008590698242,19.180349349975586,18.316938400268555,11.422175407409668,14.590471267700195,11.51147174835205,11.839076042175293,10.414545059204102,6.856101989746094,280.8510055993969,50.0576763241124,0.055388517677783966,0.06361600011587143,2182.3489998053506,864.3404488619593,1773.3613384551113,362.2729434958017,99.38401442307692,0.0,000010121
/workspaces/Pronounciation_evaluation/data/raw/WAVE/SPEAKER0001/000010075.WAV,-319.17523193359375,52.29348373413086,-43.427852630615234,29.87653923034668,-45.17404556274414,-8.188369750976562,-30.849063873291016,-8.418994903564453,-30.191650390625,-18.50788688659668,-14.073698043823242,-19.994638442993164,-10.499544143676758,120.58523559570312,44.845924377441406,24.66461181640625,40.120967864990234,35.6766471862793,19.28293800354004,20.582731246948242,15.611597061157227,17.074268341064453,10.379284858703613,7.549045562744141,13.365448951721191,7.688797950744629,304.9410740118716,59.92542726259786,0.05942542105913162,0.06359481811523438,2759.728252077476,1142.6189290960397,1888.5134911706664,237.90107633126578,129.19921875,0.0,000010075
/workspaces/Pronounciation_evaluation/data/raw/WAVE/SPEAKER0001/000010122.WAV,-301.8962097167969,76.27954864501953,-47.32827377319336,17.84356689453125,-33.821651458740234,-14.19180679321289,-31.41672134399414,-23.18947982788086,-23.6401424407959,-18.98224639892578,-18.941486358642578,-18.57280731201172,-6.529111862182617,120.66595458984375,38.237586975097656,47.473392486572266,25.11328125,31.086851119995117,19.90933609008789,18.85462760925293,13.712763786315918,13.325868606567383,11.34449577331543,12.17363452911377,10.681607246398926,7.942129611968994,306.0956472987649,57.08932516310231,0.08525607734918594,0.07771673053503036,2073.431492195929,976.4967351026276,1688.0552162477215,406.51826311909355,99.38401442307692,0.0,000010122
/workspaces/Pronounciation_evaluation/data/raw/WAVE/SPEAKER0001/000010106.WAV,-323.24163818359375,76.92007446289062,-51.402164459228516,-3.7876758575439453,-49.850223541259766,-1.9346551895141602,-32.45203399658203,-18.42598533630371,-25.39363670349121,-9.160490989685059,-20.787750244140625,-24.035158157348633,-3.6790523529052734,121.52359771728516,37.40180969238281,34.700294494628906,19.18332862854004,36.59341049194336,17.768409729003906,20.66752815246582,17.276872634887695,14.121135711669922,9.105363845825195,10.84310245513916,15.398836135864258,9.205127716064453,360.63990047109985,97.2132198399548,0.06947089731693268,0.07504121959209442,2351.1121939284276,1207.6372087403993,1738.41003945259,360.10525108843655,107.666015625,0.0,000010106
/workspaces/Pronounciation_evaluation/data/raw/WAVE/SPEAKER0001/000010173.WAV,-306.3314208984375,68.0940933227539,-40.672908782958984,5.1195831298828125,-32.646244049072266,-3.385913372039795,-32.147705078125,-12.159483909606934,-23.18311309814453,-6.550222396850586,-11.59739875793457,-20.770267486572266,-7.252186298370361,94.03467559814453,36.591636657714844,39.09975814819336,28.948074340820312,22.74432945251465,22.88604736328125,20.09663200378418,14.487225532531738,15.071537971496582,14.428802490234375,10.526908874511719,12.043142318725586,8.595447540283203,293.6161726706633,79.97871251833145,0.05043257027864456,0.08050656318664551,2507.1610705502903,1164.0085386374956,1862.333402596882,321.3004116117617,112.34714673913044,0.0,000010173
/workspaces/Pronounciation_evaluation/data/raw/WAVE/SPEAKER0001/000010089.WAV,-315.08245849609375,92.1456298828125,-47.420326232910156,23.112436294555664,-39.88459777832031,-16.405624389648438,-34.50887680053711,-17.412057876586914,-29.488365173339844,-21.368179321289062,-18.43796730041504,-18.712209701538086,-13.060060501098633,128.25794982910156,25.913633346557617,41.80452346801758,29.817800521850586,33.0468635559082,19.497854232788086,21.399938583374023,12.503767013549805,12.282181739807129,13.071414947509766,10.50273609161377,10.517040252685547,7.644379615783691,267.49124900070024,59.682054144511824,0.07712797075510025,0.07079225778579712,1859.4558752812125,625.1010796990798,1748.8062084002047,384.57589788727944,172.265625,0.0,000010089
/workspaces/Pronounciation_evaluation/data/raw/WAVE/SPEAKER0001/000010135.WAV,-318.38153076171875,65.40582275390625,-52.378047943115234,15.175530433654785,-42.867347717285156,-9.509535789489746,-36.215084075927734,-12.860211372375488,-21.358078002929688,-15.198881149291992,-20.185405731201172,-18.37520408630371,-9.285493850708008,113.2240982055664,29.02165412902832,34.6324348449707,28.04827308654785,27.579723358154297,21.99966812133789,17.55989646911621,11.44304084777832,13.37690544128418,11.306771278381348,14.383451461791992,11.666321754455566,5.922797203063965,317.5806155875002,71.18671748605766,0.060117412358522415,0.0659031793475151,2441.1751082605138,924.917618441366,1845.1058988611746,284.34564673807034,135.99917763157896,0.0,000010135
/workspaces/Pronounciation_evaluation/data/raw/WAVE/SPEAKER0001/000010133.WAV,-313.4183654785156,81.86739349365234,-48.33866882324219,11.011518478393555,-32.651973724365234,-17.807537078857422,-36.94176483154297,-19.992984771728516,-21.290325164794922,-18.686721801757812,-16.796356201171875,-18.5986328125,-7.58993673324585,115.41836547851562,25.647878646850586,39.54672622680664,24.796281814575195,24.43932342529297,14.197714805603027,19.792516708374023,13.27536392211914,11.496806144714355,8.88902473449707,9.08156967163086,9.713911056518555,8.427135467529297,297.08476240962386,58.71168243966735,0.06442342698574066,0.0726313516497612,1970.5630025927508,623.1217353826966,1721.7846961160776,296.8030878053528,123.046875,0.0,000010133
/workspaces/Pronounciation_evaluation/data/raw/WAVE/SPEAKER0001/000010140.WAV,-274.39306640625,90.62956237792969,-51.27463150024414,-6.246407508850098,-34.44084167480469,-9.469887733459473,-27.89379119873047,-25.165809631347656,-29.36624526977539,-11.922219276428223,-19.093948364257812,-18.659074783325195,-0.3226832151412964,119.28410339355469,36.421382904052734,35.54136276245117,26.177322387695312,25.14128875732422,13.252277374267578,17.33497428894043,16.721864700317383,17.487573623657227,12.44298267364502,13.18446159362793,10.844345092773438,8.297164916992188,274.3219358497831,42.754381828325954,0.12654918432235718,0.11773031204938889,1842.3739792263198,714.2946161073273,1636.8554769440304,401.9362541700717,172.265625,0.0,000010140
