file_path,mfcc_1_mean,mfcc_2_mean,mfcc_3_mean,mfcc_4_mean,mfcc_5_mean,mfcc_6_mean,mfcc_7_mean,mfcc_8_mean,mfcc_9_mean,mfcc_10_mean,mfcc_11_mean,mfcc_12_mean,mfcc_13_mean,mfcc_1_std,mfcc_2_std,mfcc_3_std,mfcc_4_std,mfcc_5_std,mfcc_6_std,mfcc_7_std,mfcc_8_std,mfcc_9_std,mfcc_10_std,mfcc_11_std,mfcc_12_std,mfcc_13_std,pitch_mean,pitch_std,energy_mean,energy_std,centroid_mean,centroid_std,bandwidth_mean,bandwidth_std,tempo_mean,tempo_std,utt_id
/workspaces/Pronounciation_evaluation/data/raw/WAVE/SPEAKER0005/000050099.WAV,1.267196408583178,-0.6910659152888965,-1.3624042867876973,-0.7162332779986749,-0.7892030719318375,-0.8501722538384272,-0.9215932509847786,-1.022734247619599,-0.9510938632041821,-0.9689711738850575,-1.9640567890091636,-1.0183471653281173,0.2640803976854387,0.0901085593184735,-1.2575696162697831,0.1338139879844685,0.5212796550208433,0.1887587498640679,-0.23160256565862192,0.11612939427153193,-0.25405229106482663,0.39436324761429237,0.6306107929368939,0.7403240241379662,2.1597623606231906,0.3962126561654589,1.28406829398402,1.8598019358853741,0.8973556432685462,0.7685990546525261,0.34255599361997857,0.05169303199778496,0.3925309642821954,-0.5445470312355061,0.9166949582873096,0.0,50099
/workspaces/Pronounciation_evaluation/data/raw/WAVE/SPEAKER0005/000050010.WAV,1.7642247851808588,-0.9813255133215985,-0.5809685730340817,-0.45766656482840185,-1.5863814971005807,-0.9447158086507131,-0.5273806782976865,-1.1073616877120356,0.7495795616773852,-2.6229256039513427,-1.192424857639876,-0.3929407600735282,-1.1166852268817051,-0.799164759298364,0.06159764314723066,-0.4616846651999694,0.11669202942372069,-0.23708923175650531,2.160471153399965,0.437253999804942,0.7009677806205018,-0.41345236882423586,2.267685703700608,1.5299069900069038,-0.6205516381904658,1.5629771877913774,0.5318859602624114,-0.5184020247607657,1.6166232410231032,1.5857525117343336,0.8170541406401677,1.1606313497357086,-0.5009342915294274,-1.244380798136583,-0.9656448448636884,0.0,50010
/workspaces/Pronounciation_evaluation/data/raw/WAVE/SPEAKER0005/000050174.WAV,-0.4205288890298956,-0.28225597062828695,-0.09952325212143012,-1.1970108699286153,-0.5688971484857204,-1.4564543088155872,0.24850473949438995,-1.256823561930431,-0.8796890010719689,-0.84737007244191,-0.9435475938520907,0.51835696483411,-0.8132158189243823,-0.28591034994801595,0.19651799262548847,-1.0901360035512797,1.0822516632940835,-0.18608005004975858,0.5373457006631138,-0.0016694311652603185,-0.4174968969811835,-0.548045636063447,-1.7259528357407778,-0.575666021936729,-1.0597620629207989,-0.3140093994876879,0.6082966521730263,-0.41121198660067665,0.22039933070387832,0.49404949040784335,-0.25394960981982023,0.24782853150107612,-0.4893811227386199,1.48756178343045,0.16375903702691041,0.0,50174
/workspaces/Pronounciation_evaluation/data/raw/WAVE/SPEAKER0005/000050003.WAV,1.5848989670493865,-0.39939077439780324,-1.4174048723531254,-1.5360419823446199,-1.0445112888922288,0.2524362567884966,-0.4502006083777265,-0.7248633413534193,0.4525226491923856,-0.488645377299257,-2.3806447836001956,-0.8032757077445304,-1.5041701329345707,1.0208034664400296,0.13847596162103554,0.8349011475339085,-0.7600909772600252,-0.16612827214587111,0.5509224874326474,0.19999221015028174,0.29641331648644553,-1.1813865058109798,1.1739763273377744,2.2793524543201915,0.02472515792780206,1.151659288449322,0.7692411170441464,0.10191470400290417,1.8395545868577676,1.4957509370363231,0.4078318989164795,0.18272771080656222,0.6505926283639714,-0.8486220158519476,-1.1915256212418082,0.0,50003
/workspaces/Pronounciation_evaluation/data/raw/WAVE/SPEAKER0005/000050040.WAV,0.30821937820102047,-1.3834279513690122,-1.9643984935156795,0.4645210489014112,-1.4354415348436549,-0.8623187536107729,-3.056488536202084,-0.7078709945102766,0.7911903213770756,0.3117138244522237,-2.524490601686856,-0.45047537180716707,-0.06138203090860586,-2.1012206538026734,-0.07011011292344442,-0.6402395972339223,0.4030055020925591,-1.1124842286363528,1.1262072551281046,-0.4787548503768378,-1.0372437961242285,-1.0712837783308502,0.1723161470520922,-0.31000783317232183,1.105678337280254,1.5056018606757438,1.9178783053781139,3.6883506650832203,-0.612818165717595,-0.863988427189889,1.552084383818842,0.2720859379885936,1.0692358977875793,-0.48444577401430633,0.5204128944660475,0.0,50040
/workspaces/Pronounciation_evaluation/data/raw/WAVE/SPEAKER0005/000050083.WAV,1.1465888915731524,-2.360407109826248,-0.2885644908696819,-0.8681524329135176,-0.4870120126891909,-0.3928690808971753,-0.5416335303003579,-1.4944555596678324,-0.4261352134130911,-0.7315874546977116,-0.37152526960166254,0.7065988752014083,0.4560304950451967,-0.9151846207357163,0.733512310840624,-0.8902760108862054,-0.6853927936810873,-0.23438258085164576,0.1773461639581955,-1.2788924217883095,0.6343375229113868,-0.44891925189716336,-0.860015483506325,-0.9934644764396307,-0.704166813314915,-1.6358711939015167,1.2800181307671565,0.6254539786968544,0.9208434937191708,2.2564134121731723,2.004294257584222,1.0060740757864854,0.6898751786279771,0.1664510468826606,0.5204128944660475,0.0,50083
/workspaces/Pronounciation_evaluation/data/raw/WAVE/SPEAKER0005/000050114.WAV,-0.8276671947580545,-1.246927091529116,-1.3268805634128853,-0.19272817212672308,-0.69847313182398,-0.008889364319586665,-0.4362745399906036,-0.6796325509975831,-0.9621796244185834,0.06436320240535937,-2.8114839966724388,-0.7604958720591473,0.5177143032209077,-0.6275363068679163,-1.5242786670686252,-0.7631098844790232,0.6472961983314104,-1.1223682896037876,-0.6877781325102917,-1.0379521718475853,-1.0410584665403642,0.1981284238107762,-0.40433423204246244,4.87906006904906,0.1764689430878212,-0.9440742132138887,0.41543075221734593,0.01926374316175946,-0.9929380045618974,-1.0774577567831698,1.0755617817513035,-0.6559854559129701,1.8741864028532362,-1.1396641986217715,0.5204128944660475,0.0,50114
/workspaces/Pronounciation_evaluation/data/raw/WAVE/SPEAKER0005/000050047.WAV,0.7387773508623449,-2.3300358554393936,-1.9855575444092302,0.16545450887135302,-1.5136377613381538,-0.6901596574182095,-1.411115719891299,-0.3101052725659328,-0.6588643199041275,-0.3161558048405432,-1.8224535747231427,0.1563280631128904,1.280631553444695,-0.9630508694038283,0.9603355267056017,-0.7618636822829029,-0.9536163416516976,-0.6974753190221059,1.614622833378408,0.5765831162634715,0.6371953550517357,-0.36038364929282624,-0.7928703028891991,1.401564003907192,0.08808262550359378,-0.29194422157722855,0.6245419212930668,-0.5247298085330195,-0.28630472255410755,-0.33531048704394556,2.761342763388944,1.253881097215829,0.13003648272781745,-0.8440319028871591,1.8578648598628087,0.0,50047
/workspaces/Pronounciation_evaluation/data/raw/WAVE/SPEAKER0005/000050118.WAV,0.7856436361291251,-0.8667263585991147,-0.6762274579144049,-0.5620009523721492,-1.268724933680955,-1.0712953523925706,-0.3151308133031812,-1.0656745508759877,0.7070539208764495,-1.36561930015985,-1.262937605385772,-1.0267250629828442,-1.171305148103556,0.24820512760773247,-0.038927783598897744,0.06437644957925759,0.07706029668421849,-0.19539427203809498,-0.38662477666861755,0.8792704912623611,0.9676610846222236,-1.6186238141114206,0.7705994429231319,1.814566062239948,0.9007085197953933,0.6087936288629161,0.5922794844318835,-0.3864391938363073,0.7159054563388288,0.5695841111307993,0.3034374854093314,0.4053967294243215,0.009144274020359241,0.0077691599070667736,0.5204128944660475,0.0,50118
/workspaces/Pronounciation_evaluation/data/raw/WAVE/SPEAKER0005/000050055.WAV,-0.16321561851298247,-1.523739944248674,-0.9240430841655264,0.2806760677515533,-1.218561001215486,-1.2476808334580134,-1.225617222670704,-0.5249399341421872,-0.8122495905055407,-0.8622020448667382,-1.4189938946770948,0.07784522660360763,0.11451129907094212,-0.1227451743767683,0.10731632722636787,-0.2581357828020704,1.2066493150547162,-0.4598285389146301,1.3076588342867363,-0.10520062312990659,0.4971009851144627,-0.43114776826784557,0.43805589200216716,2.0949739620727286,-0.44532444702665536,0.6751565620465393,0.9843662676147877,0.11024504019475934,-0.2644127885289749,-0.2658025562184399,1.517426037261442,1.17989052423875,0.7017989070029718,-0.10598602925466541,2.422566800808108,0.0,50055
/workspaces/Pronounciation_evaluation/data/raw/WAVE/SPEAKER0005/000050122.WAV,0.4825360860490119,-0.5496513235787999,-0.6813329740372629,-0.4919359910820898,-1.477105964390736,-0.0452868984615546,-0.4652409276958777,-1.5943619679599637,-0.5294152645131615,-1.2196510139292902,-1.7337707822041206,-0.9928784608769126,-0.5974376712968676,0.31976177964270786,0.41393743821138146,0.2286936855629228,0.9524725207640944,0.8168719364233241,0.16600027950808258,-0.5606465119291425,0.47876816103661773,-0.17571053722292823,0.550870684582358,2.24083007352726,-0.006011050062159772,-0.06503964608123437,0.45504983323908754,-0.14478587015464855,0.6330368828968371,0.06673969790005443,-0.013592655247044078,0.5095966087486732,-0.16915475591971915,-0.31748795796964874,0.16375903702691041,0.0,50122
/workspaces/Pronounciation_evaluation/data/raw/WAVE/SPEAKER0005/000050175.WAV,-0.40411658621351365,-1.0259196725687898,0.149353085090121,-1.218006992954909,1.2316277141079648,-1.806816995037999,0.3595334944755998,-1.6983212317025518,-0.43074278414738587,0.03430592318448426,-0.11996508860628846,0.9526274825693348,-1.0840676673717238,0.7864818621214035,0.05992427031734739,1.1019346689036278,-1.3340678362248026,-1.6653215512633535,-1.0424119435625534,-0.551063838773434,1.7404009986920135,0.36845863871002293,-0.7555738977593849,-1.075958684909312,-0.3806986139370279,-1.8293341098655134,0.6885610310346275,-0.5394044659638781,0.40290785173307636,1.4425467525739533,0.3721081440399373,-0.1606001005800491,0.7425971835038431,1.8594448055852943,1.8578648598628087,0.0,50175
/workspaces/Pronounciation_evaluation/data/raw/WAVE/SPEAKER0005/000050100.WAV,1.6165723628629645,-0.7381504962410853,-1.0702190982603892,-1.156438402978038,-1.1241508752092089,-1.0034657178639181,0.060696542420064406,-0.7836065601571001,-1.6592877498924545,-1.041454880009319,-2.22505431705678,0.7096457394139162,-1.2260096306372725,0.7747992987036072,1.4151303218875295,0.04024812771524919,0.5680648092426291,1.1471419819329027,0.9424728018346412,0.04542067485102053,2.2075825712981536,0.8846072428442817,2.811699686592183,1.6179830822184194,-0.4293359281500764,0.9249276800148494,0.8414745868543131,0.4514051472190124,2.542588121332594,1.8208812588826773,0.4603451509520933,0.9931116243366036,0.0758449471815538,0.2677755601815859,-0.15892778637040353,0.0,50100
/workspaces/Pronounciation_evaluation/data/raw/WAVE/SPEAKER0005/000050028.WAV,0.0607582196197296,-1.4989892813196424,-1.4667620507240615,-0.28698018422601956,-0.15714559201526754,-1.2501121879095276,-1.3057924260571296,-1.066651434747549,-0.6081903734880192,-0.33880037786673495,-1.3265312832893406,0.2088025221209611,0.5262977034836265,-0.3060086351765825,-0.8121753132104016,-0.37971646024114064,-0.3689008482877731,0.4730275244110622,-0.3178641220095896,-0.5845170807020293,0.3035247809323385,0.5579072329585555,1.2109422469647722,-0.45200247148696254,-1.3594482654988977,-0.28811778930850307,6.7952195233891075,7.604124082449497,-0.4294483909299481,-0.35872274696974105,1.0519840463802315,0.02974058804581074,0.7571266499304199,-1.709416978497471,-0.15892778637040353,0.0,50028
/workspaces/Pronounciation_evaluation/data/raw/WAVE/SPEAKER0005/000050024.WAV,1.1484870402047866,-0.32599919931927374,-1.8917963235652078,-1.4612767490117577,0.32744820198338803,-0.8290621815376125,-0.9597648864820008,-1.0618140649108647,-0.5430460471452523,-0.12944849348155751,-2.2221728706304402,-1.008334585648653,-0.4253222654155712,-0.8101020399971476,-1.4268768191717696,-0.3495120824691148,0.7759835842062165,-0.8549352071891112,-0.5041090082745162,-0.9964643286918374,-0.2264378538743543,-0.7854300090805494,0.9286270478998977,1.0720073145435574,1.5449142899460748,1.3458278060956188,0.799505869382725,0.12157711753335533,1.0882864985412026,0.8242554562438892,-0.324687980747779,-0.26333114224368553,-0.1976336805580767,-0.3819387916712312,-0.7201222618439929,0.0,50024
/workspaces/Pronounciation_evaluation/data/raw/WAVE/SPEAKER0005/000050078.WAV,-0.266885005383577,-1.0731640081646208,-2.7608314245240018,-0.17814087609751045,-1.7600222998795696,0.7359733762025874,-1.2621792994876864,-0.7478419394325416,-0.861702854763129,-0.21364855682064424,-2.164211704503549,-0.3606294677538451,0.2698657925783112,-0.966509452966131,-0.6451688718665612,-0.3112947103817746,-1.8510859147916119,-0.885042654704521,-1.22451778473387,-1.1308210707114694,-0.8573257889649338,0.6455390788164408,1.118753125394665,1.4115637478188656,0.3947391017930717,-0.21786718015411344,0.5338991405577018,-0.48620118591825506,-0.962938992449478,-1.1325175184004164,1.362789471152013,-0.30208618446279106,1.0017752764251115,-0.6977187171186,-0.4522794440043257,0.0,50078
/workspaces/Pronounciation_evaluation/data/raw/WAVE/SPEAKER0005/000050038.WAV,-0.07424299531589329,-1.4931173863242182,-1.8369668042669782,-0.2130501081695879,-2.4902638682896554,0.32620467759626676,-2.186098461141974,-0.27589420762698713,-0.3457288291900311,-0.4925843438989781,-1.4709651717868504,-1.1415743100763043,0.7501038752927618,-1.8446695372049895,0.24721090100273857,-0.7527922489213104,-2.206470290099166,-1.2485470169708182,-0.3421009595529854,-0.05998520601046386,-0.7846388436132056,-2.0038041169174363,-1.7631079542347101,-1.065589538573745,-1.3514012292052158,-0.6463359142852851,0.4264511145298054,-0.16567938755294154,-0.9455433495839916,-0.9745173688893815,2.168294914704475,0.9093306047139775,1.2286221679494647,-0.9083040172300919,-0.7201222618439929,0.0,50038
/workspaces/Pronounciation_evaluation/data/raw/WAVE/SPEAKER0005/000050079.WAV,-0.25462431829352805,-1.529087347971136,-2.5778341193864858,0.6256987650518355,-2.3717524320065877,0.43014527617456455,-1.438901059827111,0.2004085151620899,-0.48138772675187647,-1.264929181963145,-2.3967420403786677,-0.39178396975963187,0.49124899703934577,-0.3465723306076028,-0.5396878810980007,-0.2413514228471544,0.6514317338949924,-0.8081807782618411,0.8791599591535423,-0.2855262257271674,0.10826635923663433,-0.40356005379595206,0.12993015628750074,2.0219251401684213,1.2742263879295508,0.3869073251947587,0.4295575600377048,-0.06822517779727354,-0.7374269618920686,-0.9941730332600148,1.8100044838301745,0.3835896695923268,0.7440192217222663,-1.2116317007953035,1.3595984413816615,0.0,50079
/workspaces/Pronounciation_evaluation/data/raw/WAVE/SPEAKER0005/000050049.WAV,0.22329331527137058,-1.5123838692947933,-2.0604500892453683,-0.6132896480993786,-0.8137612704727566,-0.7819468176901386,-0.4220200027465957,-1.2659480647299672,-0.2951804818885808,-0.08669219050918536,-1.3768418653327472,0.07291437961043473,1.2635912691785145,0.22494462187868702,-1.1096100209114117,0.15297970960860055,-0.6955254548287901,-1.1208926391664893,0.6105429026301306,-0.3642675642084711,-0.2965075858421258,0.009037973589563398,0.2561456732182243,0.025109174544390413,-0.43222087169104423,-0.41143254012879676,5.769274335983343,6.802739948617645,-0.45995150523697853,-0.1481773557803411,1.3120022511010632,-0.6178911439929657,0.524625050865584,-1.1382693189794963,0.9166949582873096,0.0,50049
/workspaces/Pronounciation_evaluation/data/raw/WAVE/SPEAKER0005/000050095.WAV,1.0993397864142778,-1.5297037528746869,-1.7044845447575754,-0.6863846965497223,-1.6685348775581512,0.33968595553854253,-1.0576271573076343,-1.4826823143430616,-1.2329463471215367,0.8950377672218662,-1.4729645125969149,-1.2020786028564794,0.7756901740120149,0.30345039803081364,0.8054446475957223,-0.16547492072549735,-0.6989243928048409,-0.4251000376319975,-0.6739393009331522,-0.49394441144792267,0.8754174358958595,0.10800944761197293,0.0018008724006109437,1.9438203762975077,1.3656100867031922,-0.6109986693816336,0.5465121531305197,-0.501425718735921,0.5753770386592276,0.4216105992537243,1.709328786034458,0.9613675367321828,0.9229969114708844,-0.8524975729435598,1.8578648598628087,0.0,50095
/workspaces/Pronounciation_evaluation/data/raw/WAVE/SPEAKER3014/030140043.WAV,0.12180424169425465,-0.18726213920501594,-1.0181657909447865,-0.46501949071376697,-0.4332802081467928,1.6647938934800035,-0.34635481158450865,-1.3034846577284025,1.9213125547951018,0.8640266889673126,-0.9716744150114356,-0.8561812438712295,0.3642255481291222,0.594405499746324,-1.5400017144900962,0.19527209726109918,-1.5497471653097155,1.507928235857741,-1.2348669760510735,1.4980336738304787,-1.1159603022602351,-0.2402134760686607,-1.9541617867489105,1.6657034818821521,0.12989394186538417,-1.8088957873856315,0.5982947989262845,-0.03700815691427672,-0.3894078730302823,-0.047209592028861304,0.3848255521481285,-1.3263665936009517,0.5083631333772213,-0.9363263721373717,-0.15892778637040353,0.0,30140043
/workspaces/Pronounciation_evaluation/data/raw/WAVE/SPEAKER3014/030140017.WAV,1.0001476321897287,-0.1288036112041095,-1.0660701295353914,0.09648905328741676,-0.13751320871339975,0.3938392731005027,-0.10914836083960341,0.4753328242992101,-0.3682637819887577,-1.0301921023893494,-0.28282128091527525,-0.8283570170943761,-0.46165796614285726,0.9727458562570306,-0.8945876642527143,2.0236215733411407,0.39285042611795257,0.26950065351274227,-0.19854169100725047,0.7164293579017206,0.04307065434747821,0.12491350297990678,-1.053805757762116,-0.7448528395015125,0.10646732834728807,0.15065844546312915,0.10473365632894509,-0.15069841822569607,0.4469664378344691,0.6869080396899149,0.1024206632504148,-0.4442144591043376,0.2809808402022165,-0.6790472322965395,0.5204128944660475,0.0,30140017
/workspaces/Pronounciation_evaluation/data/raw/WAVE/SPEAKER3014/030140009.WAV,0.0988388983686618,0.07863852303854398,-0.8549754680765898,-0.26981864786265725,-0.2233395055663821,1.0016147769891142,-0.41442078994845605,-0.5971877236386384,0.2219282232364132,-0.8879345203000604,-0.4841639211832926,0.4316023901543009,0.49420014380534255,-0.15562207177937362,-0.9766414354029093,-0.4196335431002236,-0.6558941085518207,-0.553355593874358,-0.9714332581084811,0.7322496883572677,-1.0434301290118675,1.4403158536096303,0.24123789141828597,-0.898655669857991,-1.1149858713206882,0.7907379035818494,0.3912198455323427,-0.31123567742471736,-0.5702944174236035,-0.4255706653649175,0.12590582918798787,-0.7021260905521125,0.22135832931339391,-1.8344679165927091,-0.4522794440043257,0.0,30140009
/workspaces/Pronounciation_evaluation/data/raw/WAVE/SPEAKER3014/030140095.WAV,1.200732054961208,-0.6684963774031988,-1.4081690735474603,-0.6454883995310126,-0.16409523689208816,0.4110424152413452,-0.18729177598908475,-0.8833948110951538,0.876924201380193,-0.5394053251710624,-0.04566364917741498,-0.05076803269622304,-1.4269585756496757,1.4594774835559536,-0.13597483409194866,1.8714390356555823,-0.04790159037431449,1.320469745823019,-0.30081008078659566,1.9512106428675884,-0.3293782922059223,-0.06785229322118808,1.4599404783628838,-0.21982239222985603,0.574443147081702,0.3040939624689961,0.26021261457568223,0.03926476080969499,0.6803591484014537,1.1401728339382189,0.5908167677506796,-0.4498300757562725,0.08761080502341745,-0.2673721049097318,-1.4000309532831496,0.0,30140095
/workspaces/Pronounciation_evaluation/data/raw/WAVE/SPEAKER3014/030140089.WAV,1.013461073983037,-0.2633239511467971,-0.9351009945376735,-0.62920733714132,0.0756424315728414,-0.44972069933164466,0.47920370741977586,-2.0090279263963033,0.04593939951662207,0.05390155238149943,0.13917531012625903,0.4284402297806743,-0.7715523622411423,1.7093781217406339,-0.9144669098330364,1.8244462600114397,1.0329575943093054,1.1730442132329562,0.4847205946762349,0.7791288037763716,0.6099997988295666,-0.797115443296332,0.30019498064030875,-0.3818078922123374,0.6925847115393583,1.2224228600050482,0.562224938505436,-0.35095418305980414,1.0177145439530824,1.5244426109459661,-0.36028419405256,-1.733388793243182,-0.7056486262880031,-0.35003417385475016,0.5204128944660475,0.0,30140089
/workspaces/Pronounciation_evaluation/data/raw/WAVE/SPEAKER3014/030140025.WAV,1.3014400879538777,-0.532255939516637,-2.044226822924777,-0.3100340397392517,-0.7337574820550142,1.5017572996728088,0.2255669196615158,-1.717691083006889,0.4598734760915997,0.8273521580559715,-0.45422753885191935,-0.7223539876097111,-1.5481864589569145,0.5241647910115362,-1.0059234425987658,2.3327614858022936,-0.22153997929019764,-0.020812255823789667,-0.5845203353665521,-0.19755548018396718,-0.5532960635832576,-0.2537437804270876,0.45033122338018333,0.2803840091876945,-0.19303788403650282,-0.2719115922266238,0.28545446504910976,-0.4195156629872211,0.39435702617452617,0.36547169750938396,0.8871871663434525,-0.2671291257789104,-0.021237690566153208,-0.023350267548910102,0.9166949582873096,0.0,30140025
/workspaces/Pronounciation_evaluation/data/raw/WAVE/SPEAKER3014/030140053.WAV,0.8713094874996756,0.03776504214704763,-0.8154736197910954,-1.3770058274700319,-0.1838606520990248,0.9110925316229664,0.9086742099349353,-2.4752126254155766,0.7907986438167077,1.0211604484142744,-1.0642698721458153,-0.06563157870779872,0.5039017291449887,0.7620446542739769,-0.9217257570724908,0.5730205132521569,-0.31425852431145884,1.0046188842736041,-0.47278433226036926,0.9716134553182494,-0.4992431561259428,-1.0011526660720602,1.2089604228622295,1.8729123632206908,-0.25837505735098615,0.045135918020598326,2.32990352299548,4.401085218364987,0.7599292954930481,0.7869043626439628,-0.5628403519968627,-1.1312235962664912,-1.0773860387113763,-0.7682554284505737,-0.15892778637040353,0.0,30140053
/workspaces/Pronounciation_evaluation/data/raw/WAVE/SPEAKER3014/030140092.WAV,0.42231675693112053,-0.9246724316358265,-1.0368197999203597,0.05042540547821647,-0.0486471691771093,-0.08124280786873792,0.053251912213621404,-0.44405162135317333,1.5614769551153456,-0.1799742882508237,-0.17799378670827265,0.707083641173931,-0.8483867367442745,1.2484810598322398,-0.11533001287697843,1.6016047139674057,0.032456336997603315,0.2746807627893235,-0.6334063849513171,1.1026698903455059,-0.32233658253860226,-0.546714162813555,-0.9169412030232403,-0.26973738733774555,-0.49873347736095475,1.7109055968749356,0.4095440198561988,-0.3020459723063806,-0.15240175141725182,0.5826391662525632,1.1021533680358284,-0.24565552083158548,0.2449529067339682,-0.3414459945505057,-0.4522794440043257,0.0,30140092
/workspaces/Pronounciation_evaluation/data/raw/WAVE/SPEAKER3014/030140126.WAV,0.6958322193466282,0.5929660450881977,-1.0682167998584962,-1.2068763130652023,0.651691480342099,-0.7161842271490249,0.409460301110849,-1.4650126484143933,-0.6098700724912706,0.040951573803981796,0.1663361036345869,1.5720555860839829,-1.3755657500736687,1.2064610385980625,0.7528110705477706,1.102480292465396,1.2934603937994686,0.7817724163849327,-0.31338094578310116,0.5217343706257412,-0.3393775340253902,0.4091653916716502,-0.04943962533642177,0.6093130188832568,-0.0182684747270754,1.9415946619831075,0.4579650092107197,-0.2770839118685626,0.7067865543886491,0.907240473285289,-0.654119868710092,-0.8536311409680268,-1.4668842530331117,0.9958240869597278,-2.095048726754287,0.0,30140126
/workspaces/Pronounciation_evaluation/data/raw/WAVE/SPEAKER3014/030140128.WAV,0.23094586291319244,0.03310151960456098,-0.5761660377381739,-0.2350237232846931,0.9070542185750603,-0.8776433438065977,0.05747390137315377,-0.740991141119764,-0.08282491371310863,-0.30522156450681254,-0.1327566059105245,0.12015465395162624,-1.3450147313677308,0.7822418540032803,-0.1293085766882736,1.2892556668108575,0.7232430423538523,-0.1729245539498069,-0.14442543106421651,1.4376736247441515,-0.46602931261906194,1.3263821845626287,-0.9780750320150372,-0.6328097353561657,0.9341231531965252,0.19089184596448736,0.33864349618373696,-0.4110062098196889,0.3750131111223152,0.5609456230378077,-0.436138079482724,-0.28847671490590454,-0.9363656564413899,0.1782987287403137,0.5204128944660475,0.0,30140128
/workspaces/Pronounciation_evaluation/data/raw/WAVE/SPEAKER3014/030140086.WAV,1.4292425288266697,-0.5000912751234157,-0.9192779209540001,-0.5303438030863478,-1.4608262758767236,-0.737865101837959,0.3283101090093042,-0.9603065177607273,-0.41485727042084086,-0.4629772973160903,0.11297222600559258,0.9777795359033237,-0.750238290277015,0.2287627216071295,1.109324715382902,1.0601720055139194,1.1128386269157378,1.2900152053753375,0.982706272730493,0.970585371698603,0.14352422913383805,-0.30225464596871315,0.4219263483104392,0.11763585557456385,0.4591090818663408,2.125574454653508,0.3234738670139064,-0.2145296868569429,1.3600007484777674,1.4660577667023635,0.6948079401374131,0.9556232680330646,-0.6652878009147412,0.7309626131359068,0.9166949582873096,0.0,30140086
/workspaces/Pronounciation_evaluation/data/raw/WAVE/SPEAKER3014/030140132.WAV,1.1719815110249132,0.19563910372847046,-1.0932625475277244,-0.18793871776231957,-0.9931842359452836,-0.14952696531990192,-0.2229485718007812,-0.9990777483990201,-0.04929827293244517,-0.03561200580417569,-0.9321317324565551,-0.8567642508746225,-0.565349603257114,-0.32812858062405453,2.3269495630292374,1.0928776206220634,3.1096341104069896,-0.3386027939927727,1.468822948155231,0.7217375994185877,0.8239775142601637,0.13984519578590343,-0.4035905035468361,1.2976558718221252,0.6696703777154517,2.4876969584288844,0.32984671294000567,-0.3653096876541199,0.8285181404604209,0.41937413858913647,0.17971979871765908,1.2690844752513188,-1.9278780878107658,0.8135449335664383,2.422566800808108,0.0,30140132
/workspaces/Pronounciation_evaluation/data/raw/WAVE/SPEAKER3014/030140129.WAV,0.42291573805538873,1.2826997890174323,-0.83868680060833,-1.5715107133853066,0.31785064063545665,-0.6873495050740045,0.9934325803400847,-1.007060936526369,0.14500027875101737,0.1672983253913622,0.2114581843142016,0.7607501319640138,-2.826546024167925,1.2118591072555824,0.4868436396242579,1.490274289342758,0.20033488832450996,0.2682460642051237,-0.5219649697521073,0.3785329820591071,-1.945879229987708,0.17013012891330467,-1.0465704664163145,-0.29259720684171514,-1.3160522093216522,1.0159417600308667,0.13760845468787616,-0.25775201434652917,0.7085088809318727,0.7143965940115775,-1.3834646416938376,-1.747941255147793,-2.2031790305199173,1.0292758402825177,1.3595984413816615,0.0,30140129
/workspaces/Pronounciation_evaluation/data/raw/WAVE/SPEAKER3014/030140010.WAV,0.9012821949420531,0.24732374304964488,-1.4987665694862808,0.05798422316801698,-0.89019682333842,1.2301174124239702,-1.299042574892652,-0.42238497734346486,0.29401757532280376,-0.5352346152777475,-1.0182367259700955,-0.14561735506224538,0.6414781163583739,0.2019774356883651,-1.2585795406494824,1.6352824576416602,-0.6433789058893533,-0.24404861354026455,-0.6073408195105504,0.5522377085265838,0.47799064186332446,-0.7824332517840094,-0.7095792448652145,0.21026909499624544,-0.30714144539515764,-0.7643759120770738,0.32063929192021745,0.09870618602888072,-0.004278592147562507,-0.13118894939294187,0.11972622902803962,-0.9316425352217106,0.6031965991354964,-0.8607199350637617,-0.4522794440043257,0.0,30140010
/workspaces/Pronounciation_evaluation/data/raw/WAVE/SPEAKER3014/030140173.WAV,0.24192278329613204,-0.8991102297065574,0.4789365518259429,-0.11911207119241021,0.09529498774555979,-0.5745563159628859,-0.8118215328369371,-0.8254088470582466,0.1927526586125205,-0.6891649102642932,0.7645406855389101,1.0044702926464164,-1.0654837458555704,1.3651807682419637,-0.43073154006701536,0.06354236730745168,0.23631996060443203,1.0031108834270843,0.2339760140390475,2.735520836120893,-0.7798285822665186,-0.6265929616034721,0.7649501553165381,-0.4497003028094746,-0.1579814315034849,0.6368744230095996,0.504369977334951,0.493183407529768,0.5483820992014476,1.571968070953056,0.9103617985267852,0.15179603764603414,1.0646485979191047,0.4073893935882399,-1.593091445914021,0.0,30140173
/workspaces/Pronounciation_evaluation/data/raw/WAVE/SPEAKER3014/030140144.WAV,0.16602543951695337,-0.7838279232773572,-0.3460839104318474,0.5104631770755561,1.1077855512682322,-0.9056983070942002,-0.314972707025054,-0.9873796852987239,-0.011181463704458057,-1.0380293365932673,0.9453509404534176,2.0013874580196642,-1.2942270108070961,1.539762579400181,-1.5701196516032316,1.1988093499491397,-0.17691824232707326,0.2536007643638394,-0.5654338075867066,1.5364819749907788,0.598472997818709,0.9506531141407263,0.0035382352333638194,-0.1335628668830985,0.13063109685646465,0.17911895056246624,-0.05749734435882591,-0.37909343838714465,0.23668062811492557,0.8664852221359011,0.2685283727601144,-1.1970783892028043,0.5856528643173198,-0.5638041349394334,1.8578648598628087,0.0,30140144
/workspaces/Pronounciation_evaluation/data/raw/WAVE/SPEAKER3014/030140075.WAV,1.4015381392506672,-0.6774805700566111,-1.4823918127522142,-0.535826610945726,0.2019854851853234,-0.9962260802550882,-0.3320055944181331,-0.5328174791179843,0.29329071458295836,0.15969336999413705,0.2978945527931182,1.3592424974948076,-1.9135583853027383,2.0633756196200013,0.04318852469141427,1.9319492438693069,-0.35411595117012185,0.4478022928206531,-0.019323442757545346,1.2875994046790786,-0.07054473118388248,0.02684647114706352,-0.32287853914201486,0.09562241415171613,-1.1014368478523346,1.002193476857561,0.2507349976243968,-0.19183532875621837,1.8875835545953656,2.261279203482313,0.5311943837805012,0.1364805469664035,-0.5047106745942984,0.020443212128990414,-0.9656448448636884,0.0,30140075
/workspaces/Pronounciation_evaluation/data/raw/WAVE/SPEAKER3014/030140134.WAV,0.20171734414036036,-0.818364469971047,-0.7279267314663576,-0.002782016129021884,1.3084378281161786,0.654695446240276,-0.8136452703706868,-0.2700071484226532,0.16240332234281263,0.15077533647815503,-0.3610027280737403,-0.6853039795600625,0.4736753373822181,1.1973335128223759,0.6555421140736614,1.1489400630390232,0.7251042459118576,-0.25515086960494365,-0.6520861239890512,1.7527072532884937,0.5673370012008547,0.9249311758264678,0.4226913106357346,-0.530385302017621,-0.8019402403906186,0.2044244770718172,0.1738201648745659,-0.06926031633681251,-0.026381631974170573,0.1709799469308496,0.6983677309384413,0.24349905602125663,0.66579216539257,0.509656937363939,2.422566800808108,0.0,30140134
/workspaces/Pronounciation_evaluation/data/raw/WAVE/SPEAKER3014/030140099.WAV,1.2953072692802405,-0.27759536597883416,-0.8861700358909931,-0.4124556291900662,-0.22578751070473915,-1.6641739101059447,0.024392460731344358,-0.8648265478176997,0.7364211628640766,-0.6167292664406677,-0.14413796191732633,1.1539152623371827,-0.49913367134661846,1.087717984867347,0.14868868006742977,0.7895654321610752,0.43206361993442327,1.8021572296272128,1.6332170860655617,1.009615548806441,-0.5521370069089796,-0.5541186620578058,-0.4061184181919228,-0.01709809691107541,0.12615711103900423,0.6255417399143695,3.151956213182242,5.24376914811149,1.3359916938194631,1.9678153469967499,-0.16040118155936542,-0.6843725985491925,-0.925186097578126,0.12626906664167564,0.16375903702691041,0.0,30140099
/workspaces/Pronounciation_evaluation/data/raw/WAVE/SPEAKER3014/030140147.WAV,1.667464857339702,-0.8756821017954401,-1.6679083967922343,-0.06123948115645897,-0.6415474711344802,-0.44088403575741897,0.6597760910096427,-0.44978482377296936,-0.5036775342906681,-0.7096058468880856,1.559805573310699,1.6938395927128385,-1.5858663895615417,2.630008858852603,-0.6366930720537167,2.42094555955222,-0.006992985426413312,1.8780196132183222,-0.554986258394545,1.68579680509858,-1.3484336029186816,-0.4787418536438434,0.4064828206542065,-1.0055164842296582,-0.8973352670048282,0.4676413714427445,0.34332391909035165,-0.5435305242531177,2.0389455998736765,2.2206482895988935,0.64375296567663,-1.1740491750635575,-0.3181744241512838,-0.7495597705605572,-0.7201222618439929,0.0,30140147
/workspaces/Pronounciation_evaluation/data/raw/WAVE/SPEAKER2427/024270127.WAV,-1.542973313507803,0.12400227657360129,1.0934333839624264,-0.4278785456040745,0.45291727959658606,-0.18593596963595574,1.1786609793355451,-0.3180758009767737,0.6755562858737376,0.20206102433490733,-0.3619837902155627,1.0545539878607233,0.3579687485043762,0.43264300788360166,0.7341891240828492,0.43034373739711046,-0.705673188015274,0.7984247895316632,0.49608056494547853,0.036757726887180646,1.6968500606755026,0.38599398718640043,1.2224967170483463,1.540535428428473,-0.37089588670933665,2.0982746105013343,-0.026006453943920635,0.27986755610945874,-0.9576185471364397,-0.8806279736224134,-0.45735982589126556,0.9540548656258367,-0.8291237817298375,0.9824425879574485,0.16375903702691041,0.0,24270127
/workspaces/Pronounciation_evaluation/data/raw/WAVE/SPEAKER2427/024270313.WAV,-2.723303295836136,-0.057026725183580054,1.63570578157163,0.21498907360637995,1.8698761753935542,-0.5884421824151871,0.8910134169402031,0.08350864441961386,0.051106869918666815,-0.04356290266335717,0.43285393932873073,1.1974770670428627,0.6147440422484848,1.0789248661922286,-1.5664627419017598,-0.6865557693770937,0.21171234529038946,0.40543067037602787,1.043829984831658,0.48266851452339093,-1.073791777128183,1.2327485987942932,0.6233363006747782,0.018844555965535147,0.11629644400267555,-0.9130355338456053,-0.7481803908426939,0.2504870689941486,-1.062564416898604,-0.9045772989761838,-0.9316522089125755,-0.8922581122685913,0.4760860327366479,0.48605831285149637,1.3595984413816615,0.0,24270313
/workspaces/Pronounciation_evaluation/data/raw/WAVE/SPEAKER2427/024270270.WAV,-2.2029273060493475,-0.45941985832456195,1.437684425800368,0.505049526732063,0.6027202915828686,0.7317912309619882,0.36598398549718886,0.7795261797325889,0.2052656595655708,-0.6693277646596272,-0.0704244696657716,1.3520135587166182,1.0879183885724577,0.2863583527438732,1.6560248986104256,0.6351574973581844,1.67680108226785,0.8862436821809551,1.3535013755036596,1.2847741568914108,0.3195613340670375,0.4779074534589314,3.272036591325514,1.1092454130083598,-1.2970686039015464,1.6077385393302932,0.18316781607512736,0.3800605635902038,-1.168549482793251,-1.1913279717889758,0.5237834678269461,2.2027117440048576,-0.061170212674838347,0.8991128258297734,-0.15892778637040353,0.0,24270270
/workspaces/Pronounciation_evaluation/data/raw/WAVE/SPEAKER2427/024270155.WAV,-1.5428534072772333,0.36619214001832023,-0.012858611931555894,0.4378195296110401,1.1344211920316134,-0.44793724848863625,0.7635485032028385,1.0558072733720072,0.4748679422838375,0.3949100015480905,0.0394129605183251,0.7315363471517602,0.40236351097909523,0.4274092894734606,0.1304974329384698,0.6441572576894609,-0.5252740235504406,0.8247806005276753,0.547097944679953,0.6687838048227264,-0.9340433627088854,-1.2923302719925855,-1.3234424549138295,0.6044691788578427,-1.1248247392210933,-0.8046282424499719,0.14815498538793867,-0.03245281301557467,-1.1173156520994767,-1.0451819046422168,-0.34934246030412025,-0.18045343992121232,-0.09326476257957818,0.3731854189998122,-0.15892778637040353,0.0,24270155
/workspaces/Pronounciation_evaluation/data/raw/WAVE/SPEAKER2427/024270183.WAV,-2.0069620232977075,-0.7481643403990683,1.4577080493713366,1.0671462060076247,0.7150095785027629,-0.40421755136886295,-0.2109043051716425,0.5113484808965225,1.2471396977720464,-0.4272458551764476,-0.4824460457584713,0.0012130457582303765,1.349099815227571,0.12941337750742365,0.8061108698706707,-0.010925658820575345,1.268457813776896,1.3844514416275586,2.6782153499501407,1.3761471808742667,0.9967403721627415,0.03155992072383628,0.3875101216153672,-0.7335977362536923,0.6130471221554528,0.5579220117300765,0.28706140577582157,0.08689075824185678,-1.0400984795937147,-1.0163018016313012,0.2246015639099019,1.4913501037314554,-0.25425546744370475,-0.15619880861607646,-0.9656448448636884,0.0,24270183
/workspaces/Pronounciation_evaluation/data/raw/WAVE/SPEAKER2427/024270028.WAV,-0.9920047340683061,-0.14119334976548426,1.4528236236077923,0.5079284553219124,1.2872675814527086,-1.3552040418723812,1.1948935302974835,-1.1661394418343136,0.4013606821199277,-0.23157646434908713,0.6587849963749668,0.5417023055693753,-1.8940386847109756,0.34466540740514734,-0.6798981665656032,1.0898809813193633,0.2586864796907186,0.878471159382078,0.07423408218476378,-1.0948751444625726,0.0014193010080822913,-0.5649880762457916,0.30801338561628216,0.15830208972045706,0.08491085122679691,1.602098922307205,0.1966367267556439,0.028387910300829027,-0.2968123260624873,-0.3581202032117751,-1.648391149975895,-1.0366382544256985,-1.530664250255181,0.6002066037736292,0.16375903702691041,0.0,24270028
/workspaces/Pronounciation_evaluation/data/raw/WAVE/SPEAKER2427/024270178.WAV,-2.2815450911881503,-0.5166204096909434,1.927121672415531,0.17829014381964514,0.5184218625248505,-0.41681739940733814,1.0096230768704861,-0.15303777050103393,0.6416472991938358,0.2587053240168394,0.10633006190785543,0.40059529320280485,0.5153484424128149,0.5405286733968985,0.9214091829739232,0.18016978219017304,0.27271545609419734,1.6024069320220653,1.600670586671379,0.5334000803869816,1.6948490145022799,-0.8234251490812641,-0.6971726993089814,0.753030351193945,0.23757421572588483,2.7826273264124017,0.08003705834450697,0.05698567694279389,-1.0906894917646823,-0.9862796295245071,0.22494748044817967,1.6181329727023337,-0.15258030523882624,2.268063353728451,-0.15892778637040353,0.0,24270178
/workspaces/Pronounciation_evaluation/data/raw/WAVE/SPEAKER2427/024270197.WAV,-2.1540077640912054,0.11498744604332531,1.8222995936986592,0.48094892281768287,0.4684196765013367,-0.7111093430578855,0.7136238414201993,0.4372652992820004,-0.09034598037616569,-0.5572191684094181,-0.328017055246543,0.6218970072693663,0.6706043322683757,0.157459062429808,0.17776038091305685,-1.1398945001081973,1.3113188274405452,1.668466467652223,1.291637429321328,0.7251345920812778,-0.13959139306590704,-0.10567367339238018,1.0027663253360595,1.4226448056938892,-0.14709276310994515,0.00803002923679577,0.35073739044506314,-0.42132586808469097,-1.0338112276214877,-1.0484756345982698,-0.6437857468698642,0.7547158658840857,-0.25971844416322737,0.5856065734070898,-1.1915256212418082,0.0,24270197
/workspaces/Pronounciation_evaluation/data/raw/WAVE/SPEAKER2427/024270292.WAV,-1.979989721762477,-0.028944193145709195,1.9832845742958007,0.36180257611454725,-1.0501277069171573,-0.24027944333697843,0.7519874412260393,-0.500796254107012,0.9224297946695549,-0.8843220828124567,0.29343941417345193,1.351749813309561,0.5502866491617231,-0.047821244472478756,1.0389628677755594,-0.3303615030344856,1.3247646318820154,1.7821208688825492,1.2620586663024262,-0.576524985931302,0.3808613402619162,-0.1081642309488712,0.07530857951837819,0.5214875926022405,0.02876258736533078,1.8456350602337992,0.05116945141244892,0.08821670634710381,-0.8230067020824079,-0.8552961788833419,-0.42864970151804527,0.8899949817870426,-0.8835281063770886,1.7978025378760782,-0.15892778637040353,0.0,24270292
/workspaces/Pronounciation_evaluation/data/raw/WAVE/SPEAKER2427/024270051.WAV,-0.665392262625036,-0.13050984915606956,0.7920892593143464,-1.0696866222729424,0.05281982687537452,0.30158387982348234,0.8047614630995256,-1.3541094574100014,0.5521864293978431,0.7625059732192687,0.3060901371683006,-0.14665475946440215,-0.059875266323690786,0.5577968625832272,2.723545984356422,1.4974168601314584,0.8659489701437505,1.204840621696468,0.9980025008696666,1.0880789435156808,1.9416491716266484,0.07153222138829084,-0.6852044417754265,-0.6967193992154578,1.347256935240439,1.0426521799476394,0.11764358660270706,0.2844899355427222,-0.4023942730777543,-0.3399066722238478,-0.3091799917146139,1.405071666190873,-1.8188441468356218,1.2661883243806202,1.8578648598628087,0.0,24270051
/workspaces/Pronounciation_evaluation/data/raw/WAVE/SPEAKER2427/024270057.WAV,-1.244102633584015,-0.9516808143003497,1.3105424258188447,0.28431711216645716,-0.2598066039370168,0.7072399912730177,0.4382995296970871,-0.42263744410371695,0.2617723986015278,0.5215982096752231,0.5391301053116649,-0.21541408334873835,-0.01377760126772679,1.0586340781276133,0.9439336487148041,0.8389542069242876,1.9714841740097202,2.02507850783721,1.9261792952243004,1.0146343940344873,1.0878274302928572,-0.5630129719113964,1.0474499253623935,-1.1815547526579597,0.2916005058036882,-0.4554114569773961,0.42231134171622114,0.04411063190721741,-0.627854364188077,-0.6090725223033014,0.7030306279682873,1.9821207100212244,-0.026657266380914747,0.6492098296787003,-0.7201222618439929,0.0,24270057
/workspaces/Pronounciation_evaluation/data/raw/WAVE/SPEAKER2427/024270168.WAV,-2.4889845201595886,0.06161298191851158,1.4480877685636306,0.11160332958767477,0.35240349712618674,0.011395661583777411,0.7507065046064425,0.4806805965569209,1.1984434329976796,-0.3918031884754426,-0.10156053042330271,0.49470950464872815,0.6430515159944923,0.40624158631577373,0.6015594495272345,-0.8081155001206849,2.5817494783426733,1.68851765566778,0.4581814542819663,0.43261044474139515,-0.7734048012942395,-0.26954735687471176,1.4186586467411388,-0.504769172119974,-0.7074865922513996,0.30978405914952406,0.1016757998650116,0.5425531389917342,-1.2242769805282612,-1.1391658499020876,-0.2611955259829383,0.49731783734834206,-0.11534072506988692,0.30618636980730374,-0.9656448448636884,0.0,24270168
/workspaces/Pronounciation_evaluation/data/raw/WAVE/SPEAKER2427/024270176.WAV,-2.3767500882319643,-0.7400128414703936,1.4525304307077038,0.9317703686623564,0.2607241599253256,-0.15414442439629086,0.5162667605250111,1.010362965498663,0.763145527095687,-0.5284048150913302,0.016194284439309703,0.3978372349969031,0.5771659078539155,0.23287984748010648,-0.25553525502682956,-0.18605769891731128,0.9281145602462454,1.2710605614390154,0.21624536777992162,-0.1801802503379512,1.457626399854183,-0.29673957066954537,0.407872819811844,-1.0727446808530614,-1.063807236788195,1.439405213422512,0.4545518614387438,-0.4741819705113329,-1.1748000875946276,-1.0915417698692929,0.344283773674443,1.3030942967936836,0.3788176883624358,-0.14563552195778368,0.5204128944660475,0.0,24270176
/workspaces/Pronounciation_evaluation/data/raw/WAVE/SPEAKER2427/024270053.WAV,-1.2914045414866269,-1.2630845594713664,1.9790361691320026,0.35805048448842125,0.8527661153148814,-0.17972194524373272,0.8568724957108058,-0.7887326297357672,0.7432288618648669,0.09820548820999206,0.6837672983272589,0.5058948855806892,0.21963381682542532,0.664369628319436,-0.26664517970118107,0.20805235757169527,0.4035573705894095,1.7023730663505743,1.5738405012543946,0.7424710595628855,2.8440117837229963,0.1668581662062985,0.6290182557116347,-1.3890482971280989,-0.04510952132447968,0.15659537282157948,0.1075404806418573,0.18143019742760438,-0.470716453322904,-0.21633654034951458,-0.26660264461410765,1.0534314235929827,-0.052462146247571645,0.7131244456226806,0.9166949582873096,0.0,24270053
/workspaces/Pronounciation_evaluation/data/raw/WAVE/SPEAKER2427/024270077.WAV,-1.736674678621713,-0.26718468836815024,1.6945460707411548,-0.2146732350674132,0.4015924075005436,-0.2169967864759243,0.9457496725445586,0.0698032644305046,1.0733639909822146,0.8059236348689104,0.9052328035204429,0.6439663458109369,-0.2272675787924251,1.423595487532886,-0.013712707837693267,0.20848416234236486,0.18528410498428652,2.4769584593781513,2.58145840119376,0.30453386647802594,1.0171087675062345,-0.19235892230915824,-1.0941941351662028,-0.6754407032731043,-0.8277601695684718,-0.6853618859215581,-0.040542442471853395,0.35578481552898583,-0.8772829718516658,-0.772814861946025,-0.6783827845374772,0.21510521218451176,-0.15256425908206134,-0.5780167140042061,0.16375903702691041,0.0,24270077
/workspaces/Pronounciation_evaluation/data/raw/WAVE/SPEAKER2427/024270011.WAV,-0.9315158909459241,0.09931507781806977,0.8956403951928378,-0.06866976466316446,-0.11422680972394489,-0.5330938823090282,1.5612766786674348,-0.012454553208141988,-1.2344933852125193,-0.08900895405374976,1.0885950977813652,-0.40861303251637754,-0.6841190139125239,0.25637051964355956,0.4750342067778003,0.4946076943886992,-0.39205768325365287,1.1472231949393856,0.8618062299856151,0.2609539568477648,1.279677027556854,0.6309233752862236,0.20249486358504712,-1.1750650929046575,0.9050190120934313,2.7440096461230685,0.4720429780501818,-0.13623932342991305,-0.1831037558021474,-0.39641831741228933,-0.634724400586506,0.8131370195203236,-1.0099153267794492,2.373796551819847,0.5204128944660475,0.0,24270011
/workspaces/Pronounciation_evaluation/data/raw/WAVE/SPEAKER2427/024270245.WAV,-1.942502523852007,-0.3393981641339765,0.9507098855388443,0.6130820630395454,-0.16427297624066375,0.5711222837719272,0.6752398655145617,0.5146407832632607,0.7304420901508513,-0.6411738328708857,-0.162414973395528,1.063114358005915,0.6945477325233209,0.07750038443801133,1.2204113538320391,0.8853539134795516,1.5753863573333333,0.6587542566021498,1.9700129072025718,-0.7332562016020849,0.4802101120906671,0.28704581822988223,0.48779205457564734,-0.2778241544113902,-0.028024735375562323,1.0515922757498049,0.05756478945181469,0.12203711825444324,-1.1966478640410554,-1.2502057819842092,0.37481764500677917,1.4988112961731928,-0.3479469930535329,0.6922563458406323,-1.1915256212418082,0.0,24270245
/workspaces/Pronounciation_evaluation/data/raw/WAVE/SPEAKER2427/024270019.WAV,-0.8923901578938599,-0.9297557660386605,1.4291251062125852,0.8498847083678455,-0.22802833500733327,0.33467860267314586,0.6741637623192444,-0.07487845119879881,-0.5468218390037624,-0.37231011003688635,0.3594779221023463,0.40682302622263034,-0.9687044060236777,0.5086645083056842,0.6443878082030984,0.6384491569863733,1.3825500556376598,1.4599364037777514,1.8433279642564495,0.4557524572559709,0.9089148783762341,0.12257408563016088,1.195602166171037,-1.285583143499158,0.41994005024300696,1.2429985168470823,0.32061569546467056,0.34197814834791607,-0.5767502916251777,-0.5361030062126897,0.9360759402921661,1.6836355108529975,0.7070714180023283,1.1234609121288959,-1.4000309532831496,0.0,24270019
/workspaces/Pronounciation_evaluation/data/raw/WAVE/SPEAKER2427/024270336.WAV,-2.0775262899594344,0.30779671145428616,0.7438454854305532,0.1685972239860788,0.8384462848121564,0.197008874668836,1.2998335083294479,0.9357771543350317,1.2869857646900928,0.16875425162927826,0.8807176490765183,0.5125201945704404,-0.33372830388895647,0.9934646397575264,0.5282417133858515,1.4245253883005473,-0.6037483325374503,0.7085765826705853,0.777221371828996,-0.1405615900613699,-0.1380691183274403,0.291909379848729,-0.06104799667992666,-0.6850745967072649,0.16070587316960486,-0.28143925639443007,-0.1764523653223372,0.13789103935631358,-1.1684960503132809,-1.0958111895581264,-0.2862998229293676,0.4883206964685673,-0.18605282479521804,0.9745137432121446,-2.377399697226937,0.0,24270336
/workspaces/Pronounciation_evaluation/data/raw/WAVE/SPEAKER2427/024270206.WAV,-2.3613382874036852,-0.5093993539036643,1.3253392130257673,-0.26784736227057543,0.7257493605110193,0.01395585971769414,0.9173500621415446,0.9299743962314314,1.1583039231681798,0.7243039079278042,-0.11636235632187975,0.47643597677909855,0.41938052859362446,0.7826508274197878,0.6639407511249109,1.2656091189428786,0.112294085800361,0.32554436765457384,1.5352327281732836,0.3501413120556889,1.3723712639690546,-0.7477707362059336,-1.6484477240733162,0.26933085946282875,-1.1150458189444763,-0.2268295463933846,0.2721911195959847,-0.01116294005428471,-1.1767250141762169,-1.0756280310454613,0.5153730592775796,1.9553615926505097,0.33283712992460773,1.2716662127290521,0.16375903702691041,0.0,24270206
/workspaces/Pronounciation_evaluation/data/raw/WAVE/SPEAKER9618/096180012.WAV,0.43818563150987433,0.585585599393905,0.1617044477517698,-0.7059065789302463,-0.10286239566962029,0.2397017839156199,-0.4821733134237911,0.6689741867258157,-0.0041998679374902915,0.5378395186983543,0.070174761041625,-0.9508431338364596,0.8945560435592156,0.041131805159397274,0.7476270442312034,1.0475883412970401,1.9929529406322928,0.8222805204650318,0.08466487410933995,1.0598890139997519,0.11496810243262273,0.8543051736390177,0.41648558780034844,-1.2042268264245102,1.6559200793577777,-1.349655619131446,0.22832848809334938,0.1096022173835592,-0.1307073501673572,-0.30588701229048726,-0.21149880014386432,0.11035443311344673,0.004573234805753193,1.0087649641094205,-0.15892778637040353,0.0,96180012
/workspaces/Pronounciation_evaluation/data/raw/WAVE/SPEAKER9618/096180028.WAV,0.04891170405086891,0.4137804222556001,1.187634253385616,-0.8927095752291914,0.5166837243553444,-1.089744044883245,0.41867137064559656,0.3917459971397426,-0.0643320834256603,0.45321010773214154,0.6661053145948556,0.10419279235843451,1.1078752514811436,0.20229358165033556,-0.846207117064438,0.5433862389149292,0.30363323164393485,-0.1342968174057033,-0.015364841864167193,0.6174166242791225,0.5538612939522732,1.1860438758593417,0.6188717518723421,-0.4369132958284967,1.3082186984326434,-0.36569797048835806,0.9579009865135649,0.7305601572937915,0.121618827138292,0.25861750345255996,-1.1661542003439096,-0.8724930459364078,-0.4949635463290449,0.5427247399107904,-0.9656448448636884,0.0,96180028
/workspaces/Pronounciation_evaluation/data/raw/WAVE/SPEAKER9618/096180004.WAV,0.48099545599476456,1.3118444341198832,-0.3060953352378603,-1.6776737344795247,0.03059768312646976,0.397984934895817,-0.3556329843652051,0.5543298312222412,0.27600343403057637,1.2798395070074813,0.1523951871849197,-0.565355248522298,1.6922282817956007,0.4721194046872922,-0.20697264406773103,1.3705439874609888,-0.6808634527965727,-0.481000196832909,-0.018318492420318425,1.2497871586802056,0.8773649329461374,0.1128058358055993,-0.19315889585854898,-0.7357502157621569,1.4363586086798241,-1.7991454188467675,0.006787010187264331,0.00298707676739117,0.14371100854391214,-0.10077891657733587,-0.9010359372044334,-0.7093937842913812,-0.6792423473884843,0.6895648935753114,1.3595984413816615,0.0,96180004
/workspaces/Pronounciation_evaluation/data/raw/WAVE/SPEAKER9618/096180015.WAV,0.0013248813435088316,1.564042670673146,1.392950902800618,-1.737611948368959,-0.28858220464873935,-0.928133299664325,0.5271321242372977,0.022523831214724552,0.4311349862984329,0.951417305880694,0.2381815604035622,-0.10494121748343382,1.2009231759363108,0.28907051226600017,-0.35311437554264513,1.1419125728905488,-0.1902450163084384,0.5358142769749847,-0.24355074030600954,0.3482683850845073,-0.33028334284307176,0.16746786785663517,0.3118011741551295,0.164407885553874,0.21835540910239987,0.7556931437521872,0.22857111641713793,-0.01299010418394121,0.05994263394893962,0.005530161437166465,-1.843495783876912,-2.0055585369677558,-1.839572471694774,0.6168873924919336,0.16375903702691041,0.0,96180015
/workspaces/Pronounciation_evaluation/data/raw/WAVE/SPEAKER9618/096180021.WAV,0.2038311039755869,1.1429688215882765,0.6718823670003613,-0.8216675664343508,0.03508623775951671,-0.36478173394538654,0.03990526043878384,0.6615167406185188,-0.807692461182755,0.4998442618718112,-0.12558059415566203,-0.7390741063711963,1.2585950230632053,0.2424003681760291,-0.9449784778966612,1.1103875438240112,0.15594155071827537,-0.10094118661440506,-0.4782899446685216,0.25489733740896947,1.0839010817716301,1.1461469739374814,0.8671817894062723,-0.5599679411839309,0.24094046124157376,-0.6336406516131328,0.31833329340154926,0.39830049748612606,-0.16333853401539206,-0.35105668363815984,-1.1653453469789505,-1.2767980012154623,-0.200413388719676,0.21064492982877972,0.16375903702691041,0.0,96180021
/workspaces/Pronounciation_evaluation/data/raw/WAVE/SPEAKER9618/096180007.WAV,0.356118067113578,0.8950099188776017,0.3366560770088658,-1.2069063224872738,-0.4933321186054118,0.045793331718658715,-0.7205378313744765,0.840097830235494,-0.10898584737816241,0.8824263165968406,0.09774308783760602,0.07672063219885422,2.098979401158846,0.14441566374610437,-0.23529490789551405,1.1203490855585718,-0.07260620778409194,-0.08646640038839198,-0.4858239150313668,0.986543132355234,1.2259454148372115,-0.08053196267453537,0.17215280990078355,0.11316091055213354,0.4092045494623988,0.3154073445187346,0.557332030321549,0.1474817818603985,-0.017215676866353218,-0.1314360138020095,-0.339992544389903,0.007519309270098889,0.4752857731194911,0.6856747052552246,-0.4522794440043257,0.0,96180007
/workspaces/Pronounciation_evaluation/data/raw/WAVE/SPEAKER9618/096180002.WAV,-0.06609982218018047,0.9138489305186136,1.3372199209997364,-1.281673574972609,0.19603085353289065,-0.6950012340225958,0.2801909535132274,-0.039282723703673125,-0.021820061805832024,0.7052419510035148,-0.42201663523532845,-0.3304706024843004,2.2908266975284235,0.2634558414194177,0.05340830378266032,0.44681339218018273,-0.02475557635935334,0.02034690024189075,-0.7770200539019663,1.6318246174741737,0.527569379179807,0.8374432730226248,0.10437279222223819,-0.1943478327666422,0.6875026445619393,0.4552501002370861,0.12646650745503957,0.2829468027615993,0.2073838843802492,0.11474783696266203,-1.3228544457236247,-0.6893462632220781,-0.9737951656933147,0.9923963136126608,0.5204128944660475,0.0,96180002
/workspaces/Pronounciation_evaluation/data/raw/WAVE/SPEAKER9618/096180009.WAV,0.14894155180366458,0.7923602656049027,0.4597184023385156,-1.2123009545138985,0.7182323309243283,-0.6259371018545319,-0.06577561096626705,0.2471150962058685,0.5957872288850941,0.953090382680256,0.18414858631695893,-0.3145398926086037,1.7068552255519827,1.026025010757773,-0.5753653195342882,1.022059619273803,-1.0174785022732213,0.5538172797067106,-0.696160652046232,0.9429658656134544,-0.2434541445808378,0.34025368271353346,-0.027786563644606712,-0.5211644492057825,0.16773953647360418,0.2832852083852548,0.18627578130510267,0.0979468005302471,0.3104449584750796,0.4743056270845117,-1.267831267317841,-1.600327844454794,-0.6848108761053008,-0.165244735656848,-0.15892778637040353,0.0,96180009
/workspaces/Pronounciation_evaluation/data/raw/WAVE/SPEAKER9618/096180019.WAV,0.44740741069213447,0.6661365897693585,-0.04435371359119396,-1.185143440202716,1.0517225988483505,-0.193842789037448,-0.562626122019487,0.9056863178206038,0.2535792001301126,1.213419984685906,0.3611383707016322,-0.9539637005761125,0.6737650816988926,0.24158432354494938,-1.1273014752512172,1.3543362925563234,0.3089320194312709,-1.0239853034265523,0.3824429762567702,0.6471742271465193,0.46453959539504813,0.8196923526867417,0.887144856039214,-1.112633799872313,1.8460383750028855,-1.2736224909825393,0.7398967744072193,0.3296224864019515,-0.20572890470485203,-0.1298207027596461,-0.5422072822247218,-0.8520038166905325,0.2693292988220549,-0.0581614776945854,0.16375903702691041,0.0,96180019
/workspaces/Pronounciation_evaluation/data/raw/WAVE/SPEAKER9618/096180022.WAV,0.13166515408716647,0.28892596772652346,1.1285854354930274,-0.5565075732924858,0.34541477867069154,-0.6534787124121826,-0.1839718505559232,0.6869322856208314,-0.7989993883232851,0.816666663556728,0.09798930843292836,-0.09227987165721155,1.6683258470715345,0.2048345429981103,-1.3987918434441855,0.8256250422441965,-0.22862808860443665,-0.06892472797150094,-0.3577507903241074,0.536358794043009,-0.3695898082724371,1.6085715749228806,0.791952508713711,-0.3940585552893909,0.03879018988991192,-1.1689503230634977,0.8056772752095666,0.30519183551382245,0.07965211584125896,0.08415013538158912,-0.6689767914162355,-1.1302241264033221,1.1954212169347822,-0.29165957206056564,0.5204128944660475,0.0,96180022
/workspaces/Pronounciation_evaluation/data/raw/WAVE/SPEAKER9618/096180017.WAV,0.5548439433112259,0.5947291819543297,0.2852098992248004,-1.6636216003024775,0.3879689953861022,-0.33587912939933284,-0.4923949149454847,0.38004905570973113,0.7500453881126711,1.325189785227074,0.13729236338640532,-0.2796760738057075,1.16848712826552,0.012326000342888268,0.5449270258342716,0.753353895443271,0.09109275125049177,-0.08262984404478753,0.11173198986202595,0.9514499781233198,0.8913433678160536,0.0016211363692506032,0.20933487902468184,0.23588725457754026,0.9477034412150851,-0.28996215267481373,0.5864900728661095,-0.3775637996376147,0.1740391212992678,0.20772438201436635,-0.5466932688497284,-0.2616465302926821,-0.2871821589286071,0.8889015449327066,-0.15892778637040353,0.0,96180017
/workspaces/Pronounciation_evaluation/data/raw/WAVE/SPEAKER9618/096180011.WAV,0.018400518628088666,0.07755707893260992,0.9230537645114323,-0.7880820092163162,0.5374283416176238,-0.4663850542289046,-0.22247409976264057,0.2121822091549744,-0.08899188068420522,0.24484637889290045,0.3953561939904563,0.2263426793899045,1.5541488039401692,0.4394643040305706,-0.8088527754758413,0.10926521799191892,0.2835251995993813,-0.0870911676664802,-0.18583191069105096,1.859959191754922,0.10202647722604931,0.9465075541843058,-1.0037968221459506,-0.874603411210954,1.150990709603573,-1.7301657093032146,0.009736103177766615,0.1476874454074454,0.10724824987470248,0.28037294694649023,-0.5111790301702099,-1.0829503015441122,0.9235586241440569,0.824177237074142,0.16375903702691041,0.0,96180011
/workspaces/Pronounciation_evaluation/data/raw/WAVE/SPEAKER9618/096180001.WAV,0.34342285744485884,0.1437407287425158,0.9895171664063894,-0.9696706770121943,0.5996389309948323,-0.20210886903209613,-0.5552033999504202,0.24686677053104514,-0.06579110125356008,1.6700268685602069,-0.6760824003869055,-0.4468328832755212,2.183803934689307,-0.059718376268796544,-0.18739851921136205,0.6222109253328763,0.8731677037940795,-0.2525314974082967,-0.3101217786672033,1.0828997630530368,0.3057276932071908,1.4834775210857958,1.4209780342897214,0.27678740976383853,0.43332185139237217,0.09052306884218679,0.49653615237849047,0.34861836807468766,-0.15865837359359428,-0.1935506182196334,-0.12693360266213521,-0.34974941793136455,1.3856571240913471,0.7771174805132438,-1.1915256212418082,0.0,96180001
/workspaces/Pronounciation_evaluation/data/raw/WAVE/SPEAKER9618/096180026.WAV,0.17445077731451156,0.8823776304577291,0.5669667746527042,-1.41358059481664,0.04620421566182786,-0.595764385699829,0.21290079897916053,0.6950942134237866,-0.19230244883823805,0.9971344607774572,0.6455495610829931,-0.6987361128543526,1.3984882427310452,0.6040428156411936,-0.9250538424565775,0.4819157635168714,0.07975084883763062,0.4758076377035288,-0.7389064987851516,0.5809971805104663,0.41411569790786823,1.279995507232802,0.4596441632906298,-0.4310185870944483,2.0222425116529306,-0.47271521543463874,0.12310043321341435,0.12695180750433385,0.1637399089871139,0.29831991314837697,-1.0483624513979275,-1.2144393072849382,-0.2931479517144665,0.19330660651773798,-0.4522794440043257,0.0,96180026
/workspaces/Pronounciation_evaluation/data/raw/WAVE/SPEAKER9618/096180027.WAV,-0.04880087329187896,1.153549101731595,0.887628365311005,-1.777520490817482,0.13199634585066652,-1.2380214727991017,0.5624094343407363,1.5383172831370193,0.09346580185456466,0.4513352094333926,0.7815299990412999,0.05817213386195272,1.5456485238826567,0.6014147334446922,0.011201786185532452,1.128298230308146,0.05218254405974287,0.27324521338012203,-0.5748878208123155,0.8003886392100766,0.9386399260638502,1.8372312852572286,-0.326435477840346,-0.550175225004332,1.1803300519100477,0.3580745326218032,0.8060288362190998,0.4878828335311669,0.06447059550314786,0.16003236374163785,-1.3127328008788377,-0.9840397128341097,-1.0960277129552674,1.2316270040770836,-1.7723619033569733,0.0,96180027
/workspaces/Pronounciation_evaluation/data/raw/WAVE/SPEAKER9618/096180024.WAV,-0.068175630043348,0.7817920217703526,1.6403351929111694,-1.4604165159610407,0.0535522293035541,-0.9868065337579881,0.6702227488516557,0.36731586676623623,-0.22848634317719832,0.04787475408703795,0.21844681948488606,0.09078102080127817,1.7656931830022131,-0.25489418648042794,-0.1357393111529627,0.24094295976160465,-1.0765276585111485,0.34565115793598006,-0.05062213286398723,0.34266722342750944,0.2899063934548572,0.48025886606318013,0.3718537112052632,-0.03801246463865337,0.45504641132405804,0.5393677682293441,0.5190430396994257,0.29907850562451904,0.21600420383315116,0.2990176330581366,-1.3803249215386952,-0.7477303454408399,-0.9606364823137015,2.07686790327933,-0.15892778637040353,0.0,96180024
/workspaces/Pronounciation_evaluation/data/raw/WAVE/SPEAKER9618/096180010.WAV,0.2588548631211765,0.11564652513250671,0.8336036666409723,-1.4767963130542157,-0.47046916816624307,0.06845936307644519,-0.41327743030343167,0.4170751432147356,0.15426434838876923,0.7541090943573233,0.42681943977330317,-0.028696779803297854,2.118886412224374,0.8660555344411006,-0.6384415903180944,1.65095765221546,-0.6095336766535928,0.5342004633316373,0.6330301842940237,1.7405759546729418,0.5536407561169844,0.4897508823126039,0.05195354470992915,-1.138636077083949,0.6158855991172174,-1.3617458682622243,0.6687869974039383,0.32844125359621473,0.23854103757844627,0.4145341092458958,-0.16674940906339042,-0.053631545904167535,0.7360381593176394,1.3210298794563846,1.8578648598628087,0.0,96180010
/workspaces/Pronounciation_evaluation/data/raw/WAVE/SPEAKER9618/096180016.WAV,0.04351977387529255,0.40565044278805534,0.3546585214894778,-0.5350893918263898,0.734571811100592,0.06444120907980463,0.0424482896157583,0.06338551573070127,0.5035610348066462,0.889862217202624,-0.058991725276462556,-0.3160332606969961,0.8981628539098231,0.28518165062549283,-0.2006407586309666,1.248704883321062,1.3406273730036693,-0.03299690266366909,-0.17580523606013007,1.0701601596051213,-0.543731203793998,0.6347152465955684,1.2397892212573918,-0.5079826687553126,0.855708792974128,-0.5250329262835473,0.3061944095912205,0.07627224716836953,-0.12986509864563994,-0.10221818751939034,-0.6471042768436953,-0.20729023725968543,-0.46836234970096746,0.2161498054806274,1.3595984413816615,0.0,96180016
/workspaces/Pronounciation_evaluation/data/raw/WAVE/SPEAKER9618/096180025.WAV,-0.05972829110256498,0.6006784011151709,1.1247252001829744,-0.3386518149983503,0.019607648477120997,-0.3703787873471706,0.1584318073304192,0.8058255039097667,-0.5374203165196483,0.09641988672050186,0.05109525280829868,0.057582339612848664,1.6342408538193665,0.378721289568457,-0.49049636841531435,1.1628663347251937,0.7415880323237346,-0.07086137174020461,0.14188827146525,0.7589455049178224,-0.0005141041677356302,1.0369661674463375,0.7816236117221248,-0.011390626493535123,0.3327085132012259,-1.123066912668402,0.657335748405758,-0.14866246901807137,-0.045224430897542765,-0.2516214885038494,-0.8619041791527757,-0.055640653614290006,-0.0650004526957948,0.12303743876031256,-0.4522794440043257,0.0,96180025
/workspaces/Pronounciation_evaluation/data/raw/WAVE/SPEAKER9618/096180023.WAV,-0.16745743892653311,0.3832118453522835,1.585504561348524,-1.5810138336582846,0.051524764914280805,-0.7821562404971184,0.5885250065194633,0.5358045430743901,-0.10414145421683361,0.6054173223835059,0.314959562492043,0.006845415506829849,1.1728491153782845,0.8481619012578042,-0.33311106434564003,0.6275586419257861,-0.26095181484853114,0.45919940938604836,-0.11450520836089209,0.6424989574211822,-0.45938428921777225,1.3126993691112303,1.280847825439015,-0.047675281064793754,0.7244292334925622,-0.8524647701792449,0.9054444716750967,0.07977995294845366,0.0003067380642267061,0.24270841609479524,-0.9690561285184968,-0.5517144716958694,-0.051242763709867314,0.7638285693272319,-1.4000309532831496,0.0,96180023
/workspaces/Pronounciation_evaluation/data/raw/WAVE/SPEAKER9618/096180018.WAV,0.310662055127444,0.3848531601842239,0.1794452876417112,-0.7738174811933846,-0.1418083945664013,0.2738596859536457,-0.6009558637948367,0.7664761462175941,-0.08116640010269102,0.9729964421268498,-0.020404349055385254,-0.34611415965683334,1.4505880402050904,0.2766510358177129,-0.6375706093424439,1.5577872554621017,0.5567781709719588,-0.21558463420998986,0.18698960716520346,1.579715225748433,1.6316046819288774,0.48182818807379935,0.9400497593480808,-0.5408934816830603,0.3530528436321038,0.6815771290641369,0.15241417504185467,0.08043881460420788,-0.0013203963216170608,-0.06973252742352255,0.003814288406193668,0.36421412160150873,0.6385062299198636,0.6002439000137268,0.16375903702691041,0.0,96180018
/workspaces/Pronounciation_evaluation/data/raw/WAVE/SPEAKER9618/096180014.WAV,-0.18880569822517693,0.521848602893479,1.1219186894224873,-1.3902544809828354,0.5918193083453828,-0.17011201228278952,0.5317447829794125,0.23571666458551724,0.6987153250363597,1.1319240320339665,0.7788793382105006,0.015572943331651098,1.5330916607061635,0.6864671277840486,-0.36857718776814774,0.3668982157481742,-0.09469717908448613,0.9441431640684367,0.3292311230454504,1.0276845368790828,0.41390925194703926,1.2719065930387348,0.08971001614926179,-0.8634802374002392,0.7924362272961427,0.6218789953583714,0.2020948013766357,0.4609780872535267,-0.12712244247641336,0.3004334677673245,-0.9388354372383392,-0.774282179887859,-0.4663868120501302,0.09212704713724465,-0.15892778637040353,0.0,96180014
/workspaces/Pronounciation_evaluation/data/raw/WAVE/SPEAKER9618/096180005.WAV,-0.4665316294251413,0.07108081534240311,0.5343952234911485,-1.659497669707683,1.478540382043001,-0.191782579937781,0.16940855017468132,0.8819753963704371,0.9796206453491033,1.0061207889483463,0.630884924913016,0.4809313958551112,1.5785614580215264,0.5576884370728048,-0.013204341408361643,1.0911049749708788,1.4839709639727015,-0.4276520131427671,-0.683598772830896,1.6363954931044558,-0.09592525397569197,0.7985868737485566,0.8740272494176173,-0.9543857086167529,0.12513255165062312,-0.5237338174523766,0.5004860256239562,0.1549839443197181,-0.36170279283954293,0.16134550839231335,-0.37941029967834033,-0.8585106849622491,0.4864776586219851,0.9306644591070843,0.16375903702691041,0.0,96180005
/workspaces/Pronounciation_evaluation/data/raw/WAVE/SPEAKER9618/096180020.WAV,-0.3884974246103501,0.6094342686386283,1.0762246704861997,-1.6339967557669697,1.5330674702146077,-0.6336523097522528,0.09259371801349639,0.6454414956523149,1.5192388303600115,0.6580840650530198,0.0337882124541121,-0.18874194802336586,1.3896082725505459,0.7161833264477233,-0.46267641903556134,1.1440678111965163,-0.8368331611749883,-0.713833842618409,-1.5424968943850546,1.8216487612771197,-0.7660900615592716,-0.04104838295071105,0.7165740467562879,0.2205367571494235,1.4841847655719491,0.7425528435118709,0.0015892092602947953,0.5061448135786434,-0.3261340441654488,0.06489181355443784,-1.2742898022361724,-2.1127140319159374,-0.39158448566698956,0.16527151335820875,0.16375903702691041,0.0,96180020
/workspaces/Pronounciation_evaluation/data/raw/WAVE/SPEAKER9618/096180008.WAV,0.14467938033263192,1.1473679100745067,0.5361833553797183,-1.4732684955472388,-0.03721115051814449,0.2641678034356793,-0.04306943521530063,-0.11685387548721135,-0.1297704831975254,0.8777954503384224,0.36847008802315623,-0.27723179518999,1.3771698443742175,0.5592056333379539,-0.5472004072203458,1.1144910771794012,-0.4986177703499807,0.8551862783780951,-0.3263496137405486,1.0227145850879615,0.5550221121108593,1.4628566504295535,1.6230658358319914,-0.7525255511110112,1.5678234608167354,-0.6417337284573748,0.5593552332727942,-0.4070349512336052,0.13778520626049473,0.009816129611043624,-1.2990416038660817,-1.3062490414033634,-0.7352235566509772,0.01600456445174009,0.16375903702691041,0.0,96180008
/workspaces/Pronounciation_evaluation/data/raw/WAVE/SPEAKER9618/096180013.WAV,0.14049751303436617,1.6636208767903407,1.0086789588461826,-2.010497021278546,-0.6396926574416754,-0.6658001976580064,0.5035870047082048,0.47404179999099677,0.30619892399518206,1.1894624716029276,0.18449345535400077,-0.8200544752702371,1.553719311137578,0.4111778003429307,-0.33278224002825396,0.7755372030655825,-1.0339174590312918,0.49605933085957327,-0.7667694633186719,0.40449892091711037,-0.22567090360690611,-0.10115865959725091,-0.5096578384064682,-0.9482284095607741,0.9308062425673999,0.6529440280772301,0.7795313264806182,0.0796935505583194,0.05946142492525321,0.08802981588493268,-1.6357726734212334,-1.7208320402602568,-1.567230781554438,0.5831718249745836,-1.4000309532831496,0.0,96180013
/workspaces/Pronounciation_evaluation/data/raw/WAVE/SPEAKER5029/050290042.WAV,-0.09051064061557869,-0.08239160459638693,-0.6810680326533439,2.2257885039643837,-1.219430070300239,1.6728760821696276,-0.5773036548389892,0.9275581850507977,-0.20246185353027604,-0.6946134882901055,0.8111038591322883,-0.05711410743614023,0.5033783769734932,-1.5556712306223253,-1.0633211897604888,-0.841712233081097,0.02490524556905984,-1.6976320279483996,-1.1950179508738852,-1.5906032787881759,-1.409521174106086,-1.4216829838999818,-1.8626006965255841,-0.28723427522338363,-1.2023063258905762,-1.083837537706563,-1.0110859425217489,-0.5732080810006241,-1.041193370377207,-1.0825508437706057,1.1937585399769923,-0.6188287986578713,1.3787596216157691,-2.3839316137731177,-0.9656448448636884,0.0,50290042
/workspaces/Pronounciation_evaluation/data/raw/WAVE/SPEAKER5029/050290060.WAV,-0.11223676954909144,0.41280475177216885,0.7945366303223483,2.122028123802483,0.4177432440737172,0.9848795626730285,-0.209942798387216,1.0348076654597025,-0.60548091306881,-1.0070241991871558,0.9789729296189266,-0.3966934108240241,-0.1961001474538304,-0.998345465468674,-0.7023822857644746,-0.9621958588906543,0.1455453221231964,-1.1574482646032744,-1.1830887192246373,-0.5680056349083391,-1.0459402441499335,-0.8364441128762827,0.5571444645641238,0.9802996108652607,-0.9118316923936248,-0.13084990125068235,-1.0204024701092442,-0.5573063219608394,-0.35513145742807894,-0.5850945725429794,-0.18514780038991036,0.31448646377580824,0.8118859419510832,-0.27067992723226597,-0.4522794440043257,0.0,50290060
/workspaces/Pronounciation_evaluation/data/raw/WAVE/SPEAKER5029/050290068.WAV,-0.5461169148372113,0.16461241761872852,0.42131936422160077,1.8835769608883828,0.08828700510709013,0.8692646301231092,0.09599070493686931,1.3434142053435802,-0.2295032420332208,-1.1819254548872327,0.0003022114902738327,0.13243382563472883,0.4034488824568433,-0.7342749446130523,-0.26177736940762075,-0.37045044974443087,0.5493886208821293,-1.0870365879825459,-0.9715678019670654,-0.40650488648968147,-0.4944420544976544,-0.177151338649581,-0.5066317454498902,0.5110555260735928,0.20755623189843878,-0.24128751416245978,-1.0294287179350545,-0.5935139474315243,-0.8907222585413955,-0.9146610512463471,0.17612299345979623,-0.23862259249754178,0.856624840000445,-1.672754108967369,-0.4522794440043257,0.0,50290068
/workspaces/Pronounciation_evaluation/data/raw/WAVE/SPEAKER5029/050290145.WAV,0.11320179469374479,0.20509161821393054,0.0497704391318072,2.2050353214117493,-0.12962979617504397,1.968462560492773,-0.5847132013848787,1.7489745777981553,0.4223236283289743,-0.19321123491027015,1.2153344342348058,-0.37312878984270653,0.5257614059339737,-1.273679684875511,-1.2167462285659503,-0.4832438622449206,-1.127854133955966,-1.4888566401373322,-1.1113593567545266,-0.6057971782807668,-1.1945584366507829,-0.7072733861157816,-1.5277551806855085,0.14379238874343078,-1.604872403134342,-1.3070526441220323,-1.115538070254489,-0.594248311347351,-0.7488913732636486,-0.9974608594322182,0.5030672579014924,-0.09402047604730808,1.6931088320483365,-2.120340633937662,0.16375903702691041,0.0,50290145
/workspaces/Pronounciation_evaluation/data/raw/WAVE/SPEAKER5029/050290149.WAV,-0.40506923571510467,0.0200775040447986,-0.6206924292970328,1.7142611834543946,-0.4748319603972311,2.097660758797925,-0.19105920959900086,1.6600336182073097,1.1775323153389587,-0.5713283320288662,1.2903126491107006,-0.3463501469692515,0.12432547509334169,-0.792830426847331,-0.15969960945764136,-0.4862788617610289,-0.9722531108338496,-1.0103836412660883,-0.4996440464693163,-0.5956343911031752,-0.3433232588739982,0.22553792307290293,-1.4064552953234184,-0.330470088867359,-0.8040513146063198,-1.783934339129565,-1.1443834661875711,-0.5657204167341479,-1.149543128903669,-1.1825355380594906,1.0284355087726498,-0.2736058097522929,1.143519044172036,-1.7081609381560414,0.16375903702691041,0.0,50290149
/workspaces/Pronounciation_evaluation/data/raw/WAVE/SPEAKER5029/050290132.WAV,-0.24367434931103865,0.20517477816541485,0.2062377909632295,1.8963643831684578,-0.06015406549041407,1.1505326459905774,0.37463800616830084,1.231838545719758,-0.948155903190837,-0.5478123453123203,1.1073268217344274,-1.013290145177493,0.5908340332644714,-0.9207352459886033,-0.20925272802309636,-0.3031431650325065,-0.2838868203205796,-1.0754935575922246,-1.4351384238618865,-1.392263307813576,-0.9192771920566937,0.7429302637383993,0.2483849807023799,0.8991219059516171,0.051416478881103615,-1.550259921927364,-1.0481429445300396,-0.5597257206543812,-0.8034122289657772,-0.9391855929949553,0.13217810740341726,-0.2738079526716632,0.9137334172435074,-1.3188792416630508,-0.9656448448636884,0.0,50290132
/workspaces/Pronounciation_evaluation/data/raw/WAVE/SPEAKER5029/050290126.WAV,-0.04111257379231842,-0.029517559127000374,0.30412223161101654,1.8888187054066756,-0.23364475303226173,1.8382332442087528,0.15830526102641435,0.8772920773369345,-0.6518549813608293,-0.14315588839847865,0.4615236041929779,-0.32854493905369064,1.5004974047204989,-1.1547738026589673,-0.226395973723335,-0.35565425927129657,-0.05040316234918331,-0.2915471018796281,-0.6347435663328467,-0.8739501497210586,-1.0658108440281504,0.45817868701619446,-1.2267422334531624,-0.076445031930171,0.9029601410716508,-0.2504922569922322,-1.1147001154900098,-0.4378249876571283,-0.6937952927093974,-0.8769066218678214,0.4561260027947709,0.4450823900451877,1.0466301466390693,-1.5670252840993681,-0.4522794440043257,0.0,50290126
/workspaces/Pronounciation_evaluation/data/raw/WAVE/SPEAKER5029/050290028.WAV,0.37884579809235475,0.48734087039350543,-0.36092552189473953,1.9126171897730888,-1.0286924868690013,2.0311249046282125,-0.31463320749760165,1.63184125412252,-0.08570486610321837,-0.5565009114653793,1.1038962158847117,-0.11853868112196966,0.9255753942749388,-1.6743541747718236,0.3237220659442484,-0.6231839397170734,-1.4590231534202778,-1.7369263177158363,-1.208321278465141,-1.2942846043097103,-1.466113085044108,-1.8739181302669674,-0.8419493056572476,-0.36678772579789587,-0.9440812193458205,-0.9806107211556867,-1.1470692586299767,-0.5883020191924541,-0.8276275031361086,-1.043295869329737,0.6235668727451836,-0.18684740452609913,1.39322922889617,-1.3763278694157088,0.9166949582873096,0.0,50290028
/workspaces/Pronounciation_evaluation/data/raw/WAVE/SPEAKER5029/050290038.WAV,-0.06042682739992096,0.6621602310365109,-0.20499127839796166,1.7581979412607707,-0.15341306569518015,1.2282541770768785,0.13655431070580124,0.8217905705386195,-0.14452510047803702,-0.8486381674603506,1.2089252046173093,-0.6161856277808011,0.050414414639532015,-1.981659463018748,-2.010957569240196,-0.367991358169097,-0.11987173493415862,-2.088827666541381,-1.678830623435097,-1.1041457365366536,-0.3458235096999414,0.1778749506638991,-0.6529181315334192,-0.5934881666269229,-0.2527703847728879,-1.3146316450430824,-0.810371974812029,-0.23035892692446774,-0.7446906121287041,-0.892999978842778,-0.3596938592037829,-1.3251733735844238,0.6583109847314168,-1.904885269165431,-0.9656448448636884,0.0,50290038
/workspaces/Pronounciation_evaluation/data/raw/WAVE/SPEAKER5029/050290136.WAV,-0.06013366216646369,0.09042790510805718,0.24141304189647214,2.043601524859647,-0.43557119202015054,2.4332876340617755,-0.667351921197942,1.3200024606421623,-0.1743400099928074,-0.35345723750818947,1.0502988646287776,-0.5693231767841964,1.6791383873730346,-1.704442444134424,-0.8490127147294894,-0.589472378486261,-1.4392559813296606,-1.9968439956882595,-0.2897182267987204,-1.1235145852612136,-1.3940042588420736,-1.482070522286333,-1.3423359354342852,-0.978157617209941,-1.463344094630871,-1.9070583065386524,-1.0237130585476923,-0.584539295047159,-0.7839469710589667,-0.9018488563239387,1.0014749784503887,0.3247166448989849,2.1409475745994224,-0.9507641900451635,-1.593091445914021,0.0,50290136
/workspaces/Pronounciation_evaluation/data/raw/WAVE/SPEAKER5029/050290120.WAV,-0.38460872254554157,0.7733396151224895,0.24463999903373024,1.4361604359400915,-0.2535657356035958,1.3551458108967755,-0.08938522927742516,0.8757355142623426,0.5917319916068237,-0.7046401677992997,0.9947293840668853,-0.10578649062238289,-0.2755245562777173,-1.1789686699795885,-1.3853957828331664,-1.135723079269868,-0.6800712046043155,-1.2822500776778185,-1.1399737268809373,-1.0668757231580823,-1.3115932155196963,-1.5087034144997449,-1.4347632570167186,0.4748119725961997,-1.3860523899085073,0.5958686095146224,-1.0256668956408141,-0.5761013756407791,-0.8216636058923791,-0.8640429030136134,-0.29009164980629937,-0.8997024687563412,1.0964268546434757,-1.6255602695245863,-0.15892778637040353,0.0,50290120
/workspaces/Pronounciation_evaluation/data/raw/WAVE/SPEAKER5029/050290062.WAV,0.2931782966360625,0.8267866618365386,0.0290003471045725,1.1751080040560022,-1.099401125263996,1.3906292781134977,-0.2844326103188827,0.8242263776022776,-0.14582472344556818,-0.9843786890130406,0.785209136115048,-0.6264602995638799,0.002739336972402522,-1.6801498036342282,-0.520146033475241,-1.0720254401657017,1.0074394732679663,-0.9394937851590566,0.598958530690613,-1.0533340030557632,-0.7112899324587517,-0.6823184586466353,0.5902980950795801,0.9986301913092211,-1.5348690674093928,-0.8701255979780836,-1.0272774508020113,-0.5949932261178436,-0.6475518113304647,-0.7924746410751022,0.04622735214668728,0.0694436511534769,0.5177962237314226,-0.6806381227725014,-0.4522794440043257,0.0,50290062
/workspaces/Pronounciation_evaluation/data/raw/WAVE/SPEAKER5029/050290174.WAV,-0.5023318896789256,-0.45563206842907283,-0.15193826782515377,1.8891316925642816,-0.5619842145990963,1.6710692303288859,0.11964766320921096,1.1895710991200876,-0.12715181731903302,-0.39752233449452673,0.708143691815061,-0.1682023502459216,0.7659185982086453,-1.8536247234851615,0.08877356085014189,-0.3291115152909895,0.4274059734890163,-1.620568298431515,-0.3954939855413887,-0.981942757684675,-1.5240786014450514,0.9708373575330401,1.546964334751442,-1.1380048454694913,0.5362499136216583,-0.9695100217803085,-0.9716582372871316,-0.5821400263532828,-1.0725212270021016,-1.0701976233170403,1.1539163136454622,0.6958100108190483,0.979703592753596,-2.0606255512873752,0.5204128944660475,0.0,50290174
/workspaces/Pronounciation_evaluation/data/raw/WAVE/SPEAKER5029/050290079.WAV,-0.327546557480267,0.06360772654426247,-0.3132995830874889,1.4828555906657748,0.2761325985036823,1.2941692598972676,0.2684662699230172,1.0362912290195625,1.148412236267726,-0.3469408463629642,0.9885647807109014,0.8964165577813099,0.42075587900027417,-1.056924154566587,-2.081406918410524,-1.1902720598459742,-1.011698955095071,-2.1698027627231933,-2.0637824601516255,-0.5050269238173838,-1.3650676515304563,-0.849799971962072,-0.9918830103294984,-0.43802404020474117,-1.851794370872285,1.0446097513692378,-0.9718901517584663,-0.28285512138747104,-1.07518203782309,-1.0921638587298588,0.32951108549847397,-1.8482819651383544,1.5649376038627778,-2.850269402431875,0.5204128944660475,0.0,50290079
/workspaces/Pronounciation_evaluation/data/raw/WAVE/SPEAKER5029/050290167.WAV,-0.9963340090261714,0.603786321933606,0.635674628816248,1.8171873263818163,0.3772108578827474,1.4068345611738242,0.24983868461421171,1.269946814652167,-0.22723993589880967,-0.7514079993963081,0.4857267313359235,-0.2058559010680382,0.5651319467911546,-2.147476498310712,-1.3519336217191402,-0.6595241850456556,-0.782819998202086,-1.90552755202533,-1.2566732812177253,-1.0301389125308325,-1.4506356270285816,-0.2728638733841596,-1.2628206878913852,-0.7068551319315305,-0.46386633311358394,-1.3532901544671099,-0.9640849859624689,-0.5944566808875115,-1.0373745994441241,-1.1132999863526023,-0.45679286526778384,-0.1881363287064059,0.8480649701006332,-0.6670039608329225,-0.7201222618439929,0.0,50290167
/workspaces/Pronounciation_evaluation/data/raw/WAVE/SPEAKER5029/050290162.WAV,-1.1145643025108642,0.17587074315595236,-0.3133320612084391,1.6246146667272467,-0.027668110442782286,1.489271485433328,-0.045852228273350774,1.4406182249554649,0.8726809437405231,-1.027564071855989,0.7149478463895504,0.396862830157501,0.7183837718685067,-1.815606174246178,-1.9514754188518577,-1.469068412576582,-0.5308881647645484,-1.9412055041202696,-0.46257842772396907,-0.2303391903636913,-1.5799733168941985,-1.933078040035271,-0.3781583646309102,0.5605184091489397,-1.767519771886165,-2.3193245553274626,-0.9856189690004025,-0.5685253053173976,-1.3087745885797735,-1.2709970749592439,0.4858242980458975,-0.9019039877044212,1.44992729317478,-2.159448533355818,-0.4522794440043257,0.0,50290162
/workspaces/Pronounciation_evaluation/data/raw/WAVE/SPEAKER5029/050290087.WAV,-0.4227004018660857,0.568006752807194,0.4239746174489749,1.8402574833095071,0.2697670581936527,0.7811785760288732,0.14456364996377324,0.9205272889319076,-0.33389149094414455,-0.6935014953400245,0.4745546258650863,0.11173864330175223,0.19686302877375458,-1.3521614932832282,-0.8384293124283742,-0.4894993530985524,-0.2811835149035848,-1.0800778801656452,-1.4526643400257295,-1.2496050328300705,-0.2264382061712158,-0.9436926552276863,-0.5054143392154699,1.2296213833696439,-0.04728541928647832,-0.517172204333109,-0.9713307182150677,-0.5949396432974429,-0.8562297603614235,-0.9884919830717055,-0.3597951774454108,-0.44429293047201224,0.5994278070735412,-1.4003256536141828,-0.9656448448636884,0.0,50290087
/workspaces/Pronounciation_evaluation/data/raw/WAVE/SPEAKER5029/050290129.WAV,-0.32609063182743236,0.4762970099943225,0.4331973471477505,1.3550112043933067,-0.0566948724834736,1.4337987753967978,0.36104423673200986,1.2654384034260553,-0.5982281947149811,-0.20150539566591294,1.7678615758491003,-0.6086347299111853,0.6836851560153376,-0.959366684691768,-0.2159396630295527,-1.730140580123771,-0.04067976502372377,-1.0903696910826417,-0.37183175227490894,-0.9415105282369324,-0.5670092189164772,0.5925152558090301,-1.3158527219496883,1.47549776788193,0.47232452118892415,-1.5332853947653353,-1.0461891595551354,-0.5011839730861556,-0.8798269189167107,-0.9478903197537336,0.13346415474368445,-0.05224340517125351,1.1284434151482685,-1.53128714478613,-0.9656448448636884,0.0,50290129
/workspaces/Pronounciation_evaluation/data/raw/WAVE/SPEAKER5029/050290156.WAV,-0.9414851589692121,0.1454002804059229,0.11312490904736147,1.3326336105889809,-0.541534375683841,1.1452700011380967,0.6864554530173517,1.151253969117622,-0.6970333359930265,-0.4748715787580594,1.01776582856165,0.07189124582746517,1.1503008907329015,-0.26753393791304697,-0.2773924898292137,-1.3688489480547072,-0.9409496456763685,-0.41403586069483944,-2.1569382963897845,-1.6358761787321103,-0.9449751343206998,1.5400526248693651,-0.39173603756202724,0.9678723653108509,-0.35635987867899566,-0.43399137939510096,-1.4317763521185072,-0.3518617810880704,-1.116972978430298,-0.9777829216952328,0.43830836573013177,-0.8515439535949335,1.518466629930099,-2.9853170777130322,-1.1915256212418082,0.0,50290156
/workspaces/Pronounciation_evaluation/data/raw/WAVE/SPEAKER5029/050290009.WAV,-0.045022176943189524,0.04071503200498782,-0.1168941528665714,1.9367875439820617,-0.6690254655590552,1.4569806881987122,-0.5369473337544628,1.6736883593303857,0.44667396752791116,-0.8073269465856396,0.7546886884625883,-0.19172764000850281,0.9213242709751144,-1.121977558618502,-0.2454687927952232,-0.5248225480321635,-0.7419604739958523,-1.3673444593004926,-0.8890064445861294,-1.193287501918256,-0.5792254648852574,-0.7911284404128414,-0.9332210168941723,0.5916735457213627,-1.4074539784316509,0.22447529394605836,-1.0325901711817216,-0.34650415266357276,-0.8240160828005788,-0.9080794951180957,0.8836622027284146,-0.0738707509183156,1.5017396846198157,-1.5212057515143143,-0.9656448448636884,0.0,50290009
/workspaces/Pronounciation_evaluation/data/raw/WAVE/SPEAKER9646/096460021.WAV,-0.2511090856349438,1.7928529003445168,0.6242592366607611,-0.07598623465801299,1.3226348040180476,0.12402033356899364,1.9343882967024053,0.31369492546198724,1.7829600858586736,1.1927088147645288,0.9551297368122111,1.5732993923685348,0.18165656963155016,-0.338701779872049,-0.33202170771135797,-1.0226757827253727,-0.5332463591397453,0.2618902197434011,0.9074933414742082,-1.6750750602214073,-0.49241881362215834,-0.4892253633583733,-0.904606525813583,0.5992939929769312,-1.8743329564322546,-0.24807777043601342,-0.36170108196004447,0.24693097329623936,-0.015181894614307386,-0.101794009594767,-1.7346956032482026,-0.6028597599325436,-2.148705506285898,0.8410468331686817,2.422566800808108,0.0,96460021
/workspaces/Pronounciation_evaluation/data/raw/WAVE/SPEAKER9646/096460013.WAV,-0.21342607754978193,2.0617615455700795,0.8037316646371626,-0.8313495692600524,0.6033594626349548,0.7239178086537179,2.063255163066784,0.652174451891311,1.7498698893910922,1.832511048155412,1.2067489004564522,1.7253188600751048,-0.04513711460949505,0.15381482395842994,0.26950791311303657,-1.010938819271552,-1.3415304277333322,0.27355389020144316,-0.8392140453980468,-0.8580763007737433,-1.013394003195562,-0.1911501433767595,-0.9482752576731184,-0.14475606477966163,-0.778215896568732,0.9285443990008287,-0.08376329760835956,0.1863954940777292,0.010520892745265022,0.0381228052525314,-1.7337499434245938,-1.0510812311755506,-1.8198339690892162,1.2195848925609554,-0.15892778637040353,0.0,96460013
/workspaces/Pronounciation_evaluation/data/raw/WAVE/SPEAKER9646/096460012.WAV,-0.4020567291791844,1.809851815690609,0.759355261934817,-0.5884239644664059,1.3885081324864557,0.6152423774907145,2.270132598969,0.4356717635295984,1.3379890935233543,1.640258331308401,1.0620883392825058,1.6462611743096789,-0.13047191666080005,-0.24744858765765448,-0.39082881001868397,-0.8559471530633095,-0.5750882711043788,-0.33642048930404383,-0.05121470870324138,-1.4117167289695727,-0.5991890711349058,0.7552915448650672,0.09341341382659964,0.2780376948908684,-0.9217554621918359,1.130691671914226,-0.30199428492631025,0.24990924989117488,0.04661971333751601,0.07713071528432283,-1.9149864492257718,-1.4088459112140526,-1.9657478103372867,0.9281018727302628,-1.4000309532831496,0.0,96460012
/workspaces/Pronounciation_evaluation/data/raw/WAVE/SPEAKER9646/096460010.WAV,0.13081425987298662,1.2380166340326868,0.22967208994638807,-0.3065570962298979,0.8912505007705765,0.6805210268766837,2.0205498483568927,0.8528040142090042,1.9742449523597632,1.6782981026612986,0.5794038707903442,1.0512616515949957,0.8560490344955691,0.9072416303459881,-0.2261781023964786,0.7042780592631265,-2.1697092010533643,0.40622831015339433,-0.7372489864478935,-0.6543963736204877,-0.4349049417976353,-1.8895458905557247,-2.1570145506164757,1.2027904878088038,-0.009362380379585573,0.4202179603217838,-0.5882339639516722,0.25707932012235424,-0.24764014756797675,-0.0678742667305307,-0.8479539935357852,-0.5072141124693661,-0.5555934265329815,0.791748103791805,0.9166949582873096,0.0,96460010
/workspaces/Pronounciation_evaluation/data/raw/WAVE/SPEAKER9646/096460004.WAV,-1.914435665441392,1.9875339941371484,0.09476520523629284,-0.41230713812381553,1.067099233351042,1.22154840927756,1.496067414174712,1.2409045518981865,1.716470234863903,1.4509125134410559,1.3687457083314776,1.2666951391244954,1.190599419682815,-2.710652105081979,-0.4424769227780314,-1.8215671013860013,-2.373621518939327,-1.8958096238885842,-1.1999215159437138,-1.9754021155648214,-1.2057759210172592,-1.9000280293840264,-1.2887245989460077,-1.8351869706944166,-1.848202102736763,-1.7906637228750295,-0.301436310528377,0.17260082645702585,-1.3275064958787506,-1.2573218094535927,-1.5196605204224316,-1.0341709889326893,-1.7220339080243319,1.000398888557762,0.16375903702691041,0.0,96460004
/workspaces/Pronounciation_evaluation/data/raw/WAVE/SPEAKER9646/096460015.WAV,0.042883940836125456,2.0145237752335765,0.15824969886209114,-0.5432076938197016,0.3439897743433079,1.3223317157600887,2.418201866952568,0.5128490332138808,1.7197110955533594,2.0328111546281318,1.0296889191715735,1.5190973182790664,0.27169020288180945,0.04846631538903408,1.3861776433408333,-0.6681580091306033,-0.7544544212190153,0.0035277202976116296,-0.12665884168041455,-0.948398776584851,-0.18912644557156702,-0.7644650459808343,-1.4094141478193745,1.0635927535607972,-0.5899743344281533,1.0157235097472286,-0.5220925298598589,0.23852345211299905,-0.1401436799579079,-0.26764319501115164,-1.3195382270446252,-0.2362179943667784,-1.9321698752603222,1.4420057905279557,-1.7723619033569733,0.0,96460015
/workspaces/Pronounciation_evaluation/data/raw/WAVE/SPEAKER9646/096460008.WAV,-1.7068268276671308,2.3271541296889966,-0.38921418769559696,-0.4033815703272209,0.8080692125875013,1.5203450622661552,1.471337876393484,1.364641494134391,1.7722864940280654,1.4876081469154547,1.1796476634031208,1.3087054055653995,1.1600575945613647,-2.151345006390491,0.11313429858427423,-1.4467383519010015,-2.028258503570028,-1.972108232529039,-1.6811205404794936,-2.387091021205476,-1.86044125203147,-2.113179931974651,-1.5363654986167434,-0.673978316204883,-1.5373013920492224,-0.5552605905672283,-0.5849896630633439,0.21657974748473555,-1.346848759546101,-1.2585928225558707,-1.4557952201803777,-1.441952224988227,-1.708064403509761,0.9205064027028332,0.9166949582873096,0.0,96460008
/workspaces/Pronounciation_evaluation/data/raw/WAVE/SPEAKER9646/096460006.WAV,-2.1262549720001114,1.6294144167461855,-0.23056190364515539,0.13772353055880518,1.5122888680257602,1.5650175669393118,1.540377579541549,1.4861745785956069,1.6072897996525617,1.549197709249273,1.6291553662227323,1.661961357125116,1.3009796599114192,-2.807431764584658,-1.4471035493451556,-1.9333298355209676,-2.2905713003325996,-2.712609099607546,-1.9145126062435045,-2.569687085249811,-2.0382498817326367,-1.8393375251410722,-1.3681282327688467,-2.213558820339303,-2.7092283890538162,-0.8335193093333542,-0.8502366804259817,0.22383778598026824,-1.4871847795787294,-1.393109106399087,-1.2112332256425653,-1.7969582624504474,-0.5717931152558868,-0.35168334759373443,-0.9656448448636884,0.0,96460006
/workspaces/Pronounciation_evaluation/data/raw/WAVE/SPEAKER9646/096460019.WAV,-0.18410240383250687,2.2785923653880613,0.4342149022488348,-0.442738322245875,0.9033240548434509,0.5297319072257556,2.1947379752185556,0.5331264552292797,1.799681035463338,1.902019242684197,1.0495841717646275,1.6672481211922638,-0.4970801097206754,-0.22158434791690515,0.28485321603493374,-0.9729367186449849,-0.5995459389556916,-0.4159337513691633,-1.1288082866310563,-2.016449477306838,-1.333588517769517,-0.9265874223056503,-0.6596993455985828,0.44572508366085867,0.11586562423746043,1.7948777646781024,-0.41764934770424045,0.21722613038805305,-0.07775390753560864,-0.13986751165510172,-1.9880048479883345,-1.6666416306919587,-2.2009325312149146,0.8097882803482612,0.9166949582873096,0.0,96460019
/workspaces/Pronounciation_evaluation/data/raw/WAVE/SPEAKER9646/096460024.WAV,-0.7306256522836339,1.5492970982229934,1.1000567465069981,-0.4242650653990731,0.6149908491872926,0.871274720550465,1.9504360935075806,0.8478598856135657,1.481447242132729,1.5337216149750492,1.1240181681115378,1.4788669200099385,0.5450688106203059,-0.7304983128868419,0.6235836181471869,-1.4911235163277663,-1.2070727697811645,0.2689078996604454,1.017998049701285,-0.15536220604412987,-0.17588642492331827,0.12057636167298702,-1.242762613482099,0.44180830164156626,-0.4528078609244334,0.3931289429742113,-0.3923332227325723,0.30782493695314034,-0.44737672983199683,-0.4099343149308524,-1.211216294933273,0.4519485330348581,-1.5771146112679957,1.262874780731958,1.8578648598628087,0.0,96460024
/workspaces/Pronounciation_evaluation/data/raw/WAVE/SPEAKER9646/096460005.WAV,-2.0241421660126004,1.5342896448729892,-0.23705107670166226,-0.3491969530205247,1.3700715824296053,1.6407671493819642,1.704939710822155,1.3811139680214564,1.790695654624173,1.7118308284251387,1.5510951500505776,1.6088753933832622,1.101392692819138,-2.6905222433012552,-1.3297977436109965,-1.7593517564492946,-2.0204736023091354,-2.4027814798750455,-1.7751914692431892,-2.572666061050871,-1.9571715774372487,-1.6651074816419487,-2.113032211426428,-2.1850247664875244,-2.2734128929127553,-1.0906578590702094,-0.5535898013585256,0.30575220041659956,-1.4312150033253044,-1.3105989190642227,-1.1345460727237362,-1.5618446756553754,-0.7031231251968163,0.20633219026625382,0.16375903702691041,0.0,96460005
/workspaces/Pronounciation_evaluation/data/raw/WAVE/SPEAKER9646/096460026.WAV,0.27773569420726996,1.3816375176135414,0.4422644154414906,-0.6642780026147637,0.0384785513387723,0.9696904725457726,1.4450943407759913,0.9402370123955313,1.0233846228025862,2.2110038077129595,0.9491888485279155,1.1816371583325451,-0.010720611516682048,-0.42102984059688003,2.2004359199106314,-0.9666072834326116,-1.466617142189963,-0.2721462918827937,0.7788592125912633,0.18583557799439585,0.2706635865838027,-0.40767613969844896,-1.281971968882323,0.5043083502074792,0.7232222497561939,2.2838059102901056,-0.32163713503123187,0.22797655831373945,0.14647013331830924,0.03396188995479175,-0.2797039867651607,1.7314745009845878,-1.209924978425235,1.9037546947525743,0.9166949582873096,0.0,96460026
/workspaces/Pronounciation_evaluation/data/raw/WAVE/SPEAKER9646/096460018.WAV,-0.5288526177494872,2.0167778476027745,0.9179508900165626,0.1041400480662471,1.323181107169191,0.9626646454309973,1.3818066344164215,0.3679637526171882,1.6216617557750137,1.4108671785932523,1.082727152194392,1.1921361137799888,0.4079578440125275,-0.918575485909053,-0.32924435262571294,-0.8898002937659772,-1.0025517734060287,-1.5917248757597469,-0.19731088184604553,-0.3827858433231179,-1.0173953909482842,-0.82402251275554,0.4874022232411907,0.16459563129129406,0.1343667803599013,-0.2613888106941407,-0.3546845522547736,0.24560268484800965,-0.3122482953992064,-0.36236734953425676,-1.852282558133857,-1.0748652252887583,-1.682685114019973,1.11567226394271,1.3595984413816615,0.0,96460018
/workspaces/Pronounciation_evaluation/data/raw/WAVE/SPEAKER9646/096460002.WAV,-1.6977035036007984,2.3065669353836533,0.019772890282028187,-0.1568524143719248,0.7258027913581372,1.3846391754732084,1.3790462857089,1.097491499928398,1.2594837199965414,1.0846173449243184,1.2251681850464153,1.3770790311598047,1.2493918025190338,-2.6668902375338654,-0.8457481751490691,-1.7127066202391645,-2.0365906357773773,-1.8455864560308897,-1.4835071838820562,-2.3603634899831327,-1.351384793727323,-1.697154689016698,-0.7711039941058101,-1.1615527277300564,-1.8325007014267487,-0.9650496244019717,-0.08614880063643748,0.12772146367523707,-1.343910900637808,-1.3279971017217036,-1.6275565995869066,-1.341879890259378,-1.7210416288513233,0.3715048530372352,-1.1915256212418082,0.0,96460002
/workspaces/Pronounciation_evaluation/data/raw/WAVE/SPEAKER9646/096460003.WAV,-1.8475411894693967,2.111907725788781,-0.21287334018277143,-0.12671673043559728,1.1389301012730861,1.1091355439608053,1.377080145282205,1.4887439674955252,1.531960280446123,1.3458797521766872,1.2148507426248758,1.225805594877651,1.0618857954062355,-2.5026320567294755,-0.6385031187946604,-1.7360028787899675,-1.3610348053016403,-2.2839301201966684,-1.783065199277804,-2.27815622349789,-2.1636945151304374,-1.700567167562174,-1.2014698927169334,-1.500170178607812,-1.6837792517301584,-0.8656470130761104,-0.6099914427640816,0.20613215299745152,-1.3507520225675382,-1.2850076038266656,-1.5589994221351706,-1.7653675054567575,-1.5175507270197144,0.5393871035210097,1.3595984413816615,0.0,96460003
/workspaces/Pronounciation_evaluation/data/raw/WAVE/SPEAKER9646/096460007.WAV,-1.947295472903314,1.739631990340647,-0.515548961777124,0.3221031981029073,1.5354662244700772,1.6778007945036588,1.315857472375039,1.2583989219821767,1.5057739999717854,1.6445349723866127,1.1983331747819859,1.206086079115651,1.282533101363494,-2.7905725488148367,-1.8541187086488755,-1.6058497031334376,-2.2482965503312204,-2.6039422216239045,-1.9318153350318246,-2.282500471440808,-1.6697797759328241,-1.6834742726161989,-1.0613078331217218,-0.9270283638597715,-1.5230900764118398,-1.4595991995134265,-0.3637505085241935,0.24007507941110787,-1.410337426794631,-1.3596202279419465,-1.344059011722593,-1.6521805549837836,-0.9677293653485965,0.058973717418620356,-0.4522794440043257,0.0,96460007
/workspaces/Pronounciation_evaluation/data/raw/WAVE/SPEAKER9646/096460017.WAV,-0.573284476518554,1.2717777506524421,0.8547225925957115,-0.22858417059126884,1.1191434227698476,0.9532563387832023,1.812163248316663,0.6354672154452407,1.5157626604858652,1.7919542313589227,1.4319695161953643,1.1681925817544512,0.4250848159142586,-0.4582019099737887,1.0283421449230845,-1.5945480776278362,-0.7072569114747229,0.1973841777227314,1.0740834100150876,-0.46647510952485705,-0.35422261917455555,-0.0012076873642387325,-0.20246639119728718,0.1593681810564505,-0.6078436024395628,-0.5789938242169109,-0.3330628566693016,0.2673332824386557,-0.43360960931510917,-0.36321302184539694,-0.9468386048024006,0.6975834095294136,-1.4516512247407392,1.3615561887284338,0.5204128944660475,0.0,96460017
/workspaces/Pronounciation_evaluation/data/raw/WAVE/SPEAKER9646/096460020.WAV,-0.7708090902961807,1.268043577041463,0.6049254672872785,-0.23112462253908564,0.8032362652493922,1.0468284527673348,2.2918304258865696,0.7578312090008847,1.704514044042148,1.615364000814157,1.5448112874447824,1.773448492021379,0.5287418050142495,-0.49981105558952,1.0147670465318956,-1.4363238063304675,1.3154547494666609,0.053564704810569165,0.2646082991852808,-1.4870372887918448,-0.5210538548203465,-0.42554255719912387,-1.4101246644275671,-0.4293501871359779,-0.2838135016501867,0.7355814543498569,-0.8941508345525288,0.2714977744029376,-0.7273127951710151,-0.49955777910853477,-0.938117306523597,-0.09375015332025789,-1.3685185862280702,0.8953490245246297,-0.15892778637040353,0.0,96460020
/workspaces/Pronounciation_evaluation/data/raw/WAVE/SPEAKER9646/096460023.WAV,-0.20597979062568433,2.1892304322581224,0.8654950681120727,-0.5540912096874572,0.6195413763334932,0.35862123216122194,2.1083802916344743,0.5130445069975149,1.492033633373191,1.4081797563102556,0.8116399249929751,1.5045824452619079,0.196392877712493,-0.3975193855332803,0.3629777383250882,-1.3977008759342653,-0.6753497918409952,0.2058441467175638,-0.20409053230859428,-0.6381954672234775,-0.6895937302443306,0.6671785179408116,1.054210450055058,0.9422694283569144,-0.6293407055977375,-0.73449715130805,-0.598135363902645,0.22364362872867452,0.12706486818748472,0.010493454631134371,-1.9139100088545862,-1.1839849204257817,-2.15116343773314,1.0336564737168485,-0.15892778637040353,0.0,96460023
/workspaces/Pronounciation_evaluation/data/raw/WAVE/SPEAKER9646/096460025.WAV,0.09793960163938856,1.8615700107816802,0.8796185460546991,-0.35898116077505937,0.19566810533273057,0.5328692992604601,1.9707158568670198,0.937043708041795,0.6666023048132371,1.6414524585800416,0.9418348259372457,1.47586243257514,0.5502214997716494,-0.9822532175199506,0.6954584610799213,-1.1194348783910097,-1.2499183249435015,-0.15254649200774123,0.30781242076381893,0.4937466220787147,0.04902905116573713,-0.2218809572501355,-1.5102448936080517,0.11718780290931768,-0.8330891978094384,0.23472006618867092,-0.09348197946801536,0.17604665730388092,0.020609813637515878,-0.2087553662736248,-1.2704244869386845,0.5623088400961008,-1.7581186396083552,1.8865185809580263,0.16375903702691041,0.0,96460025
/workspaces/Pronounciation_evaluation/data/raw/WAVE/SPEAKER9646/096460011.WAV,-0.3637351379119515,1.738016207072759,1.373466115726037,-0.7859233561544111,0.8092723153355282,0.6515359430266108,2.3978244266222477,0.8186158919746885,1.2493727390595522,2.1718367812866592,0.8695370713004116,1.7942680854384008,0.8490056180162603,-0.2663888123468242,0.9351658408041599,-0.987794234985607,-0.8471242719611434,0.0805479789521047,0.08308774808470205,-0.08705631273551706,-0.7819631489502432,0.8642255918349955,-0.2335489066341499,1.2819623578575348,-0.19756407304788412,-0.2854323457674972,-0.1026813334009117,0.11107701532055206,-0.15852119554171384,-0.0028163577089665337,-1.5223199844184954,0.022378306986778194,-1.5620933589273895,1.1687234368715083,2.422566800808108,0.0,96460011
/workspaces/Pronounciation_evaluation/data/raw/WAVE/SPEAKER9646/096460014.WAV,-0.6918535876088924,1.778933091623145,0.7696250217417038,-0.8171262393572982,0.9172831362593427,1.1633075638949701,2.1828679012621217,1.0234082455568845,1.9855397301731055,1.7714561287118116,1.4652840377005483,1.8053599133249105,0.1335591770406273,-0.09303468231890596,1.6600131542881582,-1.2084071031045827,-1.604029306205451,-0.2226558944923072,-0.49100725361218706,-1.3422030356245103,-0.5979172794649533,-0.8272026260852042,-1.2994272657855062,-0.4850112166507154,-1.1837911150620797,1.0569535123090719,-1.4135188912989447,-0.13009717974570384,-0.7957184947709697,-0.48222489587850864,-1.120076852286266,-0.23136163564007486,-1.1901472575225944,1.4112042055476133,1.8578648598628087,0.0,96460014
/workspaces/Pronounciation_evaluation/data/raw/WAVE/SPEAKER9646/096460009.WAV,-1.8787905132473368,2.164954291683836,-0.28106482559113316,0.16130248921050847,1.1010056492866767,1.3411308243723348,1.3767796361111324,1.365223453056486,1.1653063260173946,1.5050459595496035,1.4063656551201207,1.405917081010767,1.3517585801959933,-2.799126750926637,-0.47209985825387624,-2.4031277476874036,-1.7270971403906898,-2.0322922935760697,-1.8136472126212786,-2.596628029717107,-1.703452662250217,-1.7282505013485385,-1.1005694564103645,-2.473840377120755,-2.3271058856755253,-1.6194233625770396,-0.3649839475759376,0.1922680328911161,-1.3234174407497736,-1.299107583964568,-1.6676811177579671,-1.364255589282056,-1.8141819503021768,0.3585447175104638,0.5204128944660475,0.0,96460009
/workspaces/Pronounciation_evaluation/data/raw/WAVE/SPEAKER9646/096460016.WAV,-0.3268370206112991,1.7726209595161315,1.082281822012638,-0.7518636253685321,0.8639869566847731,0.721054963757776,1.9208506764433757,0.48488025136374663,1.5452514032234648,1.5634209706283777,1.152528060702594,1.3721163798293563,-0.3429584660603966,-0.42114511403427723,1.416719975642742,-0.7225818142734828,-1.6639472302171328,-0.42296929140796524,0.5463912251339572,-0.838244506083352,-0.5353275144601859,-0.34493718870784945,-0.35531784184908033,0.4393361469585772,0.2945875610866101,0.9126150976869647,-0.3417358031955876,0.23127717317101804,-0.28416199414476084,-0.21986011534507344,-1.3753413010418019,-0.04948024412230961,-1.6324786578005397,1.6662831165203282,0.16375903702691041,0.0,96460016
/workspaces/Pronounciation_evaluation/data/raw/WAVE/SPEAKER9558/095580012.WAV,0.56741429649215,-1.1234910977514652,-0.4514430460220413,0.10299539238189587,-0.9426593726554064,-1.429916563956819,-1.2000901061259766,-1.1823166193455068,-2.23147141458772,-0.7941526549587772,-1.4396470951037472,-1.1209494366476174,-0.7104353791090298,-0.13206368122695455,2.400705059151434,0.006322556872790774,0.7781064228989323,0.0786426746423343,-0.49558830199573256,-0.44002816496306,1.5313353584010725,-0.49851894382615164,0.38594644062017247,0.45631343583038414,1.078952596638652,-0.4274149193177629,-1.1716443387633184,-0.5691921927502198,-0.007385005420064578,-0.05337439468794018,1.2564322244475805,1.4846768362214187,0.7161155568601568,1.3252487991857256,0.16375903702691041,0.0,95580012
/workspaces/Pronounciation_evaluation/data/raw/WAVE/SPEAKER9558/095580166.WAV,0.06632505888393422,-1.391054229551466,-0.8653030656331147,0.33923351478766994,-1.2069072609413949,-0.33006478759930336,-1.8590210007859775,-0.6800915020995055,-2.4136299795562413,-1.260455505534069,-1.2246381026935595,-1.0230261881022134,-0.7455610664597846,-0.42418445228961066,0.8497103518307093,-1.1233112789038504,0.06045979858743334,-0.18492284895323435,-1.5808715228736718,-0.8253328946433747,0.9547684286793968,-0.586315296031514,1.2747531718665186,-0.5157766539627657,-1.0581526556620624,0.28947861694437343,-1.2169937171779286,-0.6006085023840532,-0.7426958297053918,-0.7235306110587174,1.9249792332248725,1.0389918999930017,1.5797211970511928,-0.7982703411249907,0.5204128944660475,0.0,95580166
/workspaces/Pronounciation_evaluation/data/raw/WAVE/SPEAKER9558/095580099.WAV,-0.4693895779299143,-0.3949803790760647,-0.040141568247360766,-0.13527042838963213,-1.25128503248667,-0.8929000572895086,-1.3489554399859343,-1.6609873881868928,-1.7363622266782837,-1.4084215233804618,-1.627118322633691,-0.5761962202424042,-0.9201125264125551,-0.42589224918887114,0.49879832002195407,-0.9706684186573924,0.6553755840423016,-0.3260757719886332,-0.3834549816465088,-0.5528279668354249,1.2559970417154223,-1.1360327912546844,-0.3044415859594669,1.0207349684962206,0.004013684155063076,-0.27619976489134257,0.2862498271921366,1.3995411213726525,-0.6764822643302995,-0.7188192126424301,0.429860078851584,0.9698428744557053,0.7558694444391889,0.17422962979252296,0.16375903702691041,0.0,95580099
/workspaces/Pronounciation_evaluation/data/raw/WAVE/SPEAKER9558/095580101.WAV,0.3700739422890216,-0.620051328823646,-0.5399691719387282,-0.12911975651970545,-2.51617346743999,-0.5351694771040554,-1.8951914887978303,-1.3821725080686946,-1.9079891293378302,-0.9227337680126128,-0.9454473619689523,-0.08539656031446634,-1.0639232946703314,-0.6013273881361377,1.445527910969975,-0.3725471382509856,-0.5544743596043783,-0.0622939050313962,0.5806411372070452,-0.6970984037931839,1.117793096736866,-1.3834400562133797,-0.7618101101963486,-0.266406676471748,0.7411233559792805,0.9028339217101042,-1.0641073121095899,-0.5949745914300161,-0.45116957628496085,-0.6359983386823624,1.3685033747287394,1.7094977811258534,0.703892036619552,0.8236712651767224,-0.7201222618439929,0.0,95580101
/workspaces/Pronounciation_evaluation/data/raw/WAVE/SPEAKER9558/095580157.WAV,0.20230477466443608,-1.1085376254226,-1.0045076288206425,0.12722107260357698,-2.29312257965759,-0.14667407045449238,-1.3442211374600668,-1.4204906081643793,-2.0777335585198595,-0.9872724679217811,-1.455845403377797,-0.6391736809405543,-0.42573396101182803,-1.001335346473639,2.5349617080136198,-0.9866706845244633,0.6391055114110683,0.3914087898791142,-1.2075944016262525,-1.491403560805449,2.920980897426048,-0.9574954232241213,0.526949414316038,-1.2376493733419531,0.00028086895898473183,0.4318527790137491,-1.2734290221824782,-0.44496592548175007,-0.5859538892591062,-0.7047405666325381,1.503503201607104,1.400964808263047,0.4803441539667826,-0.10278533434429561,-0.4522794440043257,0.0,95580157
/workspaces/Pronounciation_evaluation/data/raw/WAVE/SPEAKER9558/095580097.WAV,-0.16650533945352272,-1.519519211974182,-0.43192603108600347,-0.16259219180104215,-1.9290393352695385,-0.4819969400401114,-1.2717732252133644,-0.9444758575473707,-1.3613038503674464,-0.5316833601617053,-1.7045659141139056,-0.5983057601624177,-0.7577486130230604,-0.10333244272638707,2.529829123538116,-0.6768412977012617,0.697830039121437,0.8784799209512415,-1.0597668870252346,0.16146021752137207,1.8503204378495568,-0.6113209462911336,0.1599694917846723,0.8568973821851452,1.9335286333683843,-0.24386271903979195,-1.1674989576231898,-0.6007310553211321,-0.49672707691763757,-0.4876691685538528,2.0031861462240994,2.066794027402411,0.5749188062649508,0.34876066361736724,-1.4000309532831496,0.0,95580097
/workspaces/Pronounciation_evaluation/data/raw/WAVE/SPEAKER9558/095580056.WAV,-0.0374015309590422,-0.5108364162231854,-0.6431917588120039,-0.3691206405683417,-2.217604801546842,-0.5868704806594449,-1.2413895495439844,-1.070414038306872,-1.7749882419554557,-1.3091665802890866,-0.6574032778964233,-0.6698560342895631,-0.9748628293780499,0.19451509748854387,2.2476090968292453,-1.2517531347766844,0.4101767008513519,1.6502410558571006,-0.06471863778762167,-0.2868573605594612,-0.0972544700340668,-0.8322563981683213,-0.6097361443847836,-0.5406707239027171,-0.4980582778088133,1.1682945626194394,-1.1570320230301383,-0.5026478295271336,-0.37537426876484975,-0.3997764075574553,1.0495192446704655,1.5481747413382498,0.14034644380536,1.1389221002967524,-0.15892778637040353,0.0,95580056
/workspaces/Pronounciation_evaluation/data/raw/WAVE/SPEAKER9558/095580078.WAV,-0.3917464434359263,-0.6898717675645025,-0.35702458813453575,-0.7300146913749227,-0.5235674355213871,-1.1771601763199266,-0.8885018520987074,-1.4314338417309493,-0.9711019534933624,-0.8138203106676081,-1.0624736201951555,-0.5308964020468333,-0.6128764036471583,0.44735045282200975,0.1433931964285587,-0.8820992285544319,-0.2522482921471537,0.2764280218707101,-0.2643117805496491,-0.34463618856132716,0.5236895338442976,-1.163552989579801,-1.1696863886723712,-0.10294965584463218,-1.1546201423975366,-0.22189293283493572,-1.3370306440230137,-0.38443318808625454,-0.6656610334288929,-0.4045302953272225,0.7466672497227648,0.45174393894985737,0.9366661660870226,0.34914117517438586,-0.15892778637040353,0.0,95580078
/workspaces/Pronounciation_evaluation/data/raw/WAVE/SPEAKER9558/095580067.WAV,-0.21844728846203607,-0.7074393073157046,0.04564783107347139,-0.5791334425788399,-0.401696398422606,-0.5594681656708336,-1.0759837251687587,-1.499944541119738,-1.251809921783576,-1.258681886150169,-1.2367541770133301,-1.581975712056015,-0.32465379352761303,0.4327251830072914,0.6227222194752638,0.10433895900684995,0.36174405685220384,0.7736383103663196,-0.17941994867958042,-0.8840862877731196,0.6002182764704951,-1.03519177113751,1.0962479882301899,0.16772438863433714,1.43654676964253,0.8864532728708964,-0.5189136399910125,0.2574816541437705,-0.3805975312099968,-0.3507655197527432,0.3856011593499282,0.6844544547684243,0.720889925222729,0.2825059855976235,-0.7201222618439929,0.0,95580067
/workspaces/Pronounciation_evaluation/data/raw/WAVE/SPEAKER9558/095580116.WAV,-0.28334076045782597,-1.3415065821414787,-0.9625149756016969,-0.02394362321118402,-0.46469863667751965,-1.1535826116094836,-1.6776053837127642,-1.3691841239777691,-0.9256552505519374,-0.9572952479092073,-0.704382364657576,-0.7938934717564963,-0.9775205127482972,0.1340357282149342,0.99364109280345,-0.3509715371674059,1.1223262820961841,-0.7001034527879176,-0.5265829326961314,0.1187079724675115,0.9552848958783308,-0.7990079517354326,-1.0427170707883582,-0.5588023953491965,-0.42710323770238356,0.49168527769005277,-1.1668592503504882,-0.5810799369402482,-0.7985562526107275,-0.5818464180092355,1.4305931073661493,0.8788411575466102,0.47610847489371333,-0.6093411843966448,1.3595984413816615,0.0,95580116
/workspaces/Pronounciation_evaluation/data/raw/WAVE/SPEAKER9558/095580071.WAV,0.38708467620109116,-0.25787916274430817,-0.5144021059376662,-0.3439131212139933,-2.4967857029143827,-0.36965146775423063,-1.6889945510732272,-1.5866763074228905,-2.6249678922545185,-1.033909500444358,-1.1958475457352127,-0.48680680197114123,-0.3077646380246153,-0.5613792452520107,2.2193998033190914,-0.7926608767739823,-0.8972256611769581,0.5328002971825223,-0.056782493002725275,-0.8553435540829585,3.245785921026229,-0.36942430125135994,0.30718635517348947,-0.31039296564448704,-0.928195672703404,0.8471385279001518,-1.2091627156440914,-0.6084750412618873,-0.40166965445013625,-0.6223242807688619,1.0632351643306235,2.076519039826852,0.30856585796803027,1.0616432994421252,0.16375903702691041,0.0,95580071
/workspaces/Pronounciation_evaluation/data/raw/WAVE/SPEAKER9558/095580016.WAV,0.21759171900492014,-0.24842774246873672,0.010585808657789322,-0.25084508578665143,-1.166958434104491,-2.3825807631964615,-0.36941642005374586,-1.5873728343541527,-1.8853273163891586,-1.6030995455832913,-1.006085653327466,-0.993602085688885,-1.1555088983928665,-0.056150225874909074,1.245836735943472,-0.2625754727644329,0.05621257535186966,0.13637636068255615,1.5011027884217494,-1.1928826994990376,0.9646411959255925,-0.22816989782555783,0.2745924266298508,1.1507905001737393,0.7664820613339217,0.27113148850872476,-1.1698683153182108,-0.610268155332125,0.10903988933859451,0.31566272546942825,0.1588550548491304,0.6308734616977837,-0.11084402771836432,1.3974651756030974,-0.15892778637040353,0.0,95580016
/workspaces/Pronounciation_evaluation/data/raw/WAVE/SPEAKER9558/095580133.WAV,0.32862158834104044,-1.005076433149664,-0.14844531265278132,0.3250340936261214,-1.9470978711699087,-0.6038452672963224,-1.9923946770570835,-1.122620186944809,-1.902403751841433,-1.2451628579658225,-1.4785319570691233,-1.1830433371797302,-0.988817019069567,-0.9822136517196559,1.577718312549451,-0.6815565755125844,1.0119757704780714,0.2726760483678837,-0.6344424212342094,-0.7969749214681077,-0.03421587882777022,-0.8688501497214662,-1.2182764689008356,-0.5346374892597081,-0.019982575204389383,0.11721752827903517,-1.1325117128662798,-0.5844473543859698,-0.34689878360463305,-0.47804018654282043,1.2280730417488153,1.2251164928738565,1.22481932434461,0.25584789925491835,1.3595984413816615,0.0,95580133
/workspaces/Pronounciation_evaluation/data/raw/WAVE/SPEAKER9558/095580008.WAV,0.8141164156322194,-0.8563098452023623,-0.5520803967129375,-0.39089676157736924,-0.8800620457181068,-1.3930063268526989,-1.7170832344496325,-0.8847032728289791,-1.4346862680378716,-1.3317440802996285,-1.257186789419149,-1.1932875533730796,-0.6073897510865828,-0.5696743674599579,2.628297885305262,-0.6541171615438578,-0.6414083334345633,-0.3988914883946287,0.32501314879292326,-0.7938426581350696,2.5637187639774512,-0.8951913858896642,-0.5732537027256573,0.021914452482793723,0.04310871344855304,0.10425687623137221,-1.2373865935093555,-0.4608878298128486,0.4239547291444034,0.4365450255683177,1.2564250998835171,2.3458794246293073,-0.18492264780947323,1.7796104056290323,-0.15892778637040353,0.0,95580008
/workspaces/Pronounciation_evaluation/data/raw/WAVE/SPEAKER9558/095580128.WAV,0.18821414248674673,-2.04517125925928,-0.6094676792624684,0.6270746044321459,-1.7818936901082785,0.19459304410755043,-2.036426662700559,-0.713298278033452,-2.824091921569994,-0.47481427885646627,-1.311834205892277,-1.539655320695694,-0.7553963336465971,-0.5109191540222684,1.0183881486773323,-1.5045762160372214,0.31529898965928943,-0.25357951587369926,-0.9771042574619334,-0.8876319429129438,1.432720420934791,-0.6767869327127211,-1.7151660502683554,-1.1533520446616803,0.011524633803480745,-1.107305381980735,-1.4141139559145108,-0.3410503475630006,-0.5053388001205902,-0.4865625668867217,2.8923032755735143,1.4807243120684268,1.9651711510494945,-0.5792832443363235,-0.7201222618439929,0.0,95580128
/workspaces/Pronounciation_evaluation/data/raw/WAVE/SPEAKER9558/095580088.WAV,-0.10909390623957012,-0.7799901644636512,-0.06926565585116329,-0.3590415254067822,-0.9330156499633665,-0.7789799005419737,-1.3544113322113962,-1.1362164314467775,-1.7223248862694298,-1.1619853568892835,-1.599572670807449,-0.6067346491759487,-1.1516495594501677,-0.2073653884359828,1.376872722089675,-1.3459314966113116,1.0356009980337149,-0.2386855222615252,-0.09969858386595472,-0.6848481751959231,0.9541008261268868,-0.9509439579358496,0.577684111341185,1.2548224429613202,0.2261084438918572,-0.4918718742590827,-1.1396831481047522,-0.5815357421386819,-0.4916734773005106,-0.45179473652704805,1.2108242239239229,1.57835899515174,1.14799762078634,1.1600788246190428,-0.7201222618439929,0.0,95580088
/workspaces/Pronounciation_evaluation/data/raw/WAVE/SPEAKER9558/095580045.WAV,0.18993958214407405,-0.18054916154237904,-0.6291628789579679,-0.08089463994973886,-1.40034473779026,-1.237094553751085,-1.2814382374826967,-1.7478373118441226,-1.8432157995767122,-1.2097900757242375,-0.8736782483725504,-1.003453685822636,-0.6760582560224982,0.04008597453429809,2.0984832342408843,-0.3718102183618253,0.7867666617966359,-0.47686406222057753,0.674556636242412,-0.8052713888957229,0.35577639453689147,-1.2631403342405774,-0.22744935294711435,-0.8113792730036976,-0.4575692511391945,-1.0207116125562654,-1.1621865457062341,-0.5360149378976324,-0.22603849533073517,-0.4238267233956006,0.3722946020012485,1.1373391050667754,-0.3881869072437195,1.3568581606584817,0.16375903702691041,0.0,95580045
/workspaces/Pronounciation_evaluation/data/raw/WAVE/SPEAKER9558/095580173.WAV,-0.16657189291177474,-1.5593553818918928,-0.9823648912774784,0.6538857877834207,-1.6408896845643635,0.008781337126363038,-1.9874725467240602,-0.5321850753484998,-1.712434334300735,-0.9063011469348622,-2.0995320927231123,-1.581466494595738,-0.9037059603498317,-0.32547729156391947,0.012977034033992089,-1.0569708229917114,1.0629857331085186,-0.3945332817023293,-0.7688289072190306,-0.1007883208085675,-0.6436869831150832,-1.3139868471948184,-1.3558961857359284,0.8169405224741491,-0.8524766609055907,-1.6617256866855252,-1.1376612008917857,-0.6263206186051221,-0.8148037984298571,-0.8045227432450499,2.284694083034683,0.5944918573761554,2.0384837038994275,-0.9331904799821678,-0.4522794440043257,0.0,95580173
/workspaces/Pronounciation_evaluation/data/raw/WAVE/SPEAKER9558/095580039.WAV,-0.18567163537294515,-0.6478654147023373,-0.1242656852843833,0.15554324888049198,-1.2234003093687282,-1.0415022892113073,-1.2978987556363537,-1.325190202476194,-1.3412957600782667,-1.6807963378480781,-1.990749911266616,-0.7709028081176235,-1.3668634078116406,0.3206919563900217,0.7268294104883687,0.17217546324191407,0.8321307932852852,-0.2829792981873903,-0.8531684778356304,-0.22514855738429193,0.9350183143278057,-0.30440865095598957,-0.9449606024158951,1.6606576883337851,0.33353515938188505,0.3284385196172325,-0.6424962207169417,0.17754335181806405,-0.3954987233127982,-0.4490262197056298,0.6016365017829899,0.9364447996161401,0.7240431594608401,0.33958515642531967,-0.4522794440043257,0.0,95580039
/workspaces/Pronounciation_evaluation/data/raw/WAVE/SPEAKER9558/095580102.WAV,-0.25383887748043904,-0.4031307837948514,0.15248622272387946,-0.20831558463208727,-1.5436200995494072,-1.4882132400662849,-0.9457715616451705,-1.3140647854030902,-1.4430509673084175,-1.3440750726738353,-1.2977291423790616,-0.9837550103856081,-0.700841603296568,-0.1124782296406706,1.6735287415298825,-1.0998681411148656,0.8035862841495242,1.2853574204143106,-0.6279925732264591,-1.243846178826958,-0.4189022091616386,-0.46470809131782537,1.2990724403248617,-0.2131315400849691,0.7250837812317239,1.624838523288018,-1.1579321211364522,-0.4478770590588514,-0.42170769406434205,-0.41804942364025127,0.15967480633758577,0.6238804384022306,0.24150638308535177,0.5067108243347289,-0.4522794440043257,0.0,95580102
/workspaces/Pronounciation_evaluation/data/raw/WAVE/SPEAKER2116/021160002.WAV,1.7841341697126654,-0.8698795067595869,0.5638403106054424,0.8631663104971459,-0.41131431437896393,-0.07483908798701432,-1.1633417335394176,0.893730452447351,-0.5627751964287875,-0.01247984810134063,-0.0443950832073208,0.8851092674744603,0.3932836786630951,0.827009415715616,0.17516307227113437,-0.31704849002319757,0.08036880242759055,1.2536452578081463,2.106186835063175,1.1161966340797578,-0.585132074064879,1.598790301679145,0.10817310327601916,1.0575940235398003,-0.05226250621458278,-1.642481801982417,0.09478973032267823,-0.33708321400734514,2.10823752760037,1.2756838159091979,1.5325266268847804,1.6023354050174043,1.3720628609891,-0.32224715687725397,-0.9656448448636884,0.0,21160002
/workspaces/Pronounciation_evaluation/data/raw/WAVE/SPEAKER2116/021160134.WAV,1.1900637006119823,-0.9786042133302413,1.7546880985700815,1.4545749088983913,0.4269171751337856,-0.9073291217049452,-0.1325149979907713,0.6302068849650599,-1.818130276805031,-1.6940746528944224,0.15343336806844976,0.8460728588466839,-0.8562606731313414,0.14593362089202758,-1.5371645960890992,-0.46447789442367526,-0.18133009860161406,0.2308934729578314,0.17118628953735757,-0.05597462273844704,0.23293541109387986,3.1906681888667485,-0.2276584245007894,-0.893711106781557,-0.1047949818201888,-0.8065590893470435,0.7554472415559048,0.2423675684666498,1.8097004441787665,1.902902706838451,0.289240459213864,0.3668838117754243,1.6689513145651034,-1.0958703446444504,0.9166949582873096,0.0,21160134
/workspaces/Pronounciation_evaluation/data/raw/WAVE/SPEAKER2116/021160303.WAV,1.2951659119350274,0.1986649588053106,0.7971558461826402,-0.42457795376022794,-1.111084670500425,1.5203196344103505,-0.6897785000907857,1.2009998643427813,-0.6142786518571617,-0.9742139810025778,0.12762925250501858,1.1009882332657317,0.05150397731020834,1.3011671077689473,0.7629052710270092,-0.378966669490903,-0.11562180646086456,1.7121988291847245,1.3387812087951052,1.4869943286395633,0.2680305198410791,0.3185806568765527,-0.24879860753749433,0.3493694044291591,-0.6680984219458925,-0.3306958956631486,-0.08702791363147323,-0.3540962623248183,1.4377408896846209,0.8211792270520106,0.6006993541883784,1.1231934134275887,1.2612391937260043,0.09147023566724533,-0.4522794440043257,0.0,21160303
/workspaces/Pronounciation_evaluation/data/raw/WAVE/SPEAKER2116/021160120.WAV,1.5138231738077057,0.16755073590453115,-0.3103905667335774,0.19740488602450784,-0.35277918572321937,-0.09280829034893402,-0.14454486346666942,0.6826452011626408,-0.31240723274715193,-0.55934368275144,-0.04037730038985621,1.049624098043227,-1.2696255686806441,1.7563708792791621,-0.5372454023110433,0.41992818234727636,0.08104356600987403,0.6507003526397316,-0.013127139494131225,-0.09205093148580797,1.17959089839702,0.8899201124246745,-0.2603111544188992,-0.11987315809977304,-0.12246891810049888,1.0200365510667153,0.02289593229453296,-0.4446957333351932,1.5768166316090033,1.0382323770715147,-0.0814017883634367,-0.27740655274228926,0.6426313501073523,-1.1781707106865338,0.9166949582873096,0.0,21160120
/workspaces/Pronounciation_evaluation/data/raw/WAVE/SPEAKER2116/021160198.WAV,1.2004163385559463,1.7951106200800082,1.203504007316503,-0.7978797520846742,1.006009964813006,-1.457259155729758,0.986028166120084,1.0311637043010666,-0.17090192338435048,-0.6029236048700797,0.36425334466958154,0.8883677545276027,-1.5812627144202134,0.09767780126716731,-0.2783355902487079,-0.17261799625384575,-0.14886028952011726,-0.4963460852238949,-2.0725018250519294,-1.3735219248628752,0.6538808390052869,2.1598357725338935,0.021349607126399727,-0.22444601157948674,-0.6748983182001901,1.1711451785689797,-0.22603292991466328,-0.20988540427888094,2.2833708281172265,1.9996206407293338,-2.0793336249658316,-1.9817258613354956,-1.9160289404482735,-0.4841989288526842,-1.593091445914021,0.0,21160198
/workspaces/Pronounciation_evaluation/data/raw/WAVE/SPEAKER2116/021160027.WAV,1.2105621657536063,0.7945271659196934,0.4700351553169835,0.11825035482875461,0.26076886736883237,-0.9847747237037988,-0.4653516940128217,0.1381743552789098,0.01951768375406554,-0.5634857426939585,0.0498798004901484,0.829416957871543,-0.6909922753334802,0.8851414677986634,-0.31732547978405296,-0.006407481842619887,-0.8145678952722974,0.7001739008587486,0.6069281900106793,-0.06277433432220662,-0.8785640052594266,0.3802420912911772,-0.7917204093439864,-0.6182005798803984,-1.3242928563620189,-0.4459402112502578,0.17800671081572983,-0.517032210651461,1.6513752554648156,1.338922107186615,-0.8696560133997681,-0.6929644595517682,-0.38648838996761015,-0.13618248010782058,-1.1915256212418082,0.0,21160027
/workspaces/Pronounciation_evaluation/data/raw/WAVE/SPEAKER2116/021160203.WAV,1.2259959677251093,0.641385197367068,0.26741250068929945,-0.3158237093762578,-0.40344798517267916,-0.7098440020512596,0.22939977127604447,1.2228727501708552,0.6837946294084536,-1.1244453531360308,0.30468182437383434,1.5954792411928382,-0.424241945492936,0.7692574235796313,-0.37939510434469864,0.6565284265136446,0.021046030716435085,-0.38614340526080937,-1.3933477413753392,-0.07780708401000261,-1.0381580064797764,0.7196012073368168,0.3181495447693262,-0.36391775311994307,1.8588293048364442,0.39831275838453434,0.0031646949071535597,-0.4537244025626067,1.4650646583248095,1.4406056600044943,-0.5150690462911133,-0.6483973989518274,-0.011430908919264262,0.09344808080877264,-1.4000309532831496,0.0,21160203
/workspaces/Pronounciation_evaluation/data/raw/WAVE/SPEAKER2116/021160075.WAV,1.8608730572201548,0.3103469499664922,-0.05794413881239664,-0.14554476533889044,0.12214998576224466,-1.1447422398062865,-0.22198875025769105,0.6958570462265695,-0.19033422496115487,-0.9224182169190244,0.051474442383777574,1.4851860633069378,-1.2136017330276123,0.8447828297364791,0.7011422801856428,0.9287761608388199,0.5602018425501093,0.34204273937407315,1.5805642941583242,0.05253929497831941,0.8046963070312056,0.5696543570546425,-1.008762271545733,0.3438552613790674,0.0786218005130107,0.2783775463950435,0.02924264301662545,-0.21441783112165547,2.347537219187714,1.6154152686363312,-0.1551394515289596,0.30839644814796746,-0.4967990456648746,0.18782488349892018,-0.15892778637040353,0.0,21160075
/workspaces/Pronounciation_evaluation/data/raw/WAVE/SPEAKER2116/021160310.WAV,1.9614452331534185,0.07709240446685545,0.5109772747949068,-0.1104328029488181,-0.5352222662209296,0.03850659269214672,-0.29636626383483505,1.5452647027344122,-0.9165853803484946,-1.0783058122824285,0.1684270069583277,0.5761846463569171,-0.10175401020731394,0.1289595121251965,0.8130101285544571,-0.0916847599475669,2.1235556348196973,0.488231542778275,-0.13729994945613586,0.3422558137870834,1.3807848176149882,1.4147597925290778,-0.08655200394242836,-0.831013925191354,-0.6710926479972112,1.7281874560690242,-0.06462843809781076,-0.40627140915410465,1.6222935084658077,1.1154325804508467,0.3190796638917501,0.6347029610556306,0.9072292741683368,-0.15260985979089614,-0.4522794440043257,0.0,21160310
/workspaces/Pronounciation_evaluation/data/raw/WAVE/SPEAKER2116/021160185.WAV,1.3590671323714234,0.2321320977018339,0.8753652330241645,0.18638295632853097,0.029331699177412945,-0.9527996787112379,0.16642046408107802,0.5499377584254214,-1.4887070021076054,-0.9377815522163392,1.112170525305563,1.2592500961831827,-0.8523670180283622,1.0884278866303279,-0.2345469838729954,0.4970879850293372,0.8189589907795762,0.744626058996427,-0.15383184393552465,0.31022576730625234,-0.07644570361371969,2.99610378993324,0.290083322059961,-0.6953650928014804,0.10406368678104122,-0.06248337107544209,0.07945019721576699,-0.36923991188622846,1.7505651215018478,1.4523155469207514,-0.44163621675933284,-0.20484037208800362,0.2730075639535746,-0.33380674638768254,-0.9656448448636884,0.0,21160185
/workspaces/Pronounciation_evaluation/data/raw/WAVE/SPEAKER2116/021160212.WAV,1.6180139877727047,-0.6911476162938641,0.08766906948791119,0.49905357010481666,-0.9450248689346088,0.27018149133352654,0.2699042403944367,0.5295486544281817,-0.7399945383823424,-0.6621144032160486,0.11534927758876205,-0.1747396860893399,-0.40904175470379145,1.0190283315921906,0.2972275004695386,0.9932778502056102,1.9380482085962023,0.5790886780269461,0.8006601748610029,0.4778809220375534,-0.5123834767623912,1.7384431672679446,-0.9950060166625195,-1.1183285847670557,1.2628822323275157,-0.4050932602066352,-0.04855150938385208,-0.5391496423450748,1.9168480850144296,1.5022597692816746,0.750330035623557,0.5041902882080909,0.5246833861904597,-0.5837530600049331,-0.4522794440043257,0.0,21160212
/workspaces/Pronounciation_evaluation/data/raw/WAVE/SPEAKER2116/021160326.WAV,1.3385153144574817,0.4069117020522442,0.15834490869611081,-0.5505505424670377,0.16538444622174367,-0.8507276359824693,0.2325980529254526,1.9451848562042349,-0.9532981528871272,-0.31776702987717004,-0.06242193061720197,0.9051574860656121,0.23009916411274267,1.2822185133912545,-0.3387671452037304,0.8009104652765859,-0.58970389763266,-0.4389669057513906,1.6066789171070952,0.8774843391296837,0.6886123773914359,1.6690879766147542,-0.8561345927912317,-0.24430646607295792,0.2688938374325228,0.12496504217418578,0.03851906072388196,-0.4665124631861169,1.299933049384889,0.998064462964114,0.13625490637517199,0.5144667960913811,0.7226467748541785,0.450644534856351,0.5204128944660475,0.0,21160326
/workspaces/Pronounciation_evaluation/data/raw/WAVE/SPEAKER2116/021160080.WAV,0.5889303145078754,-0.41694554836697906,1.1369358057827639,0.34302255628656847,1.7817230923648937,-1.3182736283174594,-0.07807281699965789,-0.0686486338078517,0.44085756836680245,-0.42733689240327843,0.7052609514366436,1.5025305216578768,-0.636568418362629,1.2425876577902601,-1.554504279015751,-0.843930059103678,0.7547679505426319,-0.12130004050099426,-1.4469518117917393,0.11494802311990655,-0.4285614845097756,1.6674422276968697,0.9912298223391303,0.5126706468363091,-0.04893699066338159,0.45849935701082,0.07812189712444259,-0.2633422718267767,1.2581400728237477,1.7723625319681588,-0.7093736210609868,-1.4855198809467967,0.42411571679056814,-1.0045836665122716,0.9166949582873096,0.0,21160080
/workspaces/Pronounciation_evaluation/data/raw/WAVE/SPEAKER2116/021160188.WAV,0.9752681894036633,-0.08189009173107249,0.8041255730801303,-0.05152660443973737,-0.05583489027748209,-0.44801270288683975,0.18072111565620674,0.20754409646547842,-0.5827353673770341,-1.1151260864306203,0.640627490613639,1.363285041951543,-0.4492861545814001,1.0054249246581615,-0.021938359090072065,-0.38291777147196,1.3287359208691545,0.4093622560467203,-0.19016305721451757,0.7591238998903841,0.28821149325426315,2.4875961629177303,1.0354223219971954,0.8178543875365585,0.5256606965163241,-0.5038437188992488,0.07979582428682835,-0.5358689305112816,1.154318366338338,1.5369815322370524,-0.05850893031625247,-0.09917564865699637,0.3052836964951132,0.2767438403991413,-0.9656448448636884,0.0,21160188
/workspaces/Pronounciation_evaluation/data/raw/WAVE/SPEAKER2116/021160232.WAV,0.8300298425260014,-0.5118609614149455,1.1444129650860178,1.1320398646491432,-0.9436658353470339,-0.9277999736414918,0.11432046214036519,1.4421955965296047,-0.5751141745121315,-1.3525519772745132,0.8112524479625235,0.8582620560161286,-0.8650040177969139,1.0372712090511655,-1.3465211331084388,-0.6430848146415904,-0.053107240691243736,1.4626895583958668,-0.7410963579419363,1.1690993328316264,0.6558660318197428,2.2034464052500455,-0.09177443712693654,-1.6298253551858084,0.4920779803039954,-0.8248817203018757,-0.023934503357203922,-0.19293797922492784,0.832717996726949,0.6146111971533226,0.41302344471141283,0.43942196142052303,1.1252482264199857,-0.9654731092847714,-0.4522794440043257,0.0,21160232
/workspaces/Pronounciation_evaluation/data/raw/WAVE/SPEAKER2116/021160207.WAV,1.7082362759049061,-1.3331143570374526,0.5015043968289469,0.6518456410648074,-0.8039052782928471,0.43485274617530617,-0.4494011911691323,0.8975658615027621,0.24226039959453907,-1.1341212715653777,0.13641093555455194,0.02657976749182667,0.43333272716122845,0.9885242408861075,-0.22372150231981752,-0.08224108109401858,0.15449579438303912,0.18899295334749389,1.16592732220257,0.42814043935485574,-1.4495886007562544,1.406862802407067,-0.895112826122354,-0.1165333136573605,1.062050235037723,-1.0924038613393028,0.07641850231078863,-0.48486776674667353,1.4211702153540993,1.3600376162915169,1.7844253555847507,0.5401470886379369,1.4623963886828864,-1.2291815262030084,1.3595984413816615,0.0,21160207
/workspaces/Pronounciation_evaluation/data/raw/WAVE/SPEAKER2116/021160090.WAV,1.5421171940221066,-0.5080005889302217,0.6193428332952534,0.37897853675979415,0.10954212321819252,-0.610742265123994,-0.7791155946056805,0.61651675969182,-0.7683183997729053,-0.8557463005799751,0.3936459590445687,1.1037464655035747,-1.2688656967991365,0.9014680670260564,-0.3507087129752704,-0.3002368741271766,1.3856688082774236,0.2292580923750023,0.6132405798524401,0.7683396520284542,-0.3329312060539776,1.9828666983492764,1.1796686270608794,0.6536230425978178,-0.013812272415236367,0.1417636328830789,0.07935228695918542,-0.4168438882310768,2.411224753892393,1.9472132881844155,0.4446965767926912,0.5674404149107514,1.07352890827243,-0.16756788351606736,1.3595984413816615,0.0,21160090
/workspaces/Pronounciation_evaluation/data/raw/WAVE/SPEAKER2116/021160195.WAV,1.3596177109805994,0.14161394945695038,0.7262602235258161,0.3207971090171897,0.3335760295450156,-0.6271561274267905,0.8161530051182355,0.13567117524119024,-0.20135844765351554,-1.1077815242777858,-0.2000778516656004,0.7684128453559218,-0.935660696832737,1.0769465761774915,-0.7505459702894449,-0.4535288295636759,0.1279635956556107,1.2323115108603313,1.136486017349659,-0.09596504932821778,-1.0379698799557446,1.6418614906641957,-0.9689853195447116,-0.3775617940211936,0.10393231830403155,0.29687017501978324,0.023463853481538052,-0.5295896450131441,1.7512596984980537,1.6287810774717533,-0.5348696480463039,0.005809869058244243,-0.5325483975239407,-1.3597358067793166,-0.9656448448636884,0.0,21160195
/workspaces/Pronounciation_evaluation/data/raw/WAVE/SPEAKER2116/021160249.WAV,1.0334524127733522,0.4009767076199477,0.902109992395621,-0.5084226488868638,0.372723757150303,0.12106697103418117,-0.6290537393967147,1.1732902186437801,-0.8944900244510697,-0.5752536430445627,0.11669048972549413,0.650582344091828,0.15780617452876874,0.19716600610829219,-0.18219936294154185,-0.9366683987165433,0.20552353428999565,-0.3025401753131849,-0.4720873270723941,0.6871527607381185,0.6662464588433352,2.114824779534839,0.8983252840462903,-1.4239400812960743,-0.9825036305637914,-0.23616642714998534,-0.04132703650703017,-0.34014625963094347,1.004321948473619,0.8309521361572527,-0.09284696498511609,0.18781957505104563,1.4626647933635764,0.05075103878802167,-0.15892778637040353,0.0,21160249
/workspaces/Pronounciation_evaluation/data/raw/WAVE/SPEAKER2116/021160089.WAV,1.7449891856602824,0.28721936503793477,-0.2778231309503616,0.15639013206073182,0.35904727766389416,-1.1762216028379995,-0.35230754359676,0.3346553472923831,-0.011194326264393335,-0.5552353601341592,0.3418945921712265,1.2926833724284998,-1.3118350357880575,1.2049236789923794,-0.48690401318105925,0.5151778540892609,0.4954604796664457,-0.2015907233377168,-0.7166807762109626,0.15371082800961103,-0.3148939590429167,1.1385262173906092,0.523978855990905,-0.35284633624224643,0.6888306708688275,2.1012365786364047,0.14963183290674228,-0.48736115521638135,1.9521650992951605,1.3029807656094858,-0.4376851866251888,-0.7567093116312119,-0.18567066506272295,-0.7823723258260898,0.5204128944660475,0.0,21160089
/workspaces/Pronounciation_evaluation/data/raw/WAVE/SPEAKER1012/010120303.WAV,-0.21227651781633783,-1.10086648463474,0.35517461217855584,1.6454609155369722,0.9526069235442016,1.5366819068412982,-0.5918895718112818,-0.5037250625445803,0.6987075066175755,0.7724394399796677,0.03818764951767944,-0.2973862602813124,0.010441692558067973,-0.5837251722896277,1.7457404780884034,-0.873683451998332,-0.3526176359304244,1.2875653358436732,1.6728638097369728,0.8396549143556743,-0.248012161374703,-0.3243505902073321,-0.13131836145875772,-0.21949459832074236,-0.475172053397019,-0.817046609354109,-0.6752853049496171,-0.5204210444452015,-0.40159970812156887,-0.6148784464652072,1.0967107539532492,1.8227039688646702,-0.17371329595896434,0.04624181906305506,0.9166949582873096,0.0,10120303
/workspaces/Pronounciation_evaluation/data/raw/WAVE/SPEAKER1012/010120243.WAV,-0.10080167535851599,-0.3459495634698239,-0.1065001531244041,1.640483352729361,1.396362830487925,0.7433291205334395,-0.7151796831465396,0.0639325512969113,0.5783121801783696,1.2569517775647727,0.645109678993402,-1.1690678761646662,-0.7959894997720975,-0.5729008823859165,-0.0012330180620870963,-0.292290253075853,0.06499493640994,-0.09618601344228377,1.076955459963866,0.5468885022382398,0.5280340587401036,-0.2877441579565691,0.9599137347758973,-0.5352661837696062,-0.6183304209722063,-0.4494771278366081,-0.6835043266889756,-0.5191520151055563,-0.5734156705381311,-0.7819860323547334,0.2819825276255358,0.29568210374269516,0.378689521431812,-0.6978048447313476,-0.9656448448636884,0.0,10120243
/workspaces/Pronounciation_evaluation/data/raw/WAVE/SPEAKER1012/010120335.WAV,-0.5646055755453403,0.06469646538278429,-0.3014422882794787,1.0310023146840943,0.8967733239442612,0.8467729546244194,0.4027634584465965,0.13859700064210992,0.22499127795030033,0.4310707913148593,1.0395018897289858,-0.47004491554374206,-0.9309335228452418,-0.06713201809902425,0.10085684585049542,-0.8372965182521143,0.2989968406378324,0.3037920872874568,0.1935953706191851,-0.8337390419430089,-1.1331995968800372,0.7200440035887757,0.47339987371667225,0.6688314621705903,-0.2453443370222756,0.34900007184909965,-0.6794861533137472,-0.49066048628927866,-0.7916228793459769,-0.8346290889973663,-0.1282170770313206,-0.19516054895103466,-0.07512404080159939,-0.7144731776335405,0.9166949582873096,0.0,10120335
/workspaces/Pronounciation_evaluation/data/raw/WAVE/SPEAKER1012/010120255.WAV,0.020283816488046835,-0.6213665691089743,-0.7113949229967348,1.7035874124526729,0.5406187447507981,0.4697624282979973,-0.19971644754902798,0.1905948702659215,-0.05058326789063824,1.2952941640229605,0.3081069771397949,-0.9036522845666002,-0.43376187764817564,0.49401412942539347,0.35293346669158665,0.452275432303842,1.6361359487156182,0.07470906707106682,0.3673463781749191,0.8327891305598559,-0.06029289251473199,-0.32538972196889515,1.7408553335838732,0.8695296257879793,-0.6283264721158461,0.6995285860672061,-0.5922807474567616,-0.5427959811518547,-0.503541640959355,-0.6962371499579774,0.6842573977135828,-0.19816267510207478,0.45503268392632223,-1.6126567291992442,-0.15892778637040353,0.0,10120255
/workspaces/Pronounciation_evaluation/data/raw/WAVE/SPEAKER1012/010120071.WAV,0.09676199044833411,-0.29398845378362554,-0.14995721367360867,1.0595531059492354,1.030825685498028,0.511598160840403,-0.6377756293325656,-0.05549307840295716,-0.05015552472104149,0.5265430706922851,0.6386021475284924,-1.479703405297241,-0.5833930206670759,-0.27734054978033157,0.3928160234689128,-0.3400300434021577,0.7610792701659267,0.21352534700707682,1.870782682894155,0.8407054625274225,-0.2581100463153868,0.0960004842461523,0.10381145687890649,-1.0352569312995825,0.005601579108612309,0.7786495103208296,-0.5044402215205509,-0.5119482819693971,-0.3075443369380626,-0.571257713317197,0.3075362175715008,0.8026224821500584,-0.07676959655358788,-0.41781195977223273,0.16375903702691041,0.0,10120071
/workspaces/Pronounciation_evaluation/data/raw/WAVE/SPEAKER1012/010120193.WAV,-0.6830729313482696,-0.6343581231087264,0.5238654162637737,0.8966304468765763,0.8524706100175564,0.6310174138604301,0.5985264542410904,-0.2789262824877209,0.02220545436632486,1.4093816652566162,0.5948179208718849,-0.8669686137534112,-0.49326078991045247,0.14092436231048097,2.1415587154865623,-0.9510459076499114,0.012962007455148814,1.0511953859501557,0.35081011223442105,-1.051976439338646,-0.8508572662912464,1.362751110774223,0.6580040665828655,-1.0155654479697886,0.2727815412259499,-0.2681493730515533,-0.584554718216734,-0.5322088451302351,-0.4062339917146728,-0.4118556387695339,0.3060633145386497,0.9423309770804792,-0.3845790522553299,0.35190071510165943,0.9166949582873096,0.0,10120193
/workspaces/Pronounciation_evaluation/data/raw/WAVE/SPEAKER1012/010120374.WAV,-0.6638516325707877,-0.5462461424074675,0.7475806917927557,1.726556797000074,1.284884274891134,1.0201966432680711,-0.08328388962003462,0.4031650553671635,0.1122307635571043,0.8805797000836326,0.5294720470050571,-0.8938643801233688,-0.13500941765923882,-0.3897184553886298,-0.6871449098424545,-0.8884652573914377,-0.432879720594205,-0.2941786054797337,0.5049298593843076,0.36243735071997846,-1.3673987998628883,0.43325049182851255,-0.44230304177849633,-1.3129115652641585,-1.2015984276345502,-0.9272047282802088,-0.6729930719061605,-0.5508733991494636,-0.865874390861361,-0.884477687950145,0.4822909436642543,0.1570470608243656,1.6063518114110866,-0.8919938834791157,1.8578648598628087,0.0,10120374
/workspaces/Pronounciation_evaluation/data/raw/WAVE/SPEAKER1012/010120200.WAV,-0.73210137896537,0.04172462299494582,0.16320333527892827,0.901226260196501,1.8433430346226027,-0.01797226811700947,0.11004454525806036,-0.19616864857030059,0.2970828999002088,1.1081188539605589,0.4154480656825279,-0.4289110739592814,-0.5394204502072667,0.25575116269279186,-1.3465589579915735,-0.2471314489503831,-1.1344081520498637,-0.8418774362836832,0.5459613647915484,0.3333153625325949,-0.8092119019984964,-0.6113367114827662,-0.5656149686161234,-0.4291619339776468,-0.4702586428922686,-0.29252139707222014,-0.5847802656928532,-0.5651229472894208,-0.7625347077812149,-0.7073427040908583,-0.3743774263939422,-1.1394685157509055,0.6263956285775399,-0.1514763155024643,-0.7201222618439929,0.0,10120200
/workspaces/Pronounciation_evaluation/data/raw/WAVE/SPEAKER1012/010120208.WAV,-0.09453739985411658,-0.2869282468498766,-0.4429457907886777,1.7059413367005025,1.5232043902692642,0.667599530281764,-0.5232221154939146,0.20683566163995254,-0.26248940308956475,0.8263076062867962,0.6567646442478337,-1.3662645130561677,-0.02531024013602564,-0.25034145636381994,-0.0388006919915639,-0.11195838510368922,0.6604080991445334,-0.036370106791861194,0.21111181528395764,0.5363971159260044,-0.5035193354306217,0.2621875382398786,1.0945775936294735,-0.18096866558142619,-0.3305795321426869,-0.4238724351221361,-0.6605478365966204,-0.5220382192794638,-0.41976666082494946,-0.7815976349382987,-0.010276319395476302,0.5299609855534321,-0.10489390232443274,-0.8206270601369899,0.16375903702691041,0.0,10120208
/workspaces/Pronounciation_evaluation/data/raw/WAVE/SPEAKER1012/010120166.WAV,-0.4648826437405178,-0.6163222615254774,0.6403605988013468,1.5351886636793222,1.3801196712265336,0.6748191987320952,-0.11629455012570555,-0.024372148403904094,0.36037779188999636,0.7168429386150736,0.38005767534440843,-1.6967581308840123,-0.4539222776679797,-0.13569878912903455,-0.4328189692842808,0.3670107726901491,0.4933330034233354,-0.03347710405054967,0.87034175066038,0.7197629212408335,-0.6828014467549404,0.5343862524849163,-0.038019636174093874,-0.7352570026357478,0.6375625451467556,-1.00192093124826,-0.5838353282180211,-0.47614414232879937,-0.42797426979326597,-0.5448839007282851,-0.0015281378795273927,0.4051086941408502,0.37319452780602946,-0.4507920676808012,-0.15892778637040353,0.0,10120166
/workspaces/Pronounciation_evaluation/data/raw/WAVE/SPEAKER1012/010120269.WAV,-0.3055762158569699,0.10858741240864504,-0.16400088664437884,1.1856521541136638,1.25325921073737,0.5746263528577306,0.3535122803835781,0.04304991237449101,0.20870374617402773,0.9529265491415296,0.5857891545923108,-1.0125731335792905,-1.1536216079045567,0.33515097375542535,-0.11813964519623088,0.014089238238850357,0.30840913562438116,-0.24131331904390813,-0.33360769633560994,0.3938687829595506,-1.2392874553720932,0.5079068995291492,0.33475875522872955,-0.4049569416361148,0.5609248145020821,-0.47269517204124356,-0.6478271921859343,-0.539697180735361,-0.5670993270463249,-0.7015730971447688,-0.3586617766518273,-0.013681818418075063,-0.18937229512371226,-0.605034811853792,-0.9656448448636884,0.0,10120269
/workspaces/Pronounciation_evaluation/data/raw/WAVE/SPEAKER1012/010120148.WAV,-0.22415988530009842,-0.228501450935721,0.7186794463647221,1.656246128935719,2.270035782365494,0.5716102037876608,-0.4494342831808334,0.13036609921128187,0.3905541141182286,0.15256662779432215,0.19750093942165142,-1.5223544573460535,-1.2309277558662128,-0.5401948027172767,-0.34235798744266016,-0.586999154200725,1.670217306558926,-0.20575786042555208,1.138481832204983,1.07880416686817,-0.3763285426388812,-0.7008809436300717,0.9438522482305479,0.08920709156201267,0.10065040102467636,-0.9031623067287077,-0.681786238897675,-0.5213306715422932,-0.2656402425354258,-0.6061595416800553,-0.6172029782612772,0.12297570355056348,0.08808877452095112,-0.017324357223953285,0.9166949582873096,0.0,10120148
/workspaces/Pronounciation_evaluation/data/raw/WAVE/SPEAKER1012/010120008.WAV,-0.16055128006857905,-0.7316797037003175,0.7214693113930567,1.5366573717238208,-0.008544228876409895,0.7216201807699599,-1.0183723712422326,1.022652057892652,0.5999400702946341,0.9619528399774321,1.1062035134381785,-2.2675484400607524,0.06130138856089502,-0.773749439214805,0.5575570064788666,0.561213643356796,-0.28079086897025146,-0.14671667867929686,0.8638336165045059,0.19030602386234657,0.73660683572183,0.1716021180016666,-0.29478073791673304,0.742447580654449,1.4610117104243259,-0.13110341305973652,-0.6883956375202562,-0.5328100894801727,-0.38824991291818817,-0.5982282553314981,0.9211559363978562,1.287344776406732,0.8113900213996861,-0.39016810744023817,0.16375903702691041,0.0,10120008
/workspaces/Pronounciation_evaluation/data/raw/WAVE/SPEAKER1012/010120219.WAV,-0.6167961374722837,-0.026778022304177192,0.2023612714069596,1.3463117816736567,1.8062942851424424,0.4968584804255241,-0.07423184558596183,-0.39231572540316034,0.29890030395687994,0.36562473139856644,0.03921073429363843,-0.9067189014044469,-1.1541333021684497,-0.8226767361235134,-0.8008707164708497,-0.6891604783414832,0.7494618199671731,-0.8927235180106046,-0.5561534385107152,-0.06640302020851822,0.11083812632545853,-0.34923937241593095,1.2171267359704894,-1.0914611549005557,-1.0810147862920472,-0.2578077244075306,-0.6132630554133621,-0.5503324173238263,-0.6960129442235947,-0.7848880999229811,-0.46542435067691307,-0.48298057493788843,0.1804505729222937,-0.45216160967211216,-0.15892778637040353,0.0,10120219
/workspaces/Pronounciation_evaluation/data/raw/WAVE/SPEAKER1012/010120334.WAV,-0.2792034454745884,-0.5924582733423227,-0.42821295878568155,1.2892631540412522,0.5061176834690087,1.17629493337721,-0.06511806043746551,0.25515975792789103,0.5365088603902435,0.6056032123679974,0.6720375303193935,-0.8939613159146794,-0.8278642963171579,-0.42023357886594837,0.5439713171204,-0.006871589950896492,0.588873497859165,-0.09470126445239258,0.8108073075313788,-0.013876933065389261,0.2572238136150925,-0.5374154415224174,1.6442855096156686,-0.9526165856072616,-0.2760530092615978,0.36776588450233705,-0.6361133067183312,-0.5757178675580238,-0.7477418284278202,-0.8666781374420159,0.7966382338191527,0.703167483457635,0.12853979911776112,-0.41769250021079046,-0.7201222618439929,0.0,10120334
/workspaces/Pronounciation_evaluation/data/raw/WAVE/SPEAKER1012/010120059.WAV,0.2806002430550101,-0.7416800526030157,-0.09103055717217258,1.3395742588832187,0.09192375572503096,1.1778163667495336,-0.650528616545636,0.6299014996197099,-0.15678967747940573,0.6029033561402334,0.5153348195402006,-1.5628175798287005,-0.15520054489992421,-0.9220203736174075,1.6235978784648548,0.027579162497501305,1.8077662783110289,0.6559478586021908,2.0130033129046576,-0.16027137140015704,0.3080236118534746,0.13005569722479274,0.8090756867425666,0.07533471125038942,0.699030371834906,-0.2169318217956705,-0.5173931526040743,-0.538637709450463,-0.3141325029020733,-0.6162551015179271,1.0937885310409368,1.2432771065153334,0.2456532869079096,-0.2516223699690508,-1.4000309532831496,0.0,10120059
/workspaces/Pronounciation_evaluation/data/raw/WAVE/SPEAKER1012/010120265.WAV,-0.2146823428278615,0.25189498722491355,-0.25646565208497557,0.6515611072851655,2.9201432337992013,0.2842799475585439,-0.36797691754474793,-0.5739370144115787,0.6878604593831402,1.2656505686710657,0.4186205280927785,-1.3047466582497953,-0.9471421564419359,0.17850616598467195,-0.08177026356446433,-0.1319329520171212,-0.31247615911014714,-0.9087905509404849,-0.9382184108824843,1.0037884201841996,-0.6433153099262181,-0.39084302769286516,1.7103771656068525,-0.7898189584552155,0.8053694251746704,-0.8137721127516552,-0.6470055759032326,-0.5271002368607167,-0.487588358349149,-0.5972255960406668,-0.7064222245473126,-0.7666155521157001,-0.4940631557712872,-0.35513959058901573,-1.7723619033569733,0.0,10120265
/workspaces/Pronounciation_evaluation/data/raw/WAVE/SPEAKER1012/010120180.WAV,-0.6288142619582892,0.5987690048606796,0.2566854333677263,0.4515056044118176,1.1006120056987267,0.4159656534967788,-0.07826600693833886,-0.06399393252431032,0.32363273684799787,0.7532136495166519,1.273782411320385,-1.2679528252177568,-1.150620861258613,-0.47079981296378903,-0.4578872844989214,-0.5243072088494017,-1.5844855094587968,-0.798544063131578,0.19561644280536258,0.23819252027465146,-0.08268347184313582,0.16908619904994018,-0.47060773672877015,-0.7704329425144115,-0.3534984552583657,-0.798374332536716,-0.5839499462500506,-0.5275134018680768,-0.7043770049410557,-0.6608295641118164,-0.6741359402995576,-0.8192205323158809,0.09806574739729014,-0.0776911590222318,0.16375903702691041,0.0,10120180
/workspaces/Pronounciation_evaluation/data/raw/WAVE/SPEAKER1012/010120212.WAV,-0.07997814332576006,0.5966714045054597,0.29364636920782317,0.7379246179367914,1.31046002211577,0.1839026575996818,0.3179304012094828,-0.4575703069022806,0.4175813790259508,0.9293816447176375,0.6935741611227815,-1.6283642740764293,-1.5343571446910598,-0.6021966944214597,-0.33367440293845996,-0.1666615636429038,-0.7097434114108122,-0.8950106245458738,-0.04746545222520629,-0.10330302919955531,1.3203194026849623,-0.41567114818583195,-0.43894156320456357,1.3228828098803116,0.5642400041467924,-0.9933364200918836,-0.6398001217922037,-0.5539503136822972,-0.2815707224615461,-0.5539636519385616,-1.0119142267611982,-0.32649314157895987,-0.677869789097066,0.5001221728306691,-0.15892778637040353,0.0,10120212
/workspaces/Pronounciation_evaluation/data/raw/WAVE/SPEAKER1012/010120128.WAV,-0.264422527428252,-0.14370747935138695,-0.2789525242384863,1.4932580666123232,1.340692612968117,0.9025146840049718,-0.7897295509512935,-0.04166692180807886,0.6446017787694495,0.9413903251453815,0.627311676250945,-0.6418207067678994,-0.40701562634065125,0.3859409068010855,-0.589628326466756,-0.1928875834927672,-0.5098035418995873,-0.13525048051087668,0.6346238247272965,1.514112126394472,-0.3268230830695878,-0.12177199037923395,-0.09361633573652796,-0.7026998620836247,-1.080406131470618,-0.49742203835979587,-0.648648641488299,-0.5571968459392649,-0.6821240284178972,-0.7445564005393251,0.3721381216960311,-0.2598910148920998,0.8188232356108334,-0.5888817470170444,-0.4522794440043257,0.0,10120128
/workspaces/Pronounciation_evaluation/data/raw/WAVE/SPEAKER0001/000010053.WAV,0.3362037323245461,-1.4812204069490555,-1.1802763275178176,-0.3198161727683099,0.0506375220720047,-2.0824776159210234,-0.821055123324092,-1.650760471453253,-1.0637292828968352,-0.9403846813905961,-1.0243370322311798,-1.3872036881708627,-1.259577718288886,1.0297613158029146,-0.1848355051301494,0.8167360722661186,0.0906858062034438,0.6638689910934295,1.8210709128776446,0.46325077236190554,1.7246801035452024,0.14475228304251891,0.9324306256967049,-0.047553500045928246,0.47511079495676795,-0.2438552955607567,1.005469840972572,-0.08266089822694495,1.1293595617904864,1.2050652581093904,0.584292912273146,1.0976448440921898,-0.7987567724411333,0.0654530213210102,-0.7201222618439929,0.0,10053
/workspaces/Pronounciation_evaluation/data/raw/WAVE/SPEAKER0001/000010121.WAV,0.5797547377263852,-0.9447639488619235,-1.7797908519565095,-1.3251924237901365,-0.14141111622694705,-1.5137177479582002,-0.4008058783935785,-2.115894559516319,-0.6629203138035699,-0.7379929946314432,-1.5394610795612511,-0.7586257248178162,-1.2728095970537008,1.2590067040318025,-0.4328462032001379,1.4752179055799926,-0.48872626182274953,0.630197943812221,0.32170978134803097,-0.26957110795901884,-0.5256537949407282,-0.02314906418054133,0.9666628258679691,1.1550041234265176,0.9688893330248852,-0.6643961252562209,1.0590105709374016,-0.1275697150752416,0.9651469372139616,1.3839611796793876,0.1037690132856495,-0.49169556558445887,-0.5704152078317872,-0.07270714667884967,-1.4000309532831496,0.0,10121
/workspaces/Pronounciation_evaluation/data/raw/WAVE/SPEAKER0001/000010075.WAV,0.9699769144583379,-2.0907936110645244,-1.4505895036608443,-0.01397891434018868,-1.1666792851889367,-1.4424707385912532,-0.41938918781635803,-0.5379114386111016,-1.4181485468605142,-1.4659650834338955,-0.6816447922843353,-1.7381157775449982,-1.5995602090741987,1.106946963810591,0.652875711978546,-0.30055511247657063,2.6476877156904455,1.837717069030151,0.34783460437272357,0.25368909689110575,1.021960599882577,0.8694520955829628,0.3202919837373225,-1.1275897775413937,2.7439396207181126,-0.01621876503188573,1.3536663968420013,-0.02281034743833813,1.1612587070898932,1.3829439398314642,1.5617244143580538,0.6118782279302906,0.2546265484907347,-1.5494083432384902,0.16375903702691041,0.0,10075
/workspaces/Pronounciation_evaluation/data/raw/WAVE/SPEAKER0001/000010122.WAV,1.2814025467627923,-0.9440975750401557,-1.6780413480759384,-0.6372603346803459,-0.08499104947173763,-2.022434064543747,-0.4649850774202257,-2.0403894880183366,-0.5518483256606392,-1.532556405051545,-1.3106590509388263,-1.478651904307838,-0.7808297214238561,1.1109720231098066,-0.22079637802406019,2.717376632363265,-0.39313475433258993,1.0268085691320699,0.5073506774030302,-0.14539763550271698,0.3205125355930419,-0.47760881617559486,0.871335453164051,1.333012453545441,1.129534623240622,0.1809766761910404,1.367788471532365,-0.05291936258768575,2.416105614128884,2.0611316279737406,-0.17126142444760334,-0.04691543681192116,-1.181616225192718,0.4526296350182691,-1.4000309532831496,0.0,10122
/workspaces/Pronounciation_evaluation/data/raw/WAVE/SPEAKER0001/000010106.WAV,0.8966867061511807,-0.9134761113255877,-1.9156090149027292,-1.7577109872682137,-1.6122387558292492,-0.838329299094752,-0.5481443836025498,-1.5558389841764204,-0.7837113531160643,-0.15376319798526758,-1.5492327591836184,-2.4754529142372577,-0.1931278173417579,1.1537384683841585,-0.3312924439645192,1.027310930593542,-1.5946479282215276,1.99968748039954,-0.037849209220654066,0.2732720195827401,1.6371301059043746,-0.19181399503314067,-0.4069955386944502,0.6250770643546076,3.9670782377898197,1.1641047510519364,2.034942324799191,0.3730494179054639,1.6492654642658138,1.9326434652483078,0.5299173540957997,0.8697223467229924,-0.8208341573239801,-0.09844475153039241,-0.9656448448636884,0.0,10106
/workspaces/Pronounciation_evaluation/data/raw/WAVE/SPEAKER0001/000010173.WAV,1.2014652430591415,-1.335417668851609,-1.2899358110200423,-1.2963346225526906,0.027005094739309975,-0.978528407777302,-0.5236998048109703,-0.9184001398571788,-0.49141573156693286,0.21267034209581753,-0.3616580839926213,-1.8796569996051404,-0.9299326512249174,-0.2169988999269779,-0.4384034350303008,1.6094236358872516,0.3838620805298946,-0.4471178609414737,1.2653882625139732,0.14142976571338908,0.6066064754597638,0.14973168454771346,2.6321807237034,0.4568401387369834,1.9485356174669564,0.6895247057192878,1.2151467338486885,0.19008208322079292,0.7243882357924836,2.195109951876282,0.9239604403459724,0.6967033733156178,0.06705153796575565,-0.5591852243875066,-0.7201222618439929,0.0,10173
/workspaces/Pronounciation_evaluation/data/raw/WAVE/SPEAKER0001/000010089.WAV,1.0437423474591294,-0.18559164544272994,-1.6834093586010004,-0.3643445237248589,-0.6626857319847086,-2.2363003893253652,-0.7133559456127899,-1.4527006133157743,-1.3251537517741971,-1.8674973569281503,-1.2455944576069455,-1.504090849297079,-2.12755632066127,1.4895474917799563,-1.8501160795155518,1.9673032279215752,0.5600839714776013,1.3730964479908372,0.4025643260247568,0.4424142395667956,-0.12610300313031356,-0.8526781475998056,1.857241765206014,0.44397854088194894,1.0305430260298538,-0.050794360986519425,0.8956017317813072,-0.025394078433318784,2.0212442019703842,1.7285922362959036,-0.7115768326493117,-1.4404512795119944,-0.7463477210282291,0.1921019310295323,2.422566800808108,0.0,10089
/workspaces/Pronounciation_evaluation/data/raw/WAVE/SPEAKER0001/000010135.WAV,0.9842820577824584,-1.4639351733489474,-1.9725173563946803,-0.7754587372400173,-0.9468905868819274,-1.570102267737124,-0.8504034479977491,-0.9896792912744303,-0.25009292179710035,-1.0014417428865927,-1.471397967948397,-1.4425921380042503,-1.3492146754084553,0.7398832408242729,-1.4392122700596879,1.0183321169577444,0.20154644836486432,0.4071819732585671,1.0396664109840459,-0.4444017049199908,-0.5179458919083447,-0.4592677293181386,0.8497983608496651,2.5087884012855066,1.7218676284781051,-1.3908882199109502,1.5082659811293495,0.0967433026223069,1.1948754736167575,1.4938001837296535,0.7573375668416826,-0.25146363397085164,-0.05638002283424518,-0.9979592554581033,0.5204128944660475,0.0,10135
/workspaces/Pronounciation_evaluation/data/raw/WAVE/SPEAKER0001/000010133.WAV,1.0737348559304072,-0.6769608203598301,-1.7369622208024107,-0.9911453700484135,0.026459155063317058,-2.371732466018848,-0.9087725477107274,-1.7152367471627474,-0.24113402269897732,-1.4910702052717342,-1.0334659257548475,-1.4833646892785486,-0.9995791175652682,0.8493005593374404,-1.8852508569617992,1.668563980690579,-0.45736444082281447,-0.14765248166271258,-0.9471483344928835,0.0711976471825325,0.1589326369645138,-1.1349182607505277,-0.5305045590279897,-0.3121806095172651,0.5474386069648762,0.5585092089217657,1.2575725234628186,-0.03569587129432238,1.4040606013949437,1.8169124849139358,-0.4310173291270945,-1.4483007995829158,-0.9399513613219228,-0.8500486503548561,-0.15892778637040353,0.0,10133
/workspaces/Pronounciation_evaluation/data/raw/WAVE/SPEAKER0001/000010140.WAV,1.777100954252594,-0.2580699200014426,-1.908171970110808,-1.8850678624519173,-0.14398924546916927,-1.5662720587616497,-0.1820131405114852,-2.2414250100958624,-1.3090059427078047,-0.5414588840274669,-1.3303601491034869,-1.4943944856549771,0.4989786199608213,1.04206589925419,-0.4609122664861546,1.1385964333893297,-0.17754121992996041,-0.023631796177494824,-1.1879097122512912,-0.49634503515275424,1.432104606020919,1.0179814495043769,1.4984668122420521,1.870842593320873,1.2274259377487513,0.4573390672376087,0.9791507545798454,-0.20510394935153703,4.422114558906073,3.9827352702308105,-0.7547107736695027,-1.086734925849837,-1.5484519450834013,0.39822618951305466,2.422566800808108,0.0,10140
