utt_id,wav_path,text,speaker
000010011,WAVE/SPEAKER0001/000010011.WAV,WE CALL IT BEAR,0001
000010035,WAVE/SPEAKER0001/000010035.WAV,ZERO THREE FIVE ONE,0001
000010053,WAVE/SPEAKER0001/000010053.WAV,THREE TWO TWO SEVEN,0001
000010063,WAVE/SPEAKER0001/000010063.WAV,ELEPHANTS TAI GOOSE,0001
000010069,WAVE/SPEAKER0001/000010069.WAV,TOM GIVES UP BOXING,0001
000010075,WAVE/SPEAKER0001/000010075.WAV,HE HATES SHOOTING,0001
000010089,WAVE/SPEAKER0001/000010089.WAV,MANDY HAS A BIG ARM,0001
000010095,WAVE/SPEAKER0001/000010095.WAV,LOOK AT ANN'S PANTS,0001
000010106,WAVE/SPEAKER0001/000010106.WAV,WHAT ABOUT THE BUS,0001
000010113,WAVE/SPEAKER0001/000010113.WAV,THEN HE WENT TO THEME PARK,0001
000010115,WAVE/SPEAKER0001/000010115.WAV,LET'S GO TO THE RESTROOM,0001
000010121,WAVE/SPEAKER0001/000010121.WAV,THEN MIKE WALKS TO COFFEE,0001
000010122,WAVE/SPEAKER0001/000010122.WAV,SO MARY WENT ON TO STUDY,0001
000010133,WAVE/SPEAKER0001/000010133.WAV,KATE GOT THE TOMATO,0001
000010135,WAVE/SPEAKER0001/000010135.WAV,TINA LOVES EGGPLANT,0001
000010140,WAVE/SPEAKER0001/000010140.WAV,DORA IS NOT A CLEANER,0001
000010145,WAVE/SPEAKER0001/000010145.WAV,MARK LIVED IN NEW YORK,0001
000010149,WAVE/SPEAKER0001/000010149.WAV,BOB LIVES IN CAIRO NOW,0001
000010168,WAVE/SPEAKER0001/000010168.WAV,BYE,0001
000010173,WAVE/SPEAKER0001/000010173.WAV,TREES,0001
000050003,WAVE/SPEAKER0005/000050003.WAV,MIKE LIKES THE WHITE ONE,0005
000050010,WAVE/SPEAKER0005/000050010.WAV,ITS NAME IS SAY,0005
000050024,WAVE/SPEAKER0005/000050024.WAV,BILLY LOVES AMERICA,0005
000050028,WAVE/SPEAKER0005/000050028.WAV,TWO TWO EIGHT SEVEN,0005
000050038,WAVE/SPEAKER0005/000050038.WAV,FOUR FIVE FOUR SEVEN,0005
000050040,WAVE/SPEAKER0005/000050040.WAV,FIVE THREE NINE ZERO,0005
000050047,WAVE/SPEAKER0005/000050047.WAV,SIX FIVE THREE,0005
000050049,WAVE/SPEAKER0005/000050049.WAV,TWO FIVE EIGHT,0005
000050055,WAVE/SPEAKER0005/000050055.WAV,WE LESS MEAT,0005
000050078,WAVE/SPEAKER0005/000050078.WAV,DOSE MIKE LIKE THE HAMBURGER,0005
000050079,WAVE/SPEAKER0005/000050079.WAV,ANNIE WANT HAVE SOME PRETTIES,0005
000050083,WAVE/SPEAKER0005/000050083.WAV,KATE'S GOT SOME GREY,0005
000050095,WAVE/SPEAKER0005/000050095.WAV,LOOK AT JOHN'S SWEATER,0005
000050099,WAVE/SPEAKER0005/000050099.WAV,TIM HAS A BEAUTIFUL TELL,0005
000050100,WAVE/SPEAKER0005/000050100.WAV,JIM LIKES YOUR BLUE SHORE,0005
000050114,WAVE/SPEAKER0005/000050114.WAV,ANNIE WENT WALKING THEM PARK,0005
000050118,WAVE/SPEAKER0005/000050118.WAV,LAYLA CAN SEE THE HOMETOWN,0005
000050122,WAVE/SPEAKER0005/000050122.WAV,SO TINA WENT ON TO WASHROOM,0005
000050174,WAVE/SPEAKER0005/000050174.WAV,ALL WITH HIM,0005
000050175,WAVE/SPEAKER0005/000050175.WAV,GOOD JOB,0005
000060015,WAVE/SPEAKER0006/000060015.WAV,JAYME IS GOING TO SEE HEN,0006
000060020,WAVE/SPEAKER0006/000060020.WAV,DORA IS COME FROM JAPAN,0006
000060029,WAVE/SPEAKER0006/000060029.WAV,SIX ONE SIX ZERO,0006
000060031,WAVE/SPEAKER0006/000060031.WAV,FIVE TWO FOUR SEVEN,0006
000060049,WAVE/SPEAKER0006/000060049.WAV,ZERO THREE FIVE,0006
000060056,WAVE/SPEAKER0006/000060056.WAV,PHONE PARTS TICKETS,0006
000060077,WAVE/SPEAKER0006/000060077.WAV,ANN ATE A LITTLE DOG,0006
000060081,WAVE/SPEAKER0006/000060081.WAV,DOES LAYLA LIKE THE JAM,0006
000060082,WAVE/SPEAKER0006/000060082.WAV,KATE LIKES LAMB,0006
000060083,WAVE/SPEAKER0006/000060083.WAV,MARK GOT SOME NOODLES,0006
000060094,WAVE/SPEAKER0006/000060094.WAV,TOM LIKES THE OLD SWEATER,0006
000060102,WAVE/SPEAKER0006/000060102.WAV,BOB NEEDS NEW BOOTS,0006
000060106,WAVE/SPEAKER0006/000060106.WAV,TOM CAN SEE THE MOTOR CYCLE,0006
000060111,WAVE/SPEAKER0006/000060111.WAV,HE LEFT THE FRUIT STAND,0006
000060113,WAVE/SPEAKER0006/000060113.WAV,LET'S GO TO THE GYM,0006
000060116,WAVE/SPEAKER0006/000060116.WAV,SO MARK WHEN TO THE PET SHOP,0006
000060124,WAVE/SPEAKER0006/000060124.WAV,SO ALICE WENT ON TO VILLAGE,0006
000060130,WAVE/SPEAKER0006/000060130.WAV,NO THAT'S TOMATO,0006
000060136,WAVE/SPEAKER0006/000060136.WAV,I'M NOT A ACTOR,0006
000060153,WAVE/SPEAKER0006/000060153.WAV,WHAT LOVELY CLEAN TEETH,0006
000260001,WAVE/SPEAKER0026/000260001.WAV,LAYLA LOVE BROWN,0026
000260011,WAVE/SPEAKER0026/000260011.WAV,ANDY CAN SEE THE HEN,0026
000260015,WAVE/SPEAKER0026/000260015.WAV,JOHN IS GOING TO SEE COW,0026
000260032,WAVE/SPEAKER0026/000260032.WAV,ONE ONE ZERO EIGHT,0026
000260033,WAVE/SPEAKER0026/000260033.WAV,THREE ONE SEVEN NINE,0026
000260039,WAVE/SPEAKER0026/000260039.WAV,EIGHT ZERO SIX TWO,0026
000260048,WAVE/SPEAKER0026/000260048.WAV,THREE ZERO EIGHT SEVEN,0026
000260050,WAVE/SPEAKER0026/000260050.WAV,ZERO EIGHT THREE ONE,0026
000260052,WAVE/SPEAKER0026/000260052.WAV,SIX EIGHT SIX SEVEN,0026
000260069,WAVE/SPEAKER0026/000260069.WAV,TEDDY GIVES UP SHOOTING,0026
000260075,WAVE/SPEAKER0026/000260075.WAV,HE LIKES RACING,0026
000260091,WAVE/SPEAKER0026/000260091.WAV,DORA LIKES YOUR RED JEANS,0026
000260095,WAVE/SPEAKER0026/000260095.WAV,BOB LOVES THE NEW CLOTH,0026
000260096,WAVE/SPEAKER0026/000260096.WAV,JOHN NEEDS NEW T SHIRT,0026
000260112,WAVE/SPEAKER0026/000260112.WAV,THEN LILLY WALKS TO MUSIC ROOM,0026
000260115,WAVE/SPEAKER0026/000260115.WAV,THEN TIM WALKS TO THEM PARK,0026
000260121,WAVE/SPEAKER0026/000260121.WAV,THEN MANDY WALKS TO RESTROOM,0026
000260126,WAVE/SPEAKER0026/000260126.WAV,DO YOU WANT THE PEA,0026
000260133,WAVE/SPEAKER0026/000260133.WAV,ANDY GOT THE MUSHROOM,0026
000260166,WAVE/SPEAKER0026/000260166.WAV,NOW FOR THE PARTY,0026
000360013,WAVE/SPEAKER0036/000360013.WAV,IT'S JUST SO HARD TO PICTURE,0036
000360034,WAVE/SPEAKER0036/000360034.WAV,WE SPEAK OUT WHEN WE FEEL WE SHOULD SPEAK OUT,0036
000360036,WAVE/SPEAKER0036/000360036.WAV,I COULD DO WITH A BREAK,0036
000360132,WAVE/SPEAKER0036/000360132.WAV,IT IS ALWAYS SO NICE TO SEE YOU,0036
000360133,WAVE/SPEAKER0036/000360133.WAV,UNFORTUNATELY NO ONE IS ALLOW TO SAY,0036
000360161,WAVE/SPEAKER0036/000360161.WAV,ALMOST TIME FOR A HAIRCUT,0036
000360190,WAVE/SPEAKER0036/000360190.WAV,SO YOU WANT TO BE MORE PRODUCTIVE,0036
000360210,WAVE/SPEAKER0036/000360210.WAV,STARTING CAN NOT BE BETTER THAN THIS,0036
000360223,WAVE/SPEAKER0036/000360223.WAV,I KEEP IT TO BE AMUSED BY THE STUPIDITY,0036
000360241,WAVE/SPEAKER0036/000360241.WAV,AFTER THAT I BE READY TO GO,0036
000360264,WAVE/SPEAKER0036/000360264.WAV,I THANK YOU FOR YOUR SYMPATHY BECAUSE IT COUNTS,0036
000360283,WAVE/SPEAKER0036/000360283.WAV,OFF THE CHAIN I BET,0036
000360313,WAVE/SPEAKER0036/000360313.WAV,HE NODDED HIS HEAD AND SMILED,0036
000360314,WAVE/SPEAKER0036/000360314.WAV,BUT TELL ME THE TRUTH,0036
000360332,WAVE/SPEAKER0036/000360332.WAV,THE FIRST QUESTION WAS AN OBVIOUS ONE,0036
000360334,WAVE/SPEAKER0036/000360334.WAV,THE SHOCK WAS TOO MUCH FOR HIM,0036
000360339,WAVE/SPEAKER0036/000360339.WAV,HE KNOWS HE'S ABOUT TO GET INTO FIGHT,0036
000360343,WAVE/SPEAKER0036/000360343.WAV,HE WAS ALWAYS READY TO DO ANYTHING WHATEVER,0036
000360360,WAVE/SPEAKER0036/000360360.WAV,THE LONG AND THE SHORT OF IT IS THIS,0036
000360378,WAVE/SPEAKER0036/000360378.WAV,YOU WANT TO BE LOVE,0036
000480010,WAVE/SPEAKER0048/000480010.WAV,IT'S NOT FISH,0048
000480014,WAVE/SPEAKER0048/000480014.WAV,JOHN CAN SEE THE SHEEP,0048
000480015,WAVE/SPEAKER0048/000480015.WAV,LYNDA IS GOING TO SEE ELEPHANT,0048
000480016,WAVE/SPEAKER0048/000480016.WAV,MY CAN DRAW THE GOAT,0048
000480019,WAVE/SPEAKER0048/000480019.WAV,TINA CAN DRAW THE BALT,0048
000480023,WAVE/SPEAKER0048/000480023.WAV,BRO IS FROM JUMP,0048
000480033,WAVE/SPEAKER0048/000480033.WAV,ZERO FIVE EIGHT THREE,0048
000480045,WAVE/SPEAKER0048/000480045.WAV,FIVE NINE SIX FIVE,0048
000480068,WAVE/SPEAKER0048/000480068.WAV,ANN LIKES HULK,0048
000480081,WAVE/SPEAKER0048/000480081.WAV,DOES KATE LIKE THE BREAD,0048
000480089,WAVE/SPEAKER0048/000480089.WAV,LILLY HAS A BIG LEG,0048
000480090,WAVE/SPEAKER0048/000480090.WAV,BY THE HAND,0048
000480108,WAVE/SPEAKER0048/000480108.WAV,LOOK AT THIS BIG JEEP,0048
000480119,WAVE/SPEAKER0048/000480119.WAV,SO HE WHEN TO T V ROOM,0048
000480125,WAVE/SPEAKER0048/000480125.WAV,SO BILLY WENT INTO THE PET SHOP,0048
000480134,WAVE/SPEAKER0048/000480134.WAV,LIKES THE STRING BEAN,0048
000480136,WAVE/SPEAKER0048/000480136.WAV,SHE WANTS DO A STUDENT,0048
000480151,WAVE/SPEAKER0048/000480151.WAV,WHAT WILL YOU CAT,0048
000480158,WAVE/SPEAKER0048/000480158.WAV,COME AND SEE MY DOWN,0048
000480159,WAVE/SPEAKER0048/000480159.WAV,I'M NOT AT ALL FREED,0048
000530003,WAVE/SPEAKER0053/000530003.WAV,MIKE LIKES THE ORANGE ONE,0053
000530006,WAVE/SPEAKER0053/000530006.WAV,ANN CAN WE HAVE THE PEACH,0053
000530019,WAVE/SPEAKER0053/000530019.WAV,LILLY CAN DRAW THE TIGER,0053
000530027,WAVE/SPEAKER0053/000530027.WAV,THREE THREE NINE,0053
000530030,WAVE/SPEAKER0053/000530030.WAV,SIX FOUR FIVE SIX,0053
000530037,WAVE/SPEAKER0053/000530037.WAV,FOUR THREE FOUR TWO,0053
000530054,WAVE/SPEAKER0053/000530054.WAV,ONE NINE FOUR,0053
000530055,WAVE/SPEAKER0053/000530055.WAV,BOOTS MOUNTAINS TREES,0053
000530060,WAVE/SPEAKER0053/000530060.WAV,SIR THREE PLANTING GRAFF,0053
000530063,WAVE/SPEAKER0053/000530063.WAV,SANDWICH GIVE HIM,0053
000530076,WAVE/SPEAKER0053/000530076.WAV,LAYLA WANTS HAVE SOME BISCUIT,0053
000530077,WAVE/SPEAKER0053/000530077.WAV,JIM ATE A LITTLE CAKE,0053
000530094,WAVE/SPEAKER0053/000530094.WAV,LIYA LIKES THE OLD SAFE,0053
000530109,WAVE/SPEAKER0053/000530109.WAV,MIKE CAN SEE THE TRAIN,0053
000530112,WAVE/SPEAKER0053/000530112.WAV,THEN JAYME WALKS TO TOILET,0053
000530115,WAVE/SPEAKER0053/000530115.WAV,THEN TOM WALKS TO ART ROOM,0053
000530145,WAVE/SPEAKER0053/000530145.WAV,SHE LIKES THE BIG GREEN CITY LONDON,0053
000530154,WAVE/SPEAKER0053/000530154.WAV,I WILL GO TO MEN,0053
000530163,WAVE/SPEAKER0053/000530163.WAV,WHERE DID THAT COME FROM,0053
000530174,WAVE/SPEAKER0053/000530174.WAV,I ONLY WANT ONE,0053
000540001,WAVE/SPEAKER0054/000540001.WAV,MIKE LOVE GARDEN,0054
000540004,WAVE/SPEAKER0054/000540004.WAV,MARK LOVE PORTER,0054
000540014,WAVE/SPEAKER0054/000540014.WAV,JAYME CAN SEE THE DOG,0054
000540018,WAVE/SPEAKER0054/000540018.WAV,BILLY IS GOING TO SEE FOX,0054
000540031,WAVE/SPEAKER0054/000540031.WAV,SIX EIGHT FOUR SIX,0054
000540054,WAVE/SPEAKER0054/000540054.WAV,FIVE FIVE NINE ONE,0054
000540055,WAVE/SPEAKER0054/000540055.WAV,QUICK PAST PHOTO,0054
000540058,WAVE/SPEAKER0054/000540058.WAV,SHANGHAI QUIRE TODAY ONCE TOMORROW,0054
000540062,WAVE/SPEAKER0054/000540062.WAV,KANGAROO COWS TRACE,0054
000540072,WAVE/SPEAKER0054/000540072.WAV,PETER IS GOOD AT SKIN,0054
000540077,WAVE/SPEAKER0054/000540077.WAV,BILLY AT A LITTLE JAM,0054
000540088,WAVE/SPEAKER0054/000540088.WAV,LOOK AT BILLY'S FOOT,0054
000540106,WAVE/SPEAKER0054/000540106.WAV,LINDA CAN SEE THE SUN BOY,0054
000540111,WAVE/SPEAKER0054/000540111.WAV,MARY CAN SEE THE THIEF,0054
000540117,WAVE/SPEAKER0054/000540117.WAV,KATE WAS WALKING TO PARK,0054
000540123,WAVE/SPEAKER0054/000540123.WAV,SANDY WAS WALKING TO TURN PAR,0054
000540127,WAVE/SPEAKER0054/000540127.WAV,PETER IS DRAWING THE PASS,0054
000540130,WAVE/SPEAKER0054/000540130.WAV,NILA LOVES NEWS,0054
000540156,WAVE/SPEAKER0054/000540156.WAV,IT MUST BE HE,0054
000540163,WAVE/SPEAKER0054/000540163.WAV,I AM IN THE GLASS,0054
000560016,WAVE/SPEAKER0056/000560016.WAV,MARY IS GOING TO SEE MONKEY,0056
000560017,WAVE/SPEAKER0056/000560017.WAV,LUCY IS GOING TO SEE HORSE,0056
000560026,WAVE/SPEAKER0056/000560026.WAV,ONE FOUR SEVEN ONE,0056
000560030,WAVE/SPEAKER0056/000560030.WAV,FIVE EIGHT THREE TWO,0056
000560033,WAVE/SPEAKER0056/000560033.WAV,FIVE ONE SIX ONE,0056
000560038,WAVE/SPEAKER0056/000560038.WAV,ZERO FOUR ONE,0056
000560058,WAVE/SPEAKER0056/000560058.WAV,LUCY HOCK SONG MUTTON,0056
000560068,WAVE/SPEAKER0056/000560068.WAV,BY DAVID'S TOES,0056
000560074,WAVE/SPEAKER0056/000560074.WAV,I NEED NEW SHORTS,0056
000560075,WAVE/SPEAKER0056/000560075.WAV,JACK LIKES YOUR RED CUP,0056
000560084,WAVE/SPEAKER0056/000560084.WAV,LOOK AT DORA'S CLOT,0056
000560086,WAVE/SPEAKER0056/000560086.WAV,TEDDY CAN SEE THE CAR,0056
000560088,WAVE/SPEAKER0056/000560088.WAV,THE NEW CAR,0056
000560116,WAVE/SPEAKER0056/000560116.WAV,JIM WAS TO BE ARE GOLD TEACHER,0056
000560117,WAVE/SPEAKER0056/000560117.WAV,JACK WAS WANTS TO BE ARE GOLD NERVOUS,0056
000560134,WAVE/SPEAKER0056/000560134.WAV,ANYBODY CAN BANK BANK BANK,0056
000560154,WAVE/SPEAKER0056/000560154.WAV,LOOK HERE I CHUCK THIS,0056
000560159,WAVE/SPEAKER0056/000560159.WAV,BY YOUR LEAVE,0056
000560162,WAVE/SPEAKER0056/000560162.WAV,WHO CAN COUNT TO THREE,0056
000560172,WAVE/SPEAKER0056/000560172.WAV,BEAR GOT HIS BALL,0056
000700008,WAVE/SPEAKER0070/000700008.WAV,KATE HAS NOT THE MANGO,0070
000700010,WAVE/SPEAKER0070/000700010.WAV,THE CUTE ELEPHANT,0070
000700012,WAVE/SPEAKER0070/000700012.WAV,THANK YOU DEAR GOT,0070
000700015,WAVE/SPEAKER0070/000700015.WAV,LILLY IS GOING TO SEE PIG,0070
000700019,WAVE/SPEAKER0070/000700019.WAV,DORA CAN DRAW THE ZEBRA,0070
000700034,WAVE/SPEAKER0070/000700034.WAV,SEVEN THREE NINE FOUR,0070
000700037,WAVE/SPEAKER0070/000700037.WAV,THREE EIGHT ONE SEVEN,0070
000700046,WAVE/SPEAKER0070/000700046.WAV,NINE SEVEN FIVE FOUR,0070
000700048,WAVE/SPEAKER0070/000700048.WAV,TWO TWO NINE ONE,0070
000700053,WAVE/SPEAKER0070/000700053.WAV,EIGHT FIVE FIVE SEVEN,0070
000700063,WAVE/SPEAKER0070/000700063.WAV,SHOES OLYMPIA SHOES,0070
000700065,WAVE/SPEAKER0070/000700065.WAV,CINEMA FRIDAY FANS,0070
000700082,WAVE/SPEAKER0070/000700082.WAV,JOHN LIKES RICE,0070
000700109,WAVE/SPEAKER0070/000700109.WAV,LISA CAN SEE THE YET,0070
000700120,WAVE/SPEAKER0070/000700120.WAV,LISA CAN SEE THE CLASSROOM,0070
000700123,WAVE/SPEAKER0070/000700123.WAV,MANDY WANTS WALKING TO BEDROOM,0070
000700130,WAVE/SPEAKER0070/000700130.WAV,DAD GOES THE CARROT,0070
000700151,WAVE/SPEAKER0070/000700151.WAV,YOU ARE MOST WELCOME,0070
000700156,WAVE/SPEAKER0070/000700156.WAV,WELL MOTHER,0070
000700174,WAVE/SPEAKER0070/000700174.WAV,WHAT'S HER NAME,0070
000750005,WAVE/SPEAKER0075/000750005.WAV,BORN LIKES GREEN,0075
000750015,WAVE/SPEAKER0075/000750015.WAV,TOM IS GOING TO SEE COW,0075
000750020,WAVE/SPEAKER0075/000750020.WAV,SINGER IS COMING FROM AUSTRALIAN,0075
000750024,WAVE/SPEAKER0075/000750024.WAV,ANDY LOVES FRANCE,0075
000750026,WAVE/SPEAKER0075/000750026.WAV,FIVE FIVE ZERO SIX,0075
000750029,WAVE/SPEAKER0075/000750029.WAV,FIVE SEVEN SIX SIX,0075
000750045,WAVE/SPEAKER0075/000750045.WAV,FIVE NINE ZERO FOUR,0075
000750068,WAVE/SPEAKER0075/000750068.WAV,MARY LIKES TENNIS,0075
000750080,WAVE/SPEAKER0075/000750080.WAV,DO YOU KNOW THE NOODLES,0075
000750082,WAVE/SPEAKER0075/000750082.WAV,AND LIKES HAMBURGER,0075
000750085,WAVE/SPEAKER0075/000750085.WAV,JOHN HOT SOME MEAT,0075
000750091,WAVE/SPEAKER0075/000750091.WAV,MARK HAS A BEAUTIFUL SHORTS,0075
000750101,WAVE/SPEAKER0075/000750101.WAV,LOOK AT JOHN'S COAT,0075
000750106,WAVE/SPEAKER0075/000750106.WAV,LAYLA CAN SEE THE BUS,0075
000750108,WAVE/SPEAKER0075/000750108.WAV,THE PLANE IS NEAR,0075
000750123,WAVE/SPEAKER0075/000750123.WAV,BILLY WAS WALKING TO FARM,0075
000750128,WAVE/SPEAKER0075/000750128.WAV,LAYLA HOT THE PEAR,0075
000750134,WAVE/SPEAKER0075/000750134.WAV,TINA LIKES EYE,0075
000750140,WAVE/SPEAKER0075/000750140.WAV,MARY IS NOT SINGER,0075
000750149,WAVE/SPEAKER0075/000750149.WAV,TIM LIVES IN MOST ROOM NOW,0075
001030008,WAVE/SPEAKER0103/001030008.WAV,JACK HAS GOT SOME LEMON,0103
001030013,WAVE/SPEAKER0103/001030013.WAV,JOHN CAN DRAW THE HORSE,0103
001030032,WAVE/SPEAKER0103/001030032.WAV,EIGHT ONE ZERO SIX,0103
001030048,WAVE/SPEAKER0103/001030048.WAV,ZERO NINE THREE,0103
001030053,WAVE/SPEAKER0103/001030053.WAV,TWO FOUR SEVEN,0103
001030054,WAVE/SPEAKER0103/001030054.WAV,ONE FIVE THREE,0103
001030060,WAVE/SPEAKER0103/001030060.WAV,RELATIVES N U S A,0103
001030061,WAVE/SPEAKER0103/001030061.WAV,DRESSING HOCKEY P,0103
001030065,WAVE/SPEAKER0103/001030065.WAV,GIRL DINNER FAIRY,0103
001030077,WAVE/SPEAKER0103/001030077.WAV,JIM ATE A LITTLE TOLL FULL,0103
001030078,WAVE/SPEAKER0103/001030078.WAV,DOES TOM LIKE THE CHICKEN,0103
001030090,WAVE/SPEAKER0103/001030090.WAV,BY TOM'S SHOULDER,0103
001030099,WAVE/SPEAKER0103/001030099.WAV,PETER HAS A BEAUTIFUL HAT,0103
001030102,WAVE/SPEAKER0103/001030102.WAV,DORA NEEDS NEW T SHIRT,0103
001030103,WAVE/SPEAKER0103/001030103.WAV,JOHN LOVES THE NEW GLOVES,0103
001030121,WAVE/SPEAKER0103/001030121.WAV,THEN KATE WALKS TO BANK,0103
001030136,WAVE/SPEAKER0103/001030136.WAV,HE WANTS TO BE A FARMER,0103
001030143,WAVE/SPEAKER0103/001030143.WAV,BILL LIKES THE P E CLASS,0103
001030144,WAVE/SPEAKER0103/001030144.WAV,MANDY WENT TO THE ART CLASS,0103
001030155,WAVE/SPEAKER0103/001030155.WAV,SHALL WE GO HOME,0103
001040022,WAVE/SPEAKER0104/001040022.WAV,MANDY LIVES IN LAOS,0104
001040026,WAVE/SPEAKER0104/001040026.WAV,FIVE SIX FIVE SIX,0104
001040038,WAVE/SPEAKER0104/001040038.WAV,TWO FIVE ZERO FIVE,0104
001040050,WAVE/SPEAKER0104/001040050.WAV,FOUR FOUR SEVEN TWO,0104
001040062,WAVE/SPEAKER0104/001040062.WAV,CARDS BIRD LISTEN,0104
001040067,WAVE/SPEAKER0104/001040067.WAV,LAYLA IS GOOD AT SURFING,0104
001040069,WAVE/SPEAKER0104/001040069.WAV,LILLY GIVES UP HOCKEY,0104
001040071,WAVE/SPEAKER0104/001040071.WAV,MARY LIKES RUNNING,0104
001040073,WAVE/SPEAKER0104/001040073.WAV,MARK GIVES UP HANDBALL,0104
001040100,WAVE/SPEAKER0104/001040100.WAV,JOHN LIKES YOUR BLUE JACKET,0104
001040104,WAVE/SPEAKER0104/001040104.WAV,JOHN GOT THE SOCKS,0104
001040106,WAVE/SPEAKER0104/001040106.WAV,BILLY CAN SEE THE VAN,0104
001040108,WAVE/SPEAKER0104/001040108.WAV,I CAN PAINT MY SUBWAY,0104
001040115,WAVE/SPEAKER0104/001040115.WAV,THEN MANDY WHAT TO TOILET,0104
001040120,WAVE/SPEAKER0104/001040120.WAV,MARY CAN SEE THE BOOKSTORE,0104
001040122,WAVE/SPEAKER0104/001040122.WAV,SO BILLY WENT ON TO HOME,0104
001040134,WAVE/SPEAKER0104/001040134.WAV,SANDY LIKE THE TOMATO,0104
001040136,WAVE/SPEAKER0104/001040136.WAV,HE WANT TO BE A SINGER,0104
001040149,WAVE/SPEAKER0104/001040149.WAV,MIKE LIKE THE BIG GEN GEN CITY NEW YORK,0104
001040173,WAVE/SPEAKER0104/001040173.WAV,NO I AM NOT,0104
001310020,WAVE/SPEAKER0131/001310020.WAV,LYNDA LOVES AUSTRALIA,0131
001310022,WAVE/SPEAKER0131/001310022.WAV,ANDY LOVES CANADA,0131
001310023,WAVE/SPEAKER0131/001310023.WAV,BETTER LIVED IN CHINA,0131
001310061,WAVE/SPEAKER0131/001310061.WAV,DOES MIKE LIKE THE BEEF,0131
001310062,WAVE/SPEAKER0131/001310062.WAV,ANDY LIKES MEAT,0131
001310076,WAVE/SPEAKER0131/001310076.WAV,PLEASE CLOSE YOUR NEW T SHIRT,0131
001310078,WAVE/SPEAKER0131/001310078.WAV,MIKE LIKES YOUR BLUE JEANS,0131
001310081,WAVE/SPEAKER0131/001310081.WAV,BILLY GOT THE SKIRT,0131
001310096,WAVE/SPEAKER0131/001310096.WAV,JIM CAN SEE THE T V ROOM,0131
001310122,WAVE/SPEAKER0131/001310122.WAV,MARY WENT TO THE MATCH CLASS,0131
001310123,WAVE/SPEAKER0131/001310123.WAV,DADDY LIKES THE SCIENCE CLASS AT SCHOOL,0131
001310129,WAVE/SPEAKER0131/001310129.WAV,HOW DID YOU COME HERE,0131
001310144,WAVE/SPEAKER0131/001310144.WAV,HADI FRIEND,0131
001310148,WAVE/SPEAKER0131/001310148.WAV,CAR,0131
001310152,WAVE/SPEAKER0131/001310152.WAV,IT IS A LONG JOURNEY,0131
001310154,WAVE/SPEAKER0131/001310154.WAV,THEN WHY ARE YOU HERE,0131
001310155,WAVE/SPEAKER0131/001310155.WAV,HE ASKED,0131
001310162,WAVE/SPEAKER0131/001310162.WAV,STEP UP,0131
001310165,WAVE/SPEAKER0131/001310165.WAV,I GOAT UP THIS MORNING,0131
001310168,WAVE/SPEAKER0131/001310168.WAV,COME OVER HERE,0131
001350002,WAVE/SPEAKER0135/001350002.WAV,THIS MONTH IS OVER FOR ME,0135
001350091,WAVE/SPEAKER0135/001350091.WAV,WAR AFTER ALL IS FAR FROM AN EXACT SCIENCE,0135
001350119,WAVE/SPEAKER0135/001350119.WAV,THESE MATCHES ARE GOING TO BE GREAT,0135
001350124,WAVE/SPEAKER0135/001350124.WAV,I WORK FOR LIVING AND HAVE TO GET UP EARLY,0135
001350134,WAVE/SPEAKER0135/001350134.WAV,HE IS A BIG BOY,0135
001350163,WAVE/SPEAKER0135/001350163.WAV,I NEVER WANTED TO BE COOL,0135
001350174,WAVE/SPEAKER0135/001350174.WAV,REALLY WASHING I COULD WATCH A BREAK,0135
001350180,WAVE/SPEAKER0135/001350180.WAV,ITS TOO MANY FISH IN THE SEA TO BE JEALOUS,0135
001350194,WAVE/SPEAKER0135/001350194.WAV,THE GOOD THING IS THAT WE CAN SEE THE GAME,0135
001350216,WAVE/SPEAKER0135/001350216.WAV,AT THE TOP OF THE CHARTS,0135
001350219,WAVE/SPEAKER0135/001350219.WAV,NO ONE WANTS TO TALK TO ME TONIGHT,0135
001350243,WAVE/SPEAKER0135/001350243.WAV,READY TO BE AT THE LAKE,0135
001350285,WAVE/SPEAKER0135/001350285.WAV,ALWAYS WAITING FOR THE NEXT SEASON,0135
001350312,WAVE/SPEAKER0135/001350312.WAV,THE OLD MAN WILL NOT ALLOW THIS,0135
001350317,WAVE/SPEAKER0135/001350317.WAV,BUCKET WANTED NERVOUSLY IN THE WINGS,0135
001350318,WAVE/SPEAKER0135/001350318.WAV,THE NIGHT IS COOL AND ROAD IS LONG,0135
001350343,WAVE/SPEAKER0135/001350343.WAV,I PUT MY ELBOWS ON THE TABLE,0135
001350350,WAVE/SPEAKER0135/001350350.WAV,WHY YES TO BE SURE,0135
001350356,WAVE/SPEAKER0135/001350356.WAV,BETTER TO BE VAGUE HE THOUGHT,0135
001350375,WAVE/SPEAKER0135/001350375.WAV,IT'S ONLY FOR HER THAT I ASKED,0135
001450037,WAVE/SPEAKER0145/001450037.WAV,FOUR THREE THREE EIGHT,0145
001450043,WAVE/SPEAKER0145/001450043.WAV,FIVE FOUR FIVE ONE,0145
001450049,WAVE/SPEAKER0145/001450049.WAV,DIVER IS NOT GOOD AT FOOTBALL,0145
001450051,WAVE/SPEAKER0145/001450051.WAV,MIDDLE LIKES RETURNS BOWING,0145
001450063,WAVE/SPEAKER0145/001450063.WAV,TINA LIKES PORK,0145
001450070,WAVE/SPEAKER0145/001450070.WAV,LISTEN LIKES THE OLD,0145
001450083,WAVE/SPEAKER0145/001450083.WAV,BILLY LIKES YOUR RED SWEATER,0145
001450090,WAVE/SPEAKER0145/001450090.WAV,SO JAM WANTS IT TO THE HOUSE,0145
001450094,WAVE/SPEAKER0145/001450094.WAV,DAVID CAN SEE THE ME PARK,0145
001450098,WAVE/SPEAKER0145/001450098.WAV,JACK WAS WALK TO THE THEM PARK,0145
001450109,WAVE/SPEAKER0145/001450109.WAV,TINA WASHED CLEAN,0145
001450116,WAVE/SPEAKER0145/001450116.WAV,BUTTER WANTS TO BE A GOOD ART,0145
001450140,WAVE/SPEAKER0145/001450140.WAV,OFFER IS BEST,0145
001450142,WAVE/SPEAKER0145/001450142.WAV,PITS,0145
001450146,WAVE/SPEAKER0145/001450146.WAV,AND I'M A CAT,0145
001450159,WAVE/SPEAKER0145/001450159.WAV,AND TO A LIGHTER HOUSE,0145
001450170,WAVE/SPEAKER0145/001450170.WAV,HOW BEAUTIFUL THEY FIT,0145
001450171,WAVE/SPEAKER0145/001450171.WAV,THIS IS TODAY PIG'S OFFICER,0145
001450172,WAVE/SPEAKER0145/001450172.WAV,YES IT'S VERY PRETTY,0145
001450173,WAVE/SPEAKER0145/001450173.WAV,VERY,0145
004820005,WAVE/SPEAKER0482/004820005.WAV,OUR WISH IS TO LIVE THROUGH THIS SEASON,0482
004820015,WAVE/SPEAKER0482/004820015.WAV,WE HAVE OTHERS WHO CAN DO THE SAME THING,0482
004820041,WAVE/SPEAKER0482/004820041.WAV,BUT AGAIN HE HAS MADE A VERY CLEAR STATEMENT,0482
004820045,WAVE/SPEAKER0482/004820045.WAV,THIS IS A GOOD STEP,0482
004820055,WAVE/SPEAKER0482/004820055.WAV,THOSE COULD HAPPEN TO ANYONE,0482
004820114,WAVE/SPEAKER0482/004820114.WAV,YOUR SECOND SHOT WILL BE A CHOICE OF TWO OPTIONS,0482
004820119,WAVE/SPEAKER0482/004820119.WAV,TIME TO MAKE A STATEMENT CAPTAINS,0482
004820144,WAVE/SPEAKER0482/004820144.WAV,TONIGHT HE WAS WORSE THAN ANYONE,0482
004820201,WAVE/SPEAKER0482/004820201.WAV,I FALL IN LOVE WITH MORE AND MORE EVERYDAY,0482
004820214,WAVE/SPEAKER0482/004820214.WAV,MUSIC WILL BE HERE FOREVER,0482
004820220,WAVE/SPEAKER0482/004820220.WAV,THAT'S NOT A BAD DEAL,0482
004820239,WAVE/SPEAKER0482/004820239.WAV,CHEATING IS FOR THE CHILDISH,0482
004820258,WAVE/SPEAKER0482/004820258.WAV,SECRETARY OF ENERGY IS WRONG,0482
004820265,WAVE/SPEAKER0482/004820265.WAV,JUST TELL ME IF YOU FEEL THE SAME WAY TOO,0482
004820268,WAVE/SPEAKER0482/004820268.WAV,I HAVE THE HEART OF A LION,0482
004820329,WAVE/SPEAKER0482/004820329.WAV,BUT THE CITY WAS ALREADY DIRTY,0482
004820353,WAVE/SPEAKER0482/004820353.WAV,SHE MIGHT PUSH HIM OFF INTO THE DEEPS,0482
004820370,WAVE/SPEAKER0482/004820370.WAV,I SHUT MY EYES FOR ONE BREATH,0482
004820371,WAVE/SPEAKER0482/004820371.WAV,SO THERE IS REALLY NO ROOM FOR DOUBT,0482
004820378,WAVE/SPEAKER0482/004820378.WAV,I SHALL NEVER FORGIVE MYSELF FOR THIS EXPOSURE,0482
005600015,WAVE/SPEAKER0560/005600015.WAV,A LIGHT RAIN WAS FALLING AT THE TIME,0560
005600060,WAVE/SPEAKER0560/005600060.WAV,HIS EYES WERE ROLLING AROUND,0560
005600065,WAVE/SPEAKER0560/005600065.WAV,I GO ON THE FIELD AND I PLAY,0560
005600129,WAVE/SPEAKER0560/005600129.WAV,CAN I JUST FALL OFF THE FACE OF THE EARTH,0560
005600145,WAVE/SPEAKER0560/005600145.WAV,WHAT'S THE MATTER WITH US,0560
005600146,WAVE/SPEAKER0560/005600146.WAV,COVER OF A COVER A,0560
005600153,WAVE/SPEAKER0560/005600153.WAV,I BILL NOT AFRAID,0560
005600154,WAVE/SPEAKER0560/005600154.WAV,I WILL INFORMED PEOPLE SHOULD NOT BE ALONG TO VOTE,0560
005600180,WAVE/SPEAKER0560/005600180.WAV,MORE OF US ARE COMING,0560
005600199,WAVE/SPEAKER0560/005600199.WAV,PLUS THEY CAN BE FUN,0560
005600205,WAVE/SPEAKER0560/005600205.WAV,AND THANK YOU FOR POINTING THIS OUT TO US,0560
005600212,WAVE/SPEAKER0560/005600212.WAV,AND IT SEEMS TO BE MOSTLY PHONES,0560
005600214,WAVE/SPEAKER0560/005600214.WAV,FEELING IS STILL THE SAME,0560
005600268,WAVE/SPEAKER0560/005600268.WAV,I WANT A COUPLE OF WEEKS OFF,0560
005600294,WAVE/SPEAKER0560/005600294.WAV,YOU A FAN OF THEM,0560
005600296,WAVE/SPEAKER0560/005600296.WAV,YES BECAUSE IT IS THE NEXT GAME,0560
005600298,WAVE/SPEAKER0560/005600298.WAV,SO WHY ARE YOU BREATH,0560
005600318,WAVE/SPEAKER0560/005600318.WAV,HE WAS A MAN AND SO HE SHOULD KNOW ALL,0560
005600365,WAVE/SPEAKER0560/005600365.WAV,SHE WAS STANDING IN A BOAT,0560
005600370,WAVE/SPEAKER0560/005600370.WAV,BELOW TO THE LEFT WAS THE RIVER,0560
005750059,WAVE/SPEAKER0575/005750059.WAV,IT'S A BOOK THAT WILL ENTERTAIN AS IT INFORMS,0575
005750067,WAVE/SPEAKER0575/005750067.WAV,IT'S EASY TO FEEL ENTHUSIASTIC,0575
005750089,WAVE/SPEAKER0575/005750089.WAV,THE MOVE IS A PART OF PLAN TO INCREASE PROFITS,0575
005750099,WAVE/SPEAKER0575/005750099.WAV,REPORTS ARE EXPECTED BY THE END OF THE YEAR,0575
005750150,WAVE/SPEAKER0575/005750150.WAV,LOVE TO SEE THAT ALL THE TREES ARE DOWN,0575
005750168,WAVE/SPEAKER0575/005750168.WAV,POSSIBLE FOR ME TO MEET YOU,0575
005750178,WAVE/SPEAKER0575/005750178.WAV,WHAT'S ARE YOU GOING AS,0575
005750179,WAVE/SPEAKER0575/005750179.WAV,BEAUTIFUL DAY TO BE A FAN,0575
005750237,WAVE/SPEAKER0575/005750237.WAV,LISTENING TO WANTED ON THE RADIO,0575
005750249,WAVE/SPEAKER0575/005750249.WAV,TIME FOR ME TO MAKE IT PRETTY,0575
005750268,WAVE/SPEAKER0575/005750268.WAV,ALL ABOUT THE CHINA CUP FOR ME,0575
005750270,WAVE/SPEAKER0575/005750270.WAV,RIGHT NOW IS THE TIME TO MAKE THAT MOVE,0575
005750290,WAVE/SPEAKER0575/005750290.WAV,DO YOU BELIEVE IN DREAMS,0575
005750297,WAVE/SPEAKER0575/005750297.WAV,I WILL CONTINUE TO LOOK UP TO HERE,0575
005750298,WAVE/SPEAKER0575/005750298.WAV,HOPE IS IN THE TOUR,0575
005750300,WAVE/SPEAKER0575/005750300.WAV,THE BEAST PACKAGE IS BACK,0575
005750303,WAVE/SPEAKER0575/005750303.WAV,IT IS A GREAT RESOURCE,0575
005750321,WAVE/SPEAKER0575/005750321.WAV,THEY PASS INTO THE STREET,0575
005750330,WAVE/SPEAKER0575/005750330.WAV,THE ANSWER TO THAT WAS ALSO BEGINNING TO COME,0575
005750347,WAVE/SPEAKER0575/005750347.WAV,IT WOULD BE IMPOSSIBLE IN THIS LITTLE FLAT,0575
005940019,WAVE/SPEAKER0594/005940019.WAV,I COULD TAKE NO MORE OF THE FACE OF,0594
005940025,WAVE/SPEAKER0594/005940025.WAV,I HAVE NO CHANCE WHAT TO EXPRESS,0594
005940141,WAVE/SPEAKER0594/005940141.WAV,WHERE ARE YOU PLAYING TO PLAY NOW,0594
005940142,WAVE/SPEAKER0594/005940142.WAV,I NEED TO FIND THAT BOOK,0594
005940164,WAVE/SPEAKER0594/005940164.WAV,I WAS THE FIRST ON THE TAKE YOU,0594
005940174,WAVE/SPEAKER0594/005940174.WAV,GET IN TOUCH I WILL PUT YOU IN THE RIGHT,0594
005940193,WAVE/SPEAKER0594/005940193.WAV,I WANT TO BE OUT IN THE SHOW,0594
005940195,WAVE/SPEAKER0594/005940195.WAV,IT WAS A GREAT NIGHT,0594
005940234,WAVE/SPEAKER0594/005940234.WAV,SURE WE WILL GO WITH THAT,0594
005940237,WAVE/SPEAKER0594/005940237.WAV,A BRIGHT LIGHT AT THE END OF THE,0594
005940238,WAVE/SPEAKER0594/005940238.WAV,THIS HAPPENED TO ME IN COLLEGE,0594
005940252,WAVE/SPEAKER0594/005940252.WAV,DO YOU KNOW SOMEONE WHO WILL,0594
005940263,WAVE/SPEAKER0594/005940263.WAV,WHAT DO YOU NOT WANT TO TALK TALK ABOUT,0594
005940267,WAVE/SPEAKER0594/005940267.WAV,HELP THEM WITHOUT HAVING TO BE,0594
005940271,WAVE/SPEAKER0594/005940271.WAV,I JUST WANT HIM TO LOVE ME,0594
005940283,WAVE/SPEAKER0594/005940283.WAV,I THINK IT'S TIME TO REST,0594
005940304,WAVE/SPEAKER0594/005940304.WAV,I FEEL LIKE GOING FOR A WAKE,0594
005940318,WAVE/SPEAKER0594/005940318.WAV,I FEEL JUST AS IF I WERE IN A BOOK,0594
005940373,WAVE/SPEAKER0594/005940373.WAV,AFTER ALL SHE COULD DO HIM NO INJURE,0594
005940380,WAVE/SPEAKER0594/005940380.WAV,WHERE WERE WE GOING AND THAT WERE WE TO DO,0594
007390013,WAVE/SPEAKER0739/007390013.WAV,BUT IT CERTAINLY IS POSSIBLE,0739
007390019,WAVE/SPEAKER0739/007390019.WAV,THE WOLFS WERE NOT QUITE AS BAD,0739
007390062,WAVE/SPEAKER0739/007390062.WAV,IT WAS A TOUGH POSITION TO BE IN,0739
007390070,WAVE/SPEAKER0739/007390070.WAV,IT'S ABOUT WHAT KIND OF LIVES AMERICAN PEOPLE WILL LEAD,0739
007390072,WAVE/SPEAKER0739/007390072.WAV,AND IT'S AGAINST THE LAW,0739
007390092,WAVE/SPEAKER0739/007390092.WAV,IT SHOULD BE LOST OF RUN,0739
007390119,WAVE/SPEAKER0739/007390119.WAV,NOTHING TO DO WITH HAVING A BABY,0739
007390120,WAVE/SPEAKER0739/007390120.WAV,I HAVE NO TIME FOR GUESSING,0739
007390139,WAVE/SPEAKER0739/007390139.WAV,IT'S MONDAY IN MY NECK OF THE WOODS,0739
007390160,WAVE/SPEAKER0739/007390160.WAV,I'M MORE THAN WHAT THEM WANT TO BELIEVE,0739
007390195,WAVE/SPEAKER0739/007390195.WAV,IT WALL DEPENDS ON WHAT IS IN OUR HEARTS,0739
007390197,WAVE/SPEAKER0739/007390197.WAV,I SHAME TO BE THE ONLY ONE,0739
007390208,WAVE/SPEAKER0739/007390208.WAV,LET US KNOW WHAT YOU THINK OF IT,0739
007390211,WAVE/SPEAKER0739/007390211.WAV,LOST AN HOUR OF SLEEP,0739
007390220,WAVE/SPEAKER0739/007390220.WAV,NOTHING WILL KEEP ME AWAY FROM THIS MUSIC,0739
007390228,WAVE/SPEAKER0739/007390228.WAV,DO WE NEED TO SAY EVERYTHING,0739
007390238,WAVE/SPEAKER0739/007390238.WAV,TIME TO PUT YOUR MIND THE TEST,0739
007390281,WAVE/SPEAKER0739/007390281.WAV,IT'S A VERY AMERICAN VIEW,0739
007390294,WAVE/SPEAKER0739/007390294.WAV,BEAT THE TIGER FOR US,0739
007390355,WAVE/SPEAKER0739/007390355.WAV,BUT WE MUST SPEAK FURTHER OF IN HIS SONGS,0739
008130061,WAVE/SPEAKER0813/008130061.WAV,IT WAS JUST LIKE A SPRING TRAINING PLAY,0813
008130081,WAVE/SPEAKER0813/008130081.WAV,THE JAZZ WERE UNABLE TO GET OFF A FINAL SHOT,0813
008130091,WAVE/SPEAKER0813/008130091.WAV,THREE OF THE VICTIMS WERE LISTED IN SERIOUS CONDITION,0813
008130100,WAVE/SPEAKER0813/008130100.WAV,BUT I WOULD IF HE WERE THE BEST PLAYER,0813
008130153,WAVE/SPEAKER0813/008130153.WAV,LOVE IS IN THE BUILDING,0813
008130196,WAVE/SPEAKER0813/008130196.WAV,I JUST WANT TO BE THERE,0813
008130222,WAVE/SPEAKER0813/008130222.WAV,YOU DIG HELP MAKE IT HAPPEN,0813
008130233,WAVE/SPEAKER0813/008130233.WAV,WHERE ARE YOU GOING TO KEEP IT,0813
008130257,WAVE/SPEAKER0813/008130257.WAV,BUT IT IS GOOD ALONE,0813
008130271,WAVE/SPEAKER0813/008130271.WAV,WE WILL HAVE TO AGREE TO DISAGREE,0813
008130281,WAVE/SPEAKER0813/008130281.WAV,ESPECIALLY AFTER A LONG SESSION,0813
008130282,WAVE/SPEAKER0813/008130282.WAV,I'M SO LUCKY TO LIVE IN SUCH A BEAUTIFUL PLACE,0813
008130283,WAVE/SPEAKER0813/008130283.WAV,LITTLE TOO MUCH TIME ON MY HANDS TODAY,0813
008130288,WAVE/SPEAKER0813/008130288.WAV,THINGS ARE ONLY GOING TO GET WORSE FROM HERE,0813
008130301,WAVE/SPEAKER0813/008130301.WAV,BUT HE WANTS TO COME SOONER,0813
008130339,WAVE/SPEAKER0813/008130339.WAV,THE GIRL WAS FOUR AT THE TIME,0813
008130340,WAVE/SPEAKER0813/008130340.WAV,OH IT IS RICH TO SEE AND HEAR HER,0813
008130346,WAVE/SPEAKER0813/008130346.WAV,IT WAS A SUFFICIENT ANSWER,0813
008130356,WAVE/SPEAKER0813/008130356.WAV,AND THEN HE WILL TAKE IT,0813
008130380,WAVE/SPEAKER0813/008130380.WAV,I BEG TO KNOW IF SUCH WERE THE FACT,0813
009600062,WAVE/SPEAKER0960/009600062.WAV,THE GAME IS FILLED WITH THIS,0960
009600113,WAVE/SPEAKER0960/009600113.WAV,HE'S UP AGAINST SOMETHING THAT IS NOT GOING TO YIELD,0960
009600118,WAVE/SPEAKER0960/009600118.WAV,IS IT POSSIBLE YOU ARE IN THE WRONG ACCOUNT,0960
009600120,WAVE/SPEAKER0960/009600120.WAV,JUST A PIECE OF TODAY,0960
009600127,WAVE/SPEAKER0960/009600127.WAV,THE ONLY THING YOU NEED TO SEE TODAY,0960
009600129,WAVE/SPEAKER0960/009600129.WAV,NEED TO INVEST IN YOUR FUTURE,0960
009600133,WAVE/SPEAKER0960/009600133.WAV,BUT WERE DEPENDENCE ON THE IMPORTANCE OF THE GAME,0960
009600140,WAVE/SPEAKER0960/009600140.WAV,IT'S GOOD TO BE THE CAPTAIN,0960
009600186,WAVE/SPEAKER0960/009600186.WAV,FEEL FOR HIS WIFE AND SONGS,0960
009600190,WAVE/SPEAKER0960/009600190.WAV,ONCE YOU LOSE THE PASSION IT IS A WRAP,0960
009600205,WAVE/SPEAKER0960/009600205.WAV,IS LOOKING FORWARD TO THE TENNIS TOMORROW,0960
009600215,WAVE/SPEAKER0960/009600215.WAV,DAY ONE IN THE BAG,0960
009600262,WAVE/SPEAKER0960/009600262.WAV,IT'S GOOD TO BE WHITE,0960
009600267,WAVE/SPEAKER0960/009600267.WAV,YOU HAVE NO IDEA HOW WRONG YOU ARE,0960
009600270,WAVE/SPEAKER0960/009600270.WAV,THINKING OF HIS FAMILY AND FRIENDS,0960
009600287,WAVE/SPEAKER0960/009600287.WAV,I KNOW I AM GOING TO BED,0960
009600335,WAVE/SPEAKER0960/009600335.WAV,AND THIS IS MY OPINION AND IT'S A FINAL ONE,0960
009600337,WAVE/SPEAKER0960/009600337.WAV,I MADE HIS ACQUAINTANCE HERE,0960
009600338,WAVE/SPEAKER0960/009600338.WAV,THE NEXT STOP WAS AT THE MUSEUM,0960
009600343,WAVE/SPEAKER0960/009600343.WAV,WHAT A DAY FOR A BATHE,0960
010120008,WAVE/SPEAKER1012/010120008.WAV,IT'S SOMETHING TO WATCH FOR,1012
010120059,WAVE/SPEAKER1012/010120059.WAV,HE ALLOWED FIVE WRONGS AND EIGHT HITS OVER FIVE INNINGS,1012
010120071,WAVE/SPEAKER1012/010120071.WAV,I WAS ALL OVER HIM IN THE SECOND SET,1012
010120128,WAVE/SPEAKER1012/010120128.WAV,HE'S A DOCTOR OF EVERYTHING,1012
010120148,WAVE/SPEAKER1012/010120148.WAV,I HAVE A FEELING THIS IS ONLY THE BEGINNING,1012
010120166,WAVE/SPEAKER1012/010120166.WAV,I THINK THAT'S WHAT YOU WANT TO BE,1012
010120180,WAVE/SPEAKER1012/010120180.WAV,I GO WITH THE FOLLOW,1012
010120193,WAVE/SPEAKER1012/010120193.WAV,WELCOME TO THE NEW BOSS,1012
010120200,WAVE/SPEAKER1012/010120200.WAV,YOU WILL FEEL A LOT OF PAIN,1012
010120208,WAVE/SPEAKER1012/010120208.WAV,JUST GETTING READY TO GO OUT AND YOU,1012
010120212,WAVE/SPEAKER1012/010120212.WAV,NOT IN THE MOOD OF ANY OF THEM,1012
010120219,WAVE/SPEAKER1012/010120219.WAV,DO YOU THINK IT WILL BE CONFIRMED,1012
010120243,WAVE/SPEAKER1012/010120243.WAV,IT'S BASED OF WHAT HAPPENED TO ME AND MY COUSIN,1012
010120255,WAVE/SPEAKER1012/010120255.WAV,HE TRYING TO GET BACK IN THE HOUSE,1012
010120265,WAVE/SPEAKER1012/010120265.WAV,IRON BANNER CONTROL IS BACK,1012
010120269,WAVE/SPEAKER1012/010120269.WAV,SPENDING TOO MUCH TIME ON A GAME,1012
010120303,WAVE/SPEAKER1012/010120303.WAV,DOING THE LITTLE THINGS CAN MAKE A BIG DIFFERENCE,1012
010120334,WAVE/SPEAKER1012/010120334.WAV,I HAD JUST COME IN FROM THE STREET,1012
010120335,WAVE/SPEAKER1012/010120335.WAV,IT WAS SO WELL PRINTED ON SUCH GOOD PAPER,1012
010120374,WAVE/SPEAKER1012/010120374.WAV,THAT WAS DIFFICULT TO SAY,1012
010270117,WAVE/SPEAKER1027/010270117.WAV,YELL THE VERY SAME THING,1027
010270124,WAVE/SPEAKER1027/010270124.WAV,HOW CAN THEY BE ALLOWED TO TRADE,1027
010270131,WAVE/SPEAKER1027/010270131.WAV,TIME TO BUY A NEW HOME,1027
010270140,WAVE/SPEAKER1027/010270140.WAV,WE HAVE TO GET IT OUT OF OR CULTURE,1027
010270170,WAVE/SPEAKER1027/010270170.WAV,YOU COMING BACK FOR THE GAMES,1027
010270198,WAVE/SPEAKER1027/010270198.WAV,SOME OF US ARE NOT HERE TO BE LOVED,1027
010270226,WAVE/SPEAKER1027/010270226.WAV,THAT SEEMS TO WORK FOR THEM,1027
010270238,WAVE/SPEAKER1027/010270238.WAV,MAYBE THIS WILL BE THE DAY,1027
010270265,WAVE/SPEAKER1027/010270265.WAV,THIS IS NOT A SERIOUS PROBLEM,1027
010270268,WAVE/SPEAKER1027/010270268.WAV,I WANT TO BE ABLE TO START MY OWN PROJECTS,1027
010270294,WAVE/SPEAKER1027/010270294.WAV,AND YES AT THE SAME TIME,1027
010270301,WAVE/SPEAKER1027/010270301.WAV,YOU HAVE TO LEAVE THE HOUSE PLEASE,1027
010270306,WAVE/SPEAKER1027/010270306.WAV,THEN HE RETURNED TO HER AND DEMANDED SOMETHING TO EAT,1027
010270314,WAVE/SPEAKER1027/010270314.WAV,HE WANTED ME ON THIS JOB,1027
010270349,WAVE/SPEAKER1027/010270349.WAV,THE UNCLE MUST BE VERY RICH INDEED,1027
010270354,WAVE/SPEAKER1027/010270354.WAV,I THINK IT'S QUITE PROPER,1027
010270356,WAVE/SPEAKER1027/010270356.WAV,HERE WE ARE CAUGHT JUST AS THEY WERE BEFORE,1027
010270366,WAVE/SPEAKER1027/010270366.WAV,IT WAS A TREAT TO SEE HER AT HER WORK,1027
010270368,WAVE/SPEAKER1027/010270368.WAV,HER EYES MY DEAR BOY ARE SO BEAUTIFUL,1027
010270377,WAVE/SPEAKER1027/010270377.WAV,AND THEY WOULD GET A FORMAL END TO THE CONFLICT,1027
010290003,WAVE/SPEAKER1029/010290003.WAV,BUT THERE HAD BETTER NOT BE,1029
010290066,WAVE/SPEAKER1029/010290066.WAV,HE LEFT BEHIND A WIFE AND A YOUNG SON,1029
010290094,WAVE/SPEAKER1029/010290094.WAV,IT'S REALLY A GOOD ONE,1029
010290096,WAVE/SPEAKER1029/010290096.WAV,A BLACK TRUCK STOPS IN FRONT OF YOU,1029
010290123,WAVE/SPEAKER1029/010290123.WAV,THANK YOU FOR MAKING ME FEEL SO ALIVE,1029
010290152,WAVE/SPEAKER1029/010290152.WAV,THIS ELECTION IS GOING TO BE A TURNING POINT,1029
010290179,WAVE/SPEAKER1029/010290179.WAV,THIS ONE IS FOR THE ARMY,1029
010290189,WAVE/SPEAKER1029/010290189.WAV,YOU THINK THAT THIS IS OKAY,1029
010290229,WAVE/SPEAKER1029/010290229.WAV,TO SWIM OR NOT TO SWIM,1029
010290236,WAVE/SPEAKER1029/010290236.WAV,BUT IT'S NOT THE LIGHT TIME IS IT,1029
010290252,WAVE/SPEAKER1029/010290252.WAV,ROUGH STAR TO THE YEAR BUT IT WILL GET BETTER,1029
010290260,WAVE/SPEAKER1029/010290260.WAV,THIS IS VERY BIG DEAL,1029
010290276,WAVE/SPEAKER1029/010290276.WAV,DO YOU KNOW WHY THEY CLOSED,1029
010290287,WAVE/SPEAKER1029/010290287.WAV,WHY IS THE BEST PLACE TO WORK,1029
010290294,WAVE/SPEAKER1029/010290294.WAV,MOVE ON TO THE NEXT FISH,1029
010290320,WAVE/SPEAKER1029/010290320.WAV,I MUST MAKE THE ATTACK FROM THE OTHER SIDE,1029
010290330,WAVE/SPEAKER1029/010290330.WAV,BUT YOU MUST WAIT TILL HE COMES BACK,1029
010290341,WAVE/SPEAKER1029/010290341.WAV,NOTHING COMES FROM A SINGLE CAUSE BUT FROM MANY,1029
010290361,WAVE/SPEAKER1029/010290361.WAV,BUT THE WORK WAS VERY HARD AND HOT,1029
010290362,WAVE/SPEAKER1029/010290362.WAV,THAT'S THE WAY IT IS MY SON,1029
010330026,WAVE/SPEAKER1033/010330026.WAV,WE HAD ONE DRIVE THE WHOLE GAME FOR SCORE,1033
010330033,WAVE/SPEAKER1033/010330033.WAV,THERE'S NO TIME TO WASTE,1033
010330035,WAVE/SPEAKER1033/010330035.WAV,IT MAKES MORE SENSE THAN GOING TO WAR,1033
010330052,WAVE/SPEAKER1033/010330052.WAV,CONGRESS WOULD MAKE THE FINAL DESIGNATION,1033
010330053,WAVE/SPEAKER1033/010330053.WAV,SHE KNOWS HE LOVES HER AND SHE LOVES HIM,1033
010330085,WAVE/SPEAKER1033/010330085.WAV,PRIDE IN THE COUNTRY WAS ALSO DOWN,1033
010330103,WAVE/SPEAKER1033/010330103.WAV,SOMETHING ALWAYS SEEM TO HAPPEN TO HER,1033
010330129,WAVE/SPEAKER1033/010330129.WAV,BECAUSE I KNOW I NEED MORE THAN WHAT I HAVE,1033
010330139,WAVE/SPEAKER1033/010330139.WAV,IN ORDER TO WORK EFFECTIVELY YOU NEED TO BE ORGANIZE,1033
010330147,WAVE/SPEAKER1033/010330147.WAV,CAN WE GET BACK TO THEN,1033
010330197,WAVE/SPEAKER1033/010330197.WAV,IT'S A GOOD THING THAT THE GOVERNMENT IS LISTENING,1033
010330206,WAVE/SPEAKER1033/010330206.WAV,WAS THERE REASON FOR THAT PARTICULAR AMOUNT OF VIEWINGS,1033
010330235,WAVE/SPEAKER1033/010330235.WAV,HIT THE HEAD ON THE NAIL,1033
010330241,WAVE/SPEAKER1033/010330241.WAV,ABOUT TO GET IN MY BED,1033
010330257,WAVE/SPEAKER1033/010330257.WAV,IF HE WANTED TO BE HERE HE WOULD BE,1033
010330268,WAVE/SPEAKER1033/010330268.WAV,SO A LONG TIME AGO THIS HAPPENED,1033
010330277,WAVE/SPEAKER1033/010330277.WAV,IT WOULD BE FUNNY IF IT WERE NOT SO SAD,1033
010330325,WAVE/SPEAKER1033/010330325.WAV,EVERY ONE AT SAME MOMENT LOOKED AT IT,1033
010330345,WAVE/SPEAKER1033/010330345.WAV,GIVE ME SOMETHING TO GO ON,1033
010330346,WAVE/SPEAKER1033/010330346.WAV,AND NO ONE WOULD CARE ENOUGH TO COME LOOKING,1033
010420022,WAVE/SPEAKER1042/010420022.WAV,BITTER LIVED IN FANS,1042
010420023,WAVE/SPEAKER1042/010420023.WAV,JACK IS FROM AUSTRALIA,1042
010420025,WAVE/SPEAKER1042/010420025.WAV,ALISA IS FROM CHINA,1042
010420034,WAVE/SPEAKER1042/010420034.WAV,ONE SEVEN FIVE FIVE,1042
010420040,WAVE/SPEAKER1042/010420040.WAV,NINE SIX FOUR ONE,1042
010420047,WAVE/SPEAKER1042/010420047.WAV,TWO TWO NINE,1042
010420059,WAVE/SPEAKER1042/010420059.WAV,LOVES SMELL FRESH BUFF,1042
010420060,WAVE/SPEAKER1042/010420060.WAV,TINA GOT SOME TURKEY,1042
010420064,WAVE/SPEAKER1042/010420064.WAV,DAVID GOT SOME LAMB,1042
010420102,WAVE/SPEAKER1042/010420102.WAV,LYNDA GOT ON MATTER CARES,1042
010420105,WAVE/SPEAKER1042/010420105.WAV,JACK WAS WALKING TO FAT,1042
010420107,WAVE/SPEAKER1042/010420107.WAV,SO LYNDA WHEN ON TO COMPANY,1042
010420129,WAVE/SPEAKER1042/010420129.WAV,HE LOVES BACK MUSHROOM,1042
010420133,WAVE/SPEAKER1042/010420133.WAV,DAVID THIS IS CLEAR,1042
010420134,WAVE/SPEAKER1042/010420134.WAV,HENNY GOT THE EGGPLANT,1042
010420143,WAVE/SPEAKER1042/010420143.WAV,ALICE WILL ARRIVE IN JANUARY SIXTH,1042
010420151,WAVE/SPEAKER1042/010420151.WAV,THAT IS YOUR NAME,1042
010420157,WAVE/SPEAKER1042/010420157.WAV,BEAUTIFUL THE NAME IS,1042
010420167,WAVE/SPEAKER1042/010420167.WAV,I HAVE NO ONE BUT YOU,1042
010420175,WAVE/SPEAKER1042/010420175.WAV,DO YOU LIKE IT TOO,1042
010440006,WAVE/SPEAKER1044/010440006.WAV,MANDY IS GOING TO SEE SHARK,1044
010440008,WAVE/SPEAKER1044/010440008.WAV,DAVID CAN PAINT THE DONKEY,1044
010440012,WAVE/SPEAKER1044/010440012.WAV,ANDY RAN AWAY FROM THE SQUID,1044
010440017,WAVE/SPEAKER1044/010440017.WAV,TIM WENT TO SEE KILLER,1044
010440038,WAVE/SPEAKER1044/010440038.WAV,SEVEN FOUR ONE TWO,1044
010440039,WAVE/SPEAKER1044/010440039.WAV,THREE SIX FOUR SEVEN,1044
010440053,WAVE/SPEAKER1044/010440053.WAV,DAVID IS AN EXPERT AT AMERICAN FOOTBALL,1044
010440064,WAVE/SPEAKER1044/010440064.WAV,DOES NEIL LIKE THE NOODLES,1044
010440077,WAVE/SPEAKER1044/010440077.WAV,LET'S DRAW JACK'S ARM,1044
010440093,WAVE/SPEAKER1044/010440093.WAV,HERE IS LAYLA'S CLOTH,1044
010440099,WAVE/SPEAKER1044/010440099.WAV,WHAT OUT THE CAR,1044
010440106,WAVE/SPEAKER1044/010440106.WAV,SO NEIL WENT ON TO STUDY,1044
010440107,WAVE/SPEAKER1044/010440107.WAV,THEN PETER WALKED TO THEM PARK,1044
010440117,WAVE/SPEAKER1044/010440117.WAV,THEN DAVID WALKED TO PARK,1044
010440119,WAVE/SPEAKER1044/010440119.WAV,TINA IS DRAWING THE MUSHROOM,1044
010440120,WAVE/SPEAKER1044/010440120.WAV,JAYME LOVES POTATO,1044
010440127,WAVE/SPEAKER1044/010440127.WAV,LOWEN THIS IS CARROT,1044
010440149,WAVE/SPEAKER1044/010440149.WAV,CAN I SEE YOUR BOY,1044
010440150,WAVE/SPEAKER1044/010440150.WAV,LOOK AT THE OLD HOUSE,1044
010440154,WAVE/SPEAKER1044/010440154.WAV,YOU ARE NOT GOING,1044
010640005,WAVE/SPEAKER1064/010640005.WAV,I HAD TO LOVE HERE SIX YEAR TO DO IT,1064
010640017,WAVE/SPEAKER1064/010640017.WAV,IF YOU HAVE TO ORDER HE WILL MISS THE SEASON,1064
010640028,WAVE/SPEAKER1064/010640028.WAV,I WAS SICK AND TRIED OF HEARING ABOUT IT,1064
010640034,WAVE/SPEAKER1064/010640034.WAV,NINE PEOPLE ON THE GROUND WE KID,1064
010640036,WAVE/SPEAKER1064/010640036.WAV,BUT I HAVE TO LOOK FOR SOMETHING ELSE TO DO,1064
010640056,WAVE/SPEAKER1064/010640056.WAV,WHAT KIND OF EXPERIENCE IS THAT FOR A KID,1064
010640082,WAVE/SPEAKER1064/010640082.WAV,WHY IS THIS A GOOD IDEA,1064
010640098,WAVE/SPEAKER1064/010640098.WAV,THAT'S PART OF MY JOB,1064
010640166,WAVE/SPEAKER1064/010640166.WAV,COFFEE IN THE MORNING IS A BEAUTIFUL THING,1064
010640210,WAVE/SPEAKER1064/010640210.WAV,YOU WILL ALWAYS BE TO BEST FOR ME,1064
010640212,WAVE/SPEAKER1064/010640212.WAV,FALL IN LOVE WITH YOUR PURPOSE,1064
010640242,WAVE/SPEAKER1064/010640242.WAV,AND IT WAS TOO FUNNY,1064
010640250,WAVE/SPEAKER1064/010640250.WAV,MY TIME TO DO IN RIGHT TIME,1064
010640277,WAVE/SPEAKER1064/010640277.WAV,FALL IN LOVE WITH NOW YOU,1064
010640280,WAVE/SPEAKER1064/010640280.WAV,I THINK IT'S TIME WE HAVE ALMOST IN ON SEE,1064
010640284,WAVE/SPEAKER1064/010640284.WAV,TODAY MIGHT BIT GOOD DAY,1064
010640286,WAVE/SPEAKER1064/010640286.WAV,IT'S GOING TO BE A WORD ONE,1064
010640297,WAVE/SPEAKER1064/010640297.WAV,HOPE YOU WILL LET ME DO IT FOR YOU,1064
010640314,WAVE/SPEAKER1064/010640314.WAV,IT'S YOU O'CLOCK IN THE AFTERNOON,1064
010640366,WAVE/SPEAKER1064/010640366.WAV,WHY CHILD THERE WAS NO MORE HARM IN THE THAN,1064
010920012,WAVE/SPEAKER1092/010920012.WAV,LILLY CAN SEE THE PANDA,1092
010920024,WAVE/SPEAKER1092/010920024.WAV,MANDY LIVE IN BRITAIN,1092
010920025,WAVE/SPEAKER1092/010920025.WAV,TIM IS A FRIEND FROM GERMAN,1092
010920030,WAVE/SPEAKER1092/010920030.WAV,EIGHT FIVE THREE TWO,1092
010920032,WAVE/SPEAKER1092/010920032.WAV,FIVE NINE SEVEN SEVEN,1092
010920033,WAVE/SPEAKER1092/010920033.WAV,ONE FIVE FOUR EIGHT,1092
010920043,WAVE/SPEAKER1092/010920043.WAV,FOUR THREE SEVEN ZERO,1092
010920044,WAVE/SPEAKER1092/010920044.WAV,FOUR NINE ONE THREE,1092
010920065,WAVE/SPEAKER1092/010920065.WAV,JAYME SMELLS FRESH FISH,1092
010920070,WAVE/SPEAKER1092/010920070.WAV,JACK SMELLS FRESH CHICKEN,1092
010920075,WAVE/SPEAKER1092/010920075.WAV,TINA HAS A BIG TEA,1092
010920101,WAVE/SPEAKER1092/010920101.WAV,LAYLA CAN SEE THE VAN,1092
010920105,WAVE/SPEAKER1092/010920105.WAV,THEN JACK WALKED TO HOSPITAL,1092
010920125,WAVE/SPEAKER1092/010920125.WAV,HENNY WOULD YOU LIKE TO GROW CARROT,1092
010920126,WAVE/SPEAKER1092/010920126.WAV,MARY WOULD YOU LIKE TO GREY LEEK,1092
010920138,WAVE/SPEAKER1092/010920138.WAV,LYNDA WASHED THE CHINESE CABBAGE,1092
010920141,WAVE/SPEAKER1092/010920141.WAV,MARY IS NOT A REALLY ACTOR,1092
010920153,WAVE/SPEAKER1092/010920153.WAV,AM I YOUR BIRD,1092
010920159,WAVE/SPEAKER1092/010920159.WAV,MY MOTHER IS IN A RED DRESS,1092
010920165,WAVE/SPEAKER1092/010920165.WAV,I CAN DO IT,1092
011970004,WAVE/SPEAKER1197/011970004.WAV,JACK CAN PAIN THE DEER,1197
011970006,WAVE/SPEAKER1197/011970006.WAV,SO BETTY WENT TO FIND THE SHEEP,1197
011970019,WAVE/SPEAKER1197/011970019.WAV,LISA CAN PEN THE BEAR,1197
011970023,WAVE/SPEAKER1197/011970023.WAV,LYNDA IS A FRIEND FROM BRITAIN,1197
011970036,WAVE/SPEAKER1197/011970036.WAV,SIX NINE THREE,1197
011970042,WAVE/SPEAKER1197/011970042.WAV,NINE SIX SIX ONE,1197
011970075,WAVE/SPEAKER1197/011970075.WAV,LOOK AT MANDY'S NECK,1197
011970081,WAVE/SPEAKER1197/011970081.WAV,LET'S DRAW JIM'S EYE,1197
011970087,WAVE/SPEAKER1197/011970087.WAV,JAYME NEEDS NEW BOOTS,1197
011970088,WAVE/SPEAKER1197/011970088.WAV,LYNDA NEEDS NEW SHOES,1197
011970092,WAVE/SPEAKER1197/011970092.WAV,LOOK AT MARY'S COAT,1197
011970095,WAVE/SPEAKER1197/011970095.WAV,JACK LIKES YOUR RED JACKET,1197
011970107,WAVE/SPEAKER1197/011970107.WAV,SO LISA WENT ON TO PLAYGROUND,1197
011970132,WAVE/SPEAKER1197/011970132.WAV,LOWEN IS DRAWING THE PUMPKIN,1197
011970141,WAVE/SPEAKER1197/011970141.WAV,I'M NOT A REAL SALESPERSON,1197
011970142,WAVE/SPEAKER1197/011970142.WAV,MARY IS NOT A REAL ACTOR,1197
011970145,WAVE/SPEAKER1197/011970145.WAV,JACK LIKES THE SCIENCE CLASS AT SCHOOL,1197
011970165,WAVE/SPEAKER1197/011970165.WAV,ARE YOU GOING IN NOW,1197
011970173,WAVE/SPEAKER1197/011970173.WAV,THAT WE'RE HAPPY,1197
011970175,WAVE/SPEAKER1197/011970175.WAV,AND HERE AM I AND HERE ARE YOU,1197
012030007,WAVE/SPEAKER1203/012030007.WAV,LILLY WENT TO SEE FISH,1203
012030010,WAVE/SPEAKER1203/012030010.WAV,LUCY RAN AWAY FROM THE FISH,1203
012030013,WAVE/SPEAKER1203/012030013.WAV,SANDY CAN PAINT THE CAT,1203
012030024,WAVE/SPEAKER1203/012030024.WAV,PETER LOVES CANADA,1203
012030027,WAVE/SPEAKER1203/012030027.WAV,CASEY IS A FRIEND FROM CANADA,1203
012030031,WAVE/SPEAKER1203/012030031.WAV,FOUR TWO ONE THREE,1203
012030032,WAVE/SPEAKER1203/012030032.WAV,NINE NINE TWO SIX,1203
012030036,WAVE/SPEAKER1203/012030036.WAV,FIVE NINE FIVE THREE,1203
012030043,WAVE/SPEAKER1203/012030043.WAV,SIX ONE SEVEN SIX,1203
012030044,WAVE/SPEAKER1203/012030044.WAV,SIX THREE SEVEN NINE,1203
012030053,WAVE/SPEAKER1203/012030053.WAV,LILLY IS AN EXPERT AT GOLF,1203
012030055,WAVE/SPEAKER1203/012030055.WAV,HE IS GOOD AT AMERICAN FOOTBALL,1203
012030058,WAVE/SPEAKER1203/012030058.WAV,MARY AT A LITTLE EGG,1203
012030072,WAVE/SPEAKER1203/012030072.WAV,LOOK AT MY MOUTH,1203
012030078,WAVE/SPEAKER1203/012030078.WAV,BY CASEY MOUTH,1203
012030083,WAVE/SPEAKER1203/012030083.WAV,BET LIKES YOUR BLUE JAZZ,1203
012030093,WAVE/SPEAKER1203/012030093.WAV,HERE IS BETTY'S SCARE,1203
012030097,WAVE/SPEAKER1203/012030097.WAV,MISS GOT ON THE SHIP,1203
012030116,WAVE/SPEAKER1203/012030116.WAV,SO PETER WAIT INTO THE HOSPITAL,1203
012030138,WAVE/SPEAKER1203/012030138.WAV,LUCY LOVE POT TOWEL,1203
012600017,WAVE/SPEAKER1260/012600017.WAV,A NEW TRACK IS PLANNED FOR THE FUTURE,1260
012600072,WAVE/SPEAKER1260/012600072.WAV,WE WILL CONTINUE TO FIGHT THIS,1260
012600082,WAVE/SPEAKER1260/012600082.WAV,THE UNITED STATES IS LIVING ON ITS PASTS,1260
012600129,WAVE/SPEAKER1260/012600129.WAV,THAT PUT ME IN SUCH A GOOD MOOD,1260
012600131,WAVE/SPEAKER1260/012600131.WAV,HAVE A LITTLE BIT OF FAITH LOVE,1260
012600177,WAVE/SPEAKER1260/012600177.WAV,SHE IS OUT OF THIS WORLD,1260
012600186,WAVE/SPEAKER1260/012600186.WAV,WELL THAT WAS A BAD PERIOD,1260
012600210,WAVE/SPEAKER1260/012600210.WAV,APRIL IS OVER THEY OVER AND THEY RESULTS ARE IN,1260
012600219,WAVE/SPEAKER1260/012600219.WAV,FEELING A LITTLE TOO SAD,1260
012600224,WAVE/SPEAKER1260/012600224.WAV,WAIT YOU HAVE A CALLED,1260
012600251,WAVE/SPEAKER1260/012600251.WAV,LESS THAN A WEEK AGO,1260
012600252,WAVE/SPEAKER1260/012600252.WAV,PRIDE IS A HUGE PROBLEM,1260
012600263,WAVE/SPEAKER1260/012600263.WAV,HE IS GOING TO END UP DEAD,1260
012600281,WAVE/SPEAKER1260/012600281.WAV,REPEAT COULD HAPPEN TO ANY OF US,1260
012600295,WAVE/SPEAKER1260/012600295.WAV,WHAT'S UP WITH THE CALLS,1260
012600330,WAVE/SPEAKER1260/012600330.WAV,HE PUSHED THE IDEA AWAY,1260
012600338,WAVE/SPEAKER1260/012600338.WAV,NOT BY A GOOD DEAL,1260
012600345,WAVE/SPEAKER1260/012600345.WAV,WE PROFIT FROM THE WORK OF THE SPECIALISTS,1260
012600357,WAVE/SPEAKER1260/012600357.WAV,AMONG RUSSIANS THERE ARE MANY SUCH,1260
012600368,WAVE/SPEAKER1260/012600368.WAV,SHE'S ONE OF THESE WILD FELLOWS,1260
013090018,WAVE/SPEAKER1309/013090018.WAV,SO OF COURSE I WAS PICKED ON,1309
013090027,WAVE/SPEAKER1309/013090027.WAV,IT IS A CONTRADICTION IN TERMS,1309
013090041,WAVE/SPEAKER1309/013090041.WAV,SHE HAD SUFFERED STROKES AND HEART FAILURE,1309
013090051,WAVE/SPEAKER1309/013090051.WAV,HOWEVER THAT WAS THEN AND THIS IS NOW,1309
013090076,WAVE/SPEAKER1309/013090076.WAV,AND WITHOUT FEAR OF BEING ARRESTED,1309
013090105,WAVE/SPEAKER1309/013090105.WAV,I JUST WANT MY MONEY,1309
013090128,WAVE/SPEAKER1309/013090128.WAV,THAT WAS THE BEFORE THIS IS THE AFTER,1309
013090147,WAVE/SPEAKER1309/013090147.WAV,TOMORROW IS GOING TO BE A BIG DAY FOR ME,1309
013090148,WAVE/SPEAKER1309/013090148.WAV,HOW DO YOU WIDE THE GAMES,1309
013090160,WAVE/SPEAKER1309/013090160.WAV,I HAVE TO KEEP TELLING MYSELF THAT,1309
013090179,WAVE/SPEAKER1309/013090179.WAV,SHE IS HIGH AS A KITE MOST OF THE TIME,1309
013090181,WAVE/SPEAKER1309/013090181.WAV,COME BACK TO THE PARTY MAN,1309
013090184,WAVE/SPEAKER1309/013090184.WAV,PASSED HALF A MILLION VIEWS,1309
013090185,WAVE/SPEAKER1309/013090185.WAV,MAINLY THOSE WHO WERE NOT WORKING,1309
013090202,WAVE/SPEAKER1309/013090202.WAV,WHERE ARE THE BELLES FROM,1309
013090232,WAVE/SPEAKER1309/013090232.WAV,PEOPLE ARE NOT READY FOR IT,1309
013090267,WAVE/SPEAKER1309/013090267.WAV,THEN WOULD STOP WORKING IN THE MIDDLE OF THE NIGHT,1309
013090287,WAVE/SPEAKER1309/013090287.WAV,CHEESE IS ON THE ATTACK,1309
013090339,WAVE/SPEAKER1309/013090339.WAV,BUT I WANTED TO KNOW SO BADLY,1309
013090364,WAVE/SPEAKER1309/013090364.WAV,LOVE TO THROW YOURSELF ON THE EARTH AND KISS IT,1309
013360001,WAVE/SPEAKER1336/013360001.WAV,OUR FUTURE IS NEVER TRAPPED IN THE HANDS OF FATE,1336
013360002,WAVE/SPEAKER1336/013360002.WAV,HE HAD A HEART OF GOD,1336
013360016,WAVE/SPEAKER1336/013360016.WAV,WE COME IN WITH A CANDIDATE,1336
013360082,WAVE/SPEAKER1336/013360082.WAV,IT IS THE RESULT OF MAJOR REFORM IN THE COUNTRY,1336
013360123,WAVE/SPEAKER1336/013360123.WAV,IT IS A GOOD POINT,1336
013360130,WAVE/SPEAKER1336/013360130.WAV,BUT EVEN THAT IS PART OF THE POINT,1336
013360140,WAVE/SPEAKER1336/013360140.WAV,HOW IS IT MARCH ALREADY,1336
013360145,WAVE/SPEAKER1336/013360145.WAV,A MEN A CAMERA A BOOK,1336
013360146,WAVE/SPEAKER1336/013360146.WAV,SO I CAN TAKE A LISTEN,1336
013360161,WAVE/SPEAKER1336/013360161.WAV,WANT TO BE THE FIRST TO HEAR THE NEWS,1336
013360162,WAVE/SPEAKER1336/013360162.WAV,THIS IS A WASTE OF MONEY,1336
013360171,WAVE/SPEAKER1336/013360171.WAV,I HOPE YOU WILL HAVE THE BEST BIRTHDAY,1336
013360226,WAVE/SPEAKER1336/013360226.WAV,WHAT TIME WOULD YOU LIKE TO DO,1336
013360234,WAVE/SPEAKER1336/013360234.WAV,TRYING TO GET UP AND GET READY FOR WORK,1336
013360235,WAVE/SPEAKER1336/013360235.WAV,THIS IS THE BEST LUNCH,1336
013360257,WAVE/SPEAKER1336/013360257.WAV,THEN WE HAVE A WINNER,1336
013360263,WAVE/SPEAKER1336/013360263.WAV,THE PICTURE OF THE NIGHT,1336
013360268,WAVE/SPEAKER1336/013360268.WAV,BUT WE HAVE THE BRAINS,1336
013360360,WAVE/SPEAKER1336/013360360.WAV,THERE HE IS ON THE BACK SEAT,1336
013360363,WAVE/SPEAKER1336/013360363.WAV,HE SEEMED TO SHAKE HIMSELF,1336
013620027,WAVE/SPEAKER1362/013620027.WAV,IT IS A WORLD PROBLEM,1362
013620030,WAVE/SPEAKER1362/013620030.WAV,HE'S A TRUE TIME PLAYER ON THE OFF AN FLIGHT,1362
013620106,WAVE/SPEAKER1362/013620106.WAV,IF YOU MISS THERE'S A RARELY CONSEQUENCE,1362
013620108,WAVE/SPEAKER1362/013620108.WAV,BUT THERE WAS NO ONE WHO COULD HELP,1362
013620128,WAVE/SPEAKER1362/013620128.WAV,GOING TO GIVE A GO,1362
013620137,WAVE/SPEAKER1362/013620137.WAV,WE NEED YOU HELP TO KEEP IT UP,1362
013620140,WAVE/SPEAKER1362/013620140.WAV,I CAN SEE IT BEING A NEW TURNED,1362
013620143,WAVE/SPEAKER1362/013620143.WAV,SHOULD BE FUN TO SEE THE RESULTS,1362
013620146,WAVE/SPEAKER1362/013620146.WAV,IT'S A LIE OF COURSE,1362
013620162,WAVE/SPEAKER1362/013620162.WAV,ARE YOU AT THE CONCERT,1362
013620175,WAVE/SPEAKER1362/013620175.WAV,BUT HE'S NOT SUPPOSED TO BE GOOD,1362
013620184,WAVE/SPEAKER1362/013620184.WAV,FIRST ONE OF THE EVENING,1362
013620185,WAVE/SPEAKER1362/013620185.WAV,LIVING IN THE BAY WITH A WIN IN THE BAY,1362
013620210,WAVE/SPEAKER1362/013620210.WAV,WELCOME TO THE START OF THE WORK WEEK,1362
013620241,WAVE/SPEAKER1362/013620241.WAV,NEED TO GET THE REST,1362
013620257,WAVE/SPEAKER1362/013620257.WAV,MAKE THE RIGHT CHOICE PARENTS,1362
013620258,WAVE/SPEAKER1362/013620258.WAV,DO YOU KNOW THE ANSWER,1362
013620292,WAVE/SPEAKER1362/013620292.WAV,THAT'S THE TRADE TIME I ASK,1362
013620361,WAVE/SPEAKER1362/013620361.WAV,BUT IT WAS SLOW WORK,1362
013620366,WAVE/SPEAKER1362/013620366.WAV,THEN HE MADE FOR HOME,1362
013720023,WAVE/SPEAKER1372/013720023.WAV,I HAD A GREAT TIME,1372
013720051,WAVE/SPEAKER1372/013720051.WAV,THAT WAS CERTAINLY AS TOUGH DAY IN MY LIFE,1372
013720070,WAVE/SPEAKER1372/013720070.WAV,AND OF COURSE IT HAPPENS THAT WAY,1372
013720082,WAVE/SPEAKER1372/013720082.WAV,THERE WAS NO REASON TO TAKE HIM OUT,1372
013720140,WAVE/SPEAKER1372/013720140.WAV,AND IF SO WILL IS THE REAL ONE,1372
013720152,WAVE/SPEAKER1372/013720152.WAV,AM I NOT ALLOWED TO LEAVE MY HOUSE,1372
013720153,WAVE/SPEAKER1372/013720153.WAV,READY TO GET DOWN TO BUSINESS,1372
013720167,WAVE/SPEAKER1372/013720167.WAV,GET ME OUT OF HERE PLEASE,1372
013720182,WAVE/SPEAKER1372/013720182.WAV,WE CAN NEVER HAVE TOO MANY FRIENDS,1372
013720189,WAVE/SPEAKER1372/013720189.WAV,MY GOAL IN LIFE IS TO BE BETTER THAN YOU,1372
013720198,WAVE/SPEAKER1372/013720198.WAV,GREAT TO SEE YOU BANK ON ILL,1372
013720199,WAVE/SPEAKER1372/013720199.WAV,GOING TO APPLY FOR A JOB TODAY,1372
013720201,WAVE/SPEAKER1372/013720201.WAV,ANYTHING TO HAVE YOU HERE AGAIN,1372
013720215,WAVE/SPEAKER1372/013720215.WAV,LET'S GO TO THE FARM,1372
013720233,WAVE/SPEAKER1372/013720233.WAV,THAT WAS THE MESSAGE RIGHT,1372
013720256,WAVE/SPEAKER1372/013720256.WAV,BUT YOU KNOW WHAT THIS MEAN RIGHT,1372
013720274,WAVE/SPEAKER1372/013720274.WAV,I WANT TO SEE YOU IN THE QUARTER FINALS,1372
013720275,WAVE/SPEAKER1372/013720275.WAV,IN THE MEAN TIME ENJOY THE JOURNEY,1372
013720311,WAVE/SPEAKER1372/013720311.WAV,BUT YOU HAVE TO LISTEN DARLING,1372
013720360,WAVE/SPEAKER1372/013720360.WAV,HOW GOOD IT IS OF YOU TO BE HERE,1372
014070040,WAVE/SPEAKER1407/014070040.WAV,MY WORK IS GOING TO BE CUT OUT FOR ME,1407
014070080,WAVE/SPEAKER1407/014070080.WAV,THE PEOPLE WERE VERY FRIENDLY,1407
014070092,WAVE/SPEAKER1407/014070092.WAV,THAT'S A VERY SMALL AMOUNT OF MONEY,1407
014070101,WAVE/SPEAKER1407/014070101.WAV,THE NEED IS TO MAKE THIS MORE EFFECTIVE,1407
014070159,WAVE/SPEAKER1407/014070159.WAV,I KNOW A LOT OF THOSE,1407
014070207,WAVE/SPEAKER1407/014070207.WAV,WELCOME AND HAVE A GREAT WEEKEND,1407
014070217,WAVE/SPEAKER1407/014070217.WAV,LET'S GO TO THE SHIP,1407
014070239,WAVE/SPEAKER1407/014070239.WAV,FUN TO PRACTICE IN GARDEN,1407
014070248,WAVE/SPEAKER1407/014070248.WAV,LOVE AS MUCH AS WE DO,1407
014070265,WAVE/SPEAKER1407/014070265.WAV,THAT'S HOW THEY SAY IT IN SOUTH,1407
014070270,WAVE/SPEAKER1407/014070270.WAV,BATS NEED TO GET GOING,1407
014070281,WAVE/SPEAKER1407/014070281.WAV,GOOD LUCK TO EVERYONE ELSE IN THE THIS,1407
014070297,WAVE/SPEAKER1407/014070297.WAV,GOOD MORNING HOPE YOU HAVE A WONDERFUL DAY TODAY,1407
014070304,WAVE/SPEAKER1407/014070304.WAV,WILL THE KINGS HAVE A CHANCE TO REPEAT,1407
014070308,WAVE/SPEAKER1407/014070308.WAV,THAT IS I ASK QUESTIONS AND GOD ANSWERS,1407
014070336,WAVE/SPEAKER1407/014070336.WAV,NEXT YEAR WILL BE DIFFERENT SHE THOUGHT,1407
014070341,WAVE/SPEAKER1407/014070341.WAV,OF ALL SUBJECTS OF DISCUSSION THIS IS THE MOST DIFFICULT,1407
014070343,WAVE/SPEAKER1407/014070343.WAV,NOW HE WAS BORED AND ALSO ANGRY,1407
014070349,WAVE/SPEAKER1407/014070349.WAV,HE IS NOT USED TALKING THIS WAY WITH A WOMAN,1407
014070358,WAVE/SPEAKER1407/014070358.WAV,THAT'S WHAT'S THE MATTER WITH HIM NOW,1407
014180002,WAVE/SPEAKER1418/014180002.WAV,SOME MANDY WANTS TO FIND THE AUNT,1418
014180008,WAVE/SPEAKER1418/014180008.WAV,LILLY CAN PLANT THE FISH,1418
014180011,WAVE/SPEAKER1418/014180011.WAV,DO CAN DRAW THE COW,1418
014180013,WAVE/SPEAKER1418/014180013.WAV,MARY CAN SEE THE SAY,1418
014180044,WAVE/SPEAKER1418/014180044.WAV,SEVEN FOUR NINE FIVE,1418
014180051,WAVE/SPEAKER1418/014180051.WAV,PETER LIKES ICE SKATING,1418
014180063,WAVE/SPEAKER1418/014180063.WAV,HONEY LIKES CAKE,1418
014180077,WAVE/SPEAKER1418/014180077.WAV,LET'S DRAW NACY'S EYE,1418
014180084,WAVE/SPEAKER1418/014180084.WAV,BITTY LIKES YOUR RIGHT SWEATER,1418
014180088,WAVE/SPEAKER1418/014180088.WAV,LOOK AT ALICE CHOOSE,1418
014180100,WAVE/SPEAKER1418/014180100.WAV,JACK ME GOT ON THE BUS,1418
014180131,WAVE/SPEAKER1418/014180131.WAV,MIKE WASHED THE EGYPT PLANT,1418
014180139,WAVE/SPEAKER1418/014180139.WAV,TIM WHAT'S TO BE A GOOD A STUDENT,1418
014180143,WAVE/SPEAKER1418/014180143.WAV,LUCY WILL A READ IN JUNE SIXTH SEE,1418
014180150,WAVE/SPEAKER1418/014180150.WAV,WHAT ARE YOU DOING THIS FOR,1418
014180155,WAVE/SPEAKER1418/014180155.WAV,HOW CAN YOU HERE,1418
014180158,WAVE/SPEAKER1418/014180158.WAV,YOU TO BUY SURE,1418
014180160,WAVE/SPEAKER1418/014180160.WAV,OH NOT THAT NO,1418
014180165,WAVE/SPEAKER1418/014180165.WAV,BE TO BUG TO BACK,1418
014180166,WAVE/SPEAKER1418/014180166.WAV,YES I SEE THE HOUSE,1418
014190006,WAVE/SPEAKER1419/014190006.WAV,LAYLA CAN DRAW THE MONKEY,1419
014190025,WAVE/SPEAKER1419/014190025.WAV,LUCY IS A FRIEND FROM CANADA,1419
014190027,WAVE/SPEAKER1419/014190027.WAV,MANDY LIVES IN JAPAN,1419
014190030,WAVE/SPEAKER1419/014190030.WAV,SIX TWO THREE THREE,1419
014190055,WAVE/SPEAKER1419/014190055.WAV,NEIL IS GOOD AT BASKETBALL,1419
014190059,WAVE/SPEAKER1419/014190059.WAV,MIKE ATE A LITTLE RICE,1419
014190060,WAVE/SPEAKER1419/014190060.WAV,NEIL LIKES CAKE,1419
014190062,WAVE/SPEAKER1419/014190062.WAV,NEIL LIKES SAUSAGE,1419
014190064,WAVE/SPEAKER1419/014190064.WAV,HENNY SMELLS FRESH BREAD,1419
014190071,WAVE/SPEAKER1419/014190071.WAV,BY MY MOUTH,1419
014190073,WAVE/SPEAKER1419/014190073.WAV,LET'S DRAW JAYME'S TOE,1419
014190081,WAVE/SPEAKER1419/014190081.WAV,LET'S DRAW NEIL'S ARM,1419
014190088,WAVE/SPEAKER1419/014190088.WAV,SANDY HAS A BEAUTIFUL SHORTS,1419
014190095,WAVE/SPEAKER1419/014190095.WAV,BETTY NEEDS NEW SKIRT,1419
014190098,WAVE/SPEAKER1419/014190098.WAV,JAYME GOT ON THE UNDERGROUND,1419
014190107,WAVE/SPEAKER1419/014190107.WAV,SO HE WENT ON TO TEACHER'S OFFICE,1419
014190108,WAVE/SPEAKER1419/014190108.WAV,THE LAYLA WALKED TO BUS STOP,1419
014190114,WAVE/SPEAKER1419/014190114.WAV,HENNY CAN SEE THE KITCHEN,1419
014190128,WAVE/SPEAKER1419/014190128.WAV,LAYLA LOVES COOL,1419
014190172,WAVE/SPEAKER1419/014190172.WAV,AND MY NAME TOO,1419
014350004,WAVE/SPEAKER1435/014350004.WAV,BILLY RAN AWAY FROM THE GOAT,1435
014350012,WAVE/SPEAKER1435/014350012.WAV,TIM RAN AWAY FROM THE BIRD,1435
014350016,WAVE/SPEAKER1435/014350016.WAV,CASEY IS GOING TO SEE SQUID,1435
014350017,WAVE/SPEAKER1435/014350017.WAV,STEEVEN IS GOING TO SEE WHALE,1435
014350018,WAVE/SPEAKER1435/014350018.WAV,ALISA IS GOING TO SEE ANT,1435
014350020,WAVE/SPEAKER1435/014350020.WAV,MIKE IS GOING TO SEE SHARK,1435
014350022,WAVE/SPEAKER1435/014350022.WAV,HENNY LIVED IN AUSTRALIA,1435
014350028,WAVE/SPEAKER1435/014350028.WAV,ONE FOUR EIGHT SEVEN,1435
014350085,WAVE/SPEAKER1435/014350085.WAV,ALISA HAS A BEAUTIFUL SNEAKERS,1435
014350094,WAVE/SPEAKER1435/014350094.WAV,DAVID LOVES THE NEW T SHIRT,1435
014350103,WAVE/SPEAKER1435/014350103.WAV,HENNY GOT ON THE YACHT,1435
014350110,WAVE/SPEAKER1435/014350110.WAV,SO DAVID WENT ON TO CITY,1435
014350127,WAVE/SPEAKER1435/014350127.WAV,STEEVEN GOT THE CUCUMBER,1435
014350133,WAVE/SPEAKER1435/014350133.WAV,BETTY GOT THE CELERY,1435
014350146,WAVE/SPEAKER1435/014350146.WAV,BETTY LIKES THE EDUCATION CLASS AT SCHOOL,1435
014350153,WAVE/SPEAKER1435/014350153.WAV,IS IT THIS ONE,1435
014350157,WAVE/SPEAKER1435/014350157.WAV,HOW ARE WE GOING,1435
014350158,WAVE/SPEAKER1435/014350158.WAV,SO I HAVE COME HERE,1435
014350163,WAVE/SPEAKER1435/014350163.WAV,AND THE DOG TOO,1435
014350165,WAVE/SPEAKER1435/014350165.WAV,I CAN DO NO GOOD HERE,1435
014390008,WAVE/SPEAKER1439/014390008.WAV,TIM IS GOING TO SEE BIRD,1439
014390009,WAVE/SPEAKER1439/014390009.WAV,DAVID RAN AWAY FROM THE CAT,1439
014390045,WAVE/SPEAKER1439/014390045.WAV,FIVE FIVE SEVEN ONE,1439
014390051,WAVE/SPEAKER1439/014390051.WAV,ALISA IS NOT VERY GOOD AT VOLLEYBALL,1439
014390052,WAVE/SPEAKER1439/014390052.WAV,LUCY IS NOT VERY GOOD AT SWIMMING,1439
014390057,WAVE/SPEAKER1439/014390057.WAV,PETER LIKES FRENCH FRIES,1439
014390064,WAVE/SPEAKER1439/014390064.WAV,DOES JIM LIKE THE CAKE,1439
014390068,WAVE/SPEAKER1439/014390068.WAV,DOES BETTY LIKE THE HAMBURGER,1439
014390076,WAVE/SPEAKER1439/014390076.WAV,LILLY HAS A BIG TOE,1439
014390086,WAVE/SPEAKER1439/014390086.WAV,JIM HAS A BEAUTIFUL SWEATER,1439
014390090,WAVE/SPEAKER1439/014390090.WAV,JIM LIKE THE OLD SOCKS,1439
014390117,WAVE/SPEAKER1439/014390117.WAV,SO SANDY WENT ON TO LIVING ROOM,1439
014390124,WAVE/SPEAKER1439/014390124.WAV,JAYME THIS IS MUSHROOM,1439
014390133,WAVE/SPEAKER1439/014390133.WAV,TEDDY IS DRAWING THE SWEET POTATO,1439
014390134,WAVE/SPEAKER1439/014390134.WAV,MARY IS DRAWING THE CHINESE CABBAGE,1439
014390135,WAVE/SPEAKER1439/014390135.WAV,DAVID WORD YOU LIKE TO GROW LEEK,1439
014390143,WAVE/SPEAKER1439/014390143.WAV,PETER WILL ARRIVE IN MARCH SIXTH,1439
014390154,WAVE/SPEAKER1439/014390154.WAV,HOW CAN I DO THAT,1439
014390156,WAVE/SPEAKER1439/014390156.WAV,IT IS NOT HERE YOU SEE,1439
014390163,WAVE/SPEAKER1439/014390163.WAV,BUT WHAT CAN ONE DO,1439
014470007,WAVE/SPEAKER1447/014470007.WAV,IT IS A VERY BOSSY TURKEY,1447
014470017,WAVE/SPEAKER1447/014470017.WAV,CASEY WENT TO SEE SQUIRREL,1447
014470026,WAVE/SPEAKER1447/014470026.WAV,MARY LOVES FRANCE,1447
014470028,WAVE/SPEAKER1447/014470028.WAV,NINE NINE FIVE ZERO,1447
014470031,WAVE/SPEAKER1447/014470031.WAV,EIGHT EIGHT FIVE,1447
014470038,WAVE/SPEAKER1447/014470038.WAV,THREE EIGHT EIGHT FOUR,1447
014470039,WAVE/SPEAKER1447/014470039.WAV,ONE NINE THREE FOUR,1447
014470048,WAVE/SPEAKER1447/014470048.WAV,ANDY LIKES SURFING,1447
014470053,WAVE/SPEAKER1447/014470053.WAV,LUCY LIKES RUNNING,1447
014470060,WAVE/SPEAKER1447/014470060.WAV,HE LIKES CAKE,1447
014470063,WAVE/SPEAKER1447/014470063.WAV,I CAN SMELL THE TOFU,1447
014470072,WAVE/SPEAKER1447/014470072.WAV,LOOK AT NEIL'S SINGER,1447
014470084,WAVE/SPEAKER1447/014470084.WAV,PETER HAS A BEAUTIFUL BOOT,1447
014470100,WAVE/SPEAKER1447/014470100.WAV,TINA IS CLEANING THE CAR,1447
014470109,WAVE/SPEAKER1447/014470109.WAV,THEN LYNDA WALKED TO NATURE PARK,1447
014470124,WAVE/SPEAKER1447/014470124.WAV,NEIL THIS IS GREEN BEAN,1447
014470140,WAVE/SPEAKER1447/014470140.WAV,REPORTER TINA IS NOT A REAL T V REPORTER,1447
014470141,WAVE/SPEAKER1447/014470141.WAV,JACK IS NOT A REAL BASEBALL PLAYER,1447
014470149,WAVE/SPEAKER1447/014470149.WAV,BUT WHERE ARE WE,1447
014470150,WAVE/SPEAKER1447/014470150.WAV,IS IT SO FATHER,1447
020220021,WAVE/SPEAKER2022/020220021.WAV,FRIENDS PLANNED TO VISIT LATER IN THE AFTERNOON,2022
020220023,WAVE/SPEAKER2022/020220023.WAV,A MAN APPROACHED THE CAR AND AN EXCHANGE WAS MADE,2022
020220033,WAVE/SPEAKER2022/020220033.WAV,SURGERY GIVE THEM THE OPPORTUNITY TO CHANGE THAT,2022
020220048,WAVE/SPEAKER2022/020220048.WAV,WE NEED A NEW COACH,2022
020220056,WAVE/SPEAKER2022/020220056.WAV,WE NEED TO GET ON THE BOARD,2022
020220060,WAVE/SPEAKER2022/020220060.WAV,I WANT TO ENJOY LIFE,2022
020220072,WAVE/SPEAKER2022/020220072.WAV,WHY DO I THINK THE WAY I DO,2022
020220091,WAVE/SPEAKER2022/020220091.WAV,SEVERAL HAVE CALLED ME TO DISCUSS THIS,2022
020220120,WAVE/SPEAKER2022/020220120.WAV,HAD ONE OF THOSE LAST WEEKEND,2022
020220122,WAVE/SPEAKER2022/020220122.WAV,I HAVE TO PUT IT DOWN,2022
020220139,WAVE/SPEAKER2022/020220139.WAV,MAYBE THAT SOMEONE WILL BE ME,2022
020220141,WAVE/SPEAKER2022/020220141.WAV,WHAT IS GOING ON IN,2022
020220176,WAVE/SPEAKER2022/020220176.WAV,SOME GOOD NEWS FOR ROD TODAY,2022
020220200,WAVE/SPEAKER2022/020220200.WAV,THIS GOING TO BE THE SECOND STREAM,2022
020220221,WAVE/SPEAKER2022/020220221.WAV,SMILE EVERY TIME HE TALKED,2022
020220232,WAVE/SPEAKER2022/020220232.WAV,THAT WOULD BE GREAT MAN,2022
020220259,WAVE/SPEAKER2022/020220259.WAV,THAT'S THE ONLY WAY TO BE FAIR,2022
020220264,WAVE/SPEAKER2022/020220264.WAV,WE ARE FIRED UP AND READY TO DO BATTLE,2022
020220295,WAVE/SPEAKER2022/020220295.WAV,BIKE CHOICE IS GOING TO BE TOUGH,2022
020220366,WAVE/SPEAKER2022/020220366.WAV,IF YOU COULD KNOW IT ALL,2022
020340016,WAVE/SPEAKER2034/020340016.WAV,MINDER IS GOING TO SEE SPARE,2034
020340019,WAVE/SPEAKER2034/020340019.WAV,AND IS GOING TO SEE DUCK,2034
020340029,WAVE/SPEAKER2034/020340029.WAV,EIGHT ONE SIX NINE,2034
020340043,WAVE/SPEAKER2034/020340043.WAV,TWO ONE THEY EIGHT,2034
020340055,WAVE/SPEAKER2034/020340055.WAV,LOOK AT STEVEN'S SWEATER,2034
020340056,WAVE/SPEAKER2034/020340056.WAV,DATE LIKES YOUR BLUE SUNS GLASSES,2034
020340063,WAVE/SPEAKER2034/020340063.WAV,LOOK AT JOY'S JEANS,2034
020340065,WAVE/SPEAKER2034/020340065.WAV,SAND NEEDS NEW COAT,2034
020340071,WAVE/SPEAKER2034/020340071.WAV,PETER NEEDS NEW SHOES,2034
020340096,WAVE/SPEAKER2034/020340096.WAV,SO MIKE WIT INTO THE WASHROOM,2034
020340098,WAVE/SPEAKER2034/020340098.WAV,SO JACK WIT INTO THE HOSPITAL,2034
020340109,WAVE/SPEAKER2034/020340109.WAV,THEN THE KANGAROO JUMPED REALLY REALLY HIGH,2034
020340113,WAVE/SPEAKER2034/020340113.WAV,THEN YOU HAVE TO BITTER IT FROM THE TOOLED,2034
020340124,WAVE/SPEAKER2034/020340124.WAV,I LIKE PANDAS TOY PANDAS,2034
020340140,WAVE/SPEAKER2034/020340140.WAV,MY TIME IS YOURS,2034
020340144,WAVE/SPEAKER2034/020340144.WAV,HOW CAN MY BE SO HAPPY DAY AFTER DAY,2034
020340156,WAVE/SPEAKER2034/020340156.WAV,ONE TWO THREE AND THERE YOU ARE,2034
020340162,WAVE/SPEAKER2034/020340162.WAV,THESE ARE YOUR BAN PETS,2034
020340166,WAVE/SPEAKER2034/020340166.WAV,GIVE ME YOUR HANDS,2034
020340169,WAVE/SPEAKER2034/020340169.WAV,COME TO ME IN THE MORNING,2034
020360017,WAVE/SPEAKER2036/020360017.WAV,WE ALL HAD A GOOD TIME,2036
020360019,WAVE/SPEAKER2036/020360019.WAV,THEY COULD NOT HELP BUT NOTICE,2036
020360036,WAVE/SPEAKER2036/020360036.WAV,AND WE KNOW THAT WE ARE LOVED,2036
020360055,WAVE/SPEAKER2036/020360055.WAV,THAT'S THE WAY THE SYSTEM IS SUPPOSED TO WORK,2036
020360089,WAVE/SPEAKER2036/020360089.WAV,DOCTORS HAVE NOT SET A DATE FOR HIS DISCHARGE,2036
020360097,WAVE/SPEAKER2036/020360097.WAV,THEIR CHILD'S DEATH IS NOT IN VAIN,2036
020360100,WAVE/SPEAKER2036/020360100.WAV,THIS IS A STEP BACKWARDS FOR US,2036
020360131,WAVE/SPEAKER2036/020360131.WAV,JUST WANT TO CONTINUE TO MIX THINGS UP A BIT,2036
020360136,WAVE/SPEAKER2036/020360136.WAV,THIS WILL BE SO GOOD,2036
020360143,WAVE/SPEAKER2036/020360143.WAV,BUT BACK TO NORMAL NOW,2036
020360202,WAVE/SPEAKER2036/020360202.WAV,I THOUGHT I HAD LOST MY PHONE,2036
020360211,WAVE/SPEAKER2036/020360211.WAV,WANT TO TALK ABOUT TO WORK,2036
020360220,WAVE/SPEAKER2036/020360220.WAV,WILL HAVE TO WAIT AND SEE,2036
020360228,WAVE/SPEAKER2036/020360228.WAV,I HAD A GREAT DAY,2036
020360245,WAVE/SPEAKER2036/020360245.WAV,DO I REALLY WANT TO STILL,2036
020360299,WAVE/SPEAKER2036/020360299.WAV,SHOULD BE INTERESTING TO SEE HOW THEY HANDLE IT,2036
020360301,WAVE/SPEAKER2036/020360301.WAV,HOW WAS I TO KNOW,2036
020360302,WAVE/SPEAKER2036/020360302.WAV,HE PUT A SMILE ON MY FACE TONIGHT,2036
020360312,WAVE/SPEAKER2036/020360312.WAV,IT REMAINS THE STANDARD THE RULE THE TERM OF COMPARISON,2036
020360329,WAVE/SPEAKER2036/020360329.WAV,I GLANCE OVER AT THE DOOR,2036
020590022,WAVE/SPEAKER2059/020590022.WAV,THIS WAR IS OVER EXISTENCE,2059
020590026,WAVE/SPEAKER2059/020590026.WAV,LIGHTING A FIRE IS AN EASY WAY TO GET FOUND,2059
020590047,WAVE/SPEAKER2059/020590047.WAV,AT LEAST NOT FOR NOW,2059
020590077,WAVE/SPEAKER2059/020590077.WAV,I WAS PROBABLY FEELING SORRY FOR MYSELF MORE THAN ANYTHING,2059
020590103,WAVE/SPEAKER2059/020590103.WAV,THAT'S A LOT MORE COMPLICATED,2059
020590121,WAVE/SPEAKER2059/020590121.WAV,THANKS FOR THE JOY OF OWNERSHIP,2059
020590122,WAVE/SPEAKER2059/020590122.WAV,WALKED IN THE PARK TODAY,2059
020590123,WAVE/SPEAKER2059/020590123.WAV,WE WISH YOU COULD BE TOO,2059
020590144,WAVE/SPEAKER2059/020590144.WAV,CAN YOU PUT A STOP TO THIS MADNESS,2059
020590151,WAVE/SPEAKER2059/020590151.WAV,NO YOU GO TO BED,2059
020590164,WAVE/SPEAKER2059/020590164.WAV,I KNOW HOW TO PROGRAM,2059
020590181,WAVE/SPEAKER2059/020590181.WAV,BOOK A PARTY WITH A DIFFERENCE,2059
020590228,WAVE/SPEAKER2059/020590228.WAV,GUN DEATH AT THE BOTTOM OF THE LIST,2059
020590265,WAVE/SPEAKER2059/020590265.WAV,WE ARE SO HAPPY TO HAVE HELPED,2059
020590274,WAVE/SPEAKER2059/020590274.WAV,THIS WAS ONLY THE START OF THE TRAIL,2059
020590276,WAVE/SPEAKER2059/020590276.WAV,TODAY I HAVE SO MUCH TO BE THANKFUL FOR,2059
020590290,WAVE/SPEAKER2059/020590290.WAV,THANK YOU FOR THE POINTS,2059
020590322,WAVE/SPEAKER2059/020590322.WAV,WE WERE ALWAYS DOING SOMETHING AS IT WAS,2059
020590359,WAVE/SPEAKER2059/020590359.WAV,DRIVE THE CAR WOULD YOU,2059
020590376,WAVE/SPEAKER2059/020590376.WAV,THE REBELS HAD COME UPON HIS LAND,2059
020610010,WAVE/SPEAKER2061/020610010.WAV,I LOST BY ONE VOTE,2061
020610014,WAVE/SPEAKER2061/020610014.WAV,SHE WAS AMONG THE DEAD,2061
020610061,WAVE/SPEAKER2061/020610061.WAV,PLANS WERE BEING MADE FOR A MEMORIAL SERVICE,2061
020610090,WAVE/SPEAKER2061/020610090.WAV,THEY BEAT US ON THE FIELD,2061
020610122,WAVE/SPEAKER2061/020610122.WAV,THIS IS A NATURAL PART OF LIFE,2061
020610134,WAVE/SPEAKER2061/020610134.WAV,MAYBE I WILL BE SAFE,2061
020610166,WAVE/SPEAKER2061/020610166.WAV,TOGETHER WE WILL DO THIS,2061
020610168,WAVE/SPEAKER2061/020610168.WAV,DECIDE TO LIVE IN A BEAUTIFUL STATE,2061
020610174,WAVE/SPEAKER2061/020610174.WAV,HOPE IT'S JUST A EUROPE ISSUE,2061
020610175,WAVE/SPEAKER2061/020610175.WAV,WHAT ARE YOU HOPING TO GAIN,2061
020610194,WAVE/SPEAKER2061/020610194.WAV,YES IT WAS AN INTERESTING HOUSE,2061
020610201,WAVE/SPEAKER2061/020610201.WAV,THANK YOU FOR THE ASSIST,2061
020610206,WAVE/SPEAKER2061/020610206.WAV,NOT THAT KIND OF STORY,2061
020610207,WAVE/SPEAKER2061/020610207.WAV,WAS IS AND ALWAYS WILL BE,2061
020610291,WAVE/SPEAKER2061/020610291.WAV,DO YOU HAVE A BATHROOM,2061
020610302,WAVE/SPEAKER2061/020610302.WAV,QUESTION IS WHERE DO YOU LAND,2061
020610316,WAVE/SPEAKER2061/020610316.WAV,IT WAS ABOUT THAT PLAN OF ESCAPE,2061
020610328,WAVE/SPEAKER2061/020610328.WAV,HE TAPPED ON THE GLASS,2061
020610341,WAVE/SPEAKER2061/020610341.WAV,THEY USED TO BEAT US TO STEAL OUR BRUSHES,2061
020610343,WAVE/SPEAKER2061/020610343.WAV,I REMEMBER THAT SOME BUT STILL NOTHING OF HER,2061
020890003,WAVE/SPEAKER2089/020890003.WAV,IT WAS SOMETHING THAT NEVER HAPPENED TO US BEFORE,2089
020890037,WAVE/SPEAKER2089/020890037.WAV,IT'S STILL THERE FOR ME,2089
020890112,WAVE/SPEAKER2089/020890112.WAV,BUT THOSE ARE NOT MY DECISIONS,2089
020890134,WAVE/SPEAKER2089/020890134.WAV,SHOULD BE A WAKE UP CALL,2089
020890156,WAVE/SPEAKER2089/020890156.WAV,WHAT YOU KNOW ABOUT DREAMS,2089
020890165,WAVE/SPEAKER2089/020890165.WAV,AS PART OF THE RUN UP TO RELEASE,2089
020890206,WAVE/SPEAKER2089/020890206.WAV,TRUST ME THERE IS PLENTY OF BREAD,2089
020890207,WAVE/SPEAKER2089/020890207.WAV,OFTEN NOT SO EASY TO DO,2089
020890215,WAVE/SPEAKER2089/020890215.WAV,UNTIL YOU SIT AND LISTEN TO IT,2089
020890219,WAVE/SPEAKER2089/020890219.WAV,DO YOU HAVE THE GLASSES,2089
020890259,WAVE/SPEAKER2089/020890259.WAV,GLAD YOU ARE HAVING A GOOD TIME,2089
020890260,WAVE/SPEAKER2089/020890260.WAV,WINDOWS OPEN TRANSFORMERS IN BED,2089
020890267,WAVE/SPEAKER2089/020890267.WAV,BEST TWO MONTHS OF THE YEAR,2089
020890274,WAVE/SPEAKER2089/020890274.WAV,I THOUGHT THIS WOULD BE SO EASY TO DRAW,2089
020890306,WAVE/SPEAKER2089/020890306.WAV,THERE WERE TWO NEW LIVES IN THE HOUSE,2089
020890313,WAVE/SPEAKER2089/020890313.WAV,BUT HE WOULD NOT LET ME GO,2089
020890326,WAVE/SPEAKER2089/020890326.WAV,PREDICTION IS AS CLEAR AS DAY IS IT NOT,2089
020890340,WAVE/SPEAKER2089/020890340.WAV,GO AND GET READY IF YOU WANT TO COME,2089
020890346,WAVE/SPEAKER2089/020890346.WAV,WHAT WAS SO SPECIAL ABOUT THIS SONG,2089
020890371,WAVE/SPEAKER2089/020890371.WAV,I KNOW WHO THEY ARE,2089
021290009,WAVE/SPEAKER2129/021290009.WAV,THE RACE IS TOO CLOSE TO CALL,2129
021290011,WAVE/SPEAKER2129/021290011.WAV,IT CAN ONLY CONTINUE TO GROW,2129
021290068,WAVE/SPEAKER2129/021290068.WAV,EVERYONE MIGHT AS WELL GET READY FOR IT,2129
021290121,WAVE/SPEAKER2129/021290121.WAV,WAKE UP AND MAKE IT HAPPEN,2129
021290134,WAVE/SPEAKER2129/021290134.WAV,YOU HAVE THE RIGHT TO GROW,2129
021290144,WAVE/SPEAKER2129/021290144.WAV,MENTALLY READY FOR A FULL DAY OF TRAVEL,2129
021290148,WAVE/SPEAKER2129/021290148.WAV,IT'S WAY TOO MUCH FOR ME ALREADY,2129
021290160,WAVE/SPEAKER2129/021290160.WAV,SOMETIMES THE TRUTH IS DISGUSTING,2129
021290169,WAVE/SPEAKER2129/021290169.WAV,DRIVING TO THE MOON IN STYLE,2129
021290173,WAVE/SPEAKER2129/021290173.WAV,ALL THE BEST FOR THE MOVIE,2129
021290200,WAVE/SPEAKER2129/021290200.WAV,PLEASE GO BACK TO THE STARS SYSTEM,2129
021290209,WAVE/SPEAKER2129/021290209.WAV,AT THE END OF THE DAY EVERYBODY LOST,2129
021290235,WAVE/SPEAKER2129/021290235.WAV,KNOW ANYONE THAT WOULD BE A GOOD CANDIDATE,2129
021290261,WAVE/SPEAKER2129/021290261.WAV,WHEN ARE YOU WORKING WITH AGAIN,2129
021290282,WAVE/SPEAKER2129/021290282.WAV,COULD YOU SEE ON THE BIG SCREEN SOON,2129
021290291,WAVE/SPEAKER2129/021290291.WAV,AND I HAVE NO IDEA WHO THEY ARE,2129
021290319,WAVE/SPEAKER2129/021290319.WAV,DO NOT FEAR TO GIVE YOURSELF TO ME,2129
021290324,WAVE/SPEAKER2129/021290324.WAV,SHE STEPPED INTO THE PASSAGE,2129
021290326,WAVE/SPEAKER2129/021290326.WAV,I NEVER TO SEE THEM AGAIN,2129
021290371,WAVE/SPEAKER2129/021290371.WAV,FEAR MUST HAVE TURNED MY HEAD,2129
021680007,WAVE/SPEAKER2168/021680007.WAV,I HAD HOPED TO DO BETTER,2168
021680016,WAVE/SPEAKER2168/021680016.WAV,NOT BECAUSE THERE WAS A CROSS THERE,2168
021680048,WAVE/SPEAKER2168/021680048.WAV,HE WILL BE EXPECTED TO IMPROVE IN BOTH AREAS,2168
021680052,WAVE/SPEAKER2168/021680052.WAV,STRESS AFTER ALL IS THE ROOT OF DISEASE,2168
021680122,WAVE/SPEAKER2168/021680122.WAV,I WANT TO TAKE A PICTURE WITH YOU,2168
021680154,WAVE/SPEAKER2168/021680154.WAV,INTERESTED TO GET YOUR TAKE,2168
021680169,WAVE/SPEAKER2168/021680169.WAV,I WILL BE AT WORK TOMORROW,2168
021680190,WAVE/SPEAKER2168/021680190.WAV,FAILURE IS NOT AN OPTION SUCCESS IS JUST A PROCESS,2168
021680237,WAVE/SPEAKER2168/021680237.WAV,ANY REPORTS ON THE CONTENTS OF THE PIE,2168
021680246,WAVE/SPEAKER2168/021680246.WAV,MAN PILLAR IS THE BEST,2168
021680249,WAVE/SPEAKER2168/021680249.WAV,FACTS ARE OF NO IMPORTANCE TO THEM,2168
021680251,WAVE/SPEAKER2168/021680251.WAV,MAYBE IT'S THE SAME MENU,2168
021680266,WAVE/SPEAKER2168/021680266.WAV,LOVE COMING TO THE BRAVES GAME,2168
021680288,WAVE/SPEAKER2168/021680288.WAV,UNLUCKY NOT TO GO ON AND WIN THE GAME TODAY,2168
021680297,WAVE/SPEAKER2168/021680297.WAV,WE HAD A LITTLE TROUBLE FINDING YOU,2168
021680318,WAVE/SPEAKER2168/021680318.WAV,OH HE'S A NICE MAN IS YOUR FATHER,2168
021680332,WAVE/SPEAKER2168/021680332.WAV,THAT WAS WHY WE SHIFTED,2168
021680369,WAVE/SPEAKER2168/021680369.WAV,HERE IT IS YOU SEE SIR,2168
021680379,WAVE/SPEAKER2168/021680379.WAV,HENCE THE CYCLE OF THE GAMES IS BRIEF,2168
021680380,WAVE/SPEAKER2168/021680380.WAV,I TURNED AND THE FRENCH WINDOW WAS OPEN BEHIND ME,2168
021700029,WAVE/SPEAKER2170/021700029.WAV,A LOT OF PEOPLE REMEMBER THAT ROLE,2170
021700034,WAVE/SPEAKER2170/021700034.WAV,BUT THE SITUATION WAS ALSO UNCOMFORTABLE,2170
021700062,WAVE/SPEAKER2170/021700062.WAV,THE TEARS WERE JUST RUNNING OUT OF MY EYES,2170
021700077,WAVE/SPEAKER2170/021700077.WAV,FOR HER IT'S PRAISE,2170
021700120,WAVE/SPEAKER2170/021700120.WAV,YOU HAVE TO RESPECT THE OFFICE OF THE PRESIDENT,2170
021700131,WAVE/SPEAKER2170/021700131.WAV,I WAS TRYING TO FORGET,2170
021700139,WAVE/SPEAKER2170/021700139.WAV,I GET SOME OF THE CRITICISM,2170
021700153,WAVE/SPEAKER2170/021700153.WAV,THIS IS PROBABLY GOING TO BE THE BEST MOVIE EVER,2170
021700176,WAVE/SPEAKER2170/021700176.WAV,I DO IT FOR US,2170
021700211,WAVE/SPEAKER2170/021700211.WAV,WHICH WAS A STUPID THING TO DO,2170
021700224,WAVE/SPEAKER2170/021700224.WAV,MAJORITY OF THE DAY WITH MY LOVE,2170
021700232,WAVE/SPEAKER2170/021700232.WAV,THEY ARE STILL VERY MUCH U S CITIZENS,2170
021700236,WAVE/SPEAKER2170/021700236.WAV,THANKS TO ALL WHO VOTED FOR US IN THE AWARDS,2170
021700240,WAVE/SPEAKER2170/021700240.WAV,VERY IMPORTANT VICTORY WE ARE ON THE RIGHT WAY,2170
021700277,WAVE/SPEAKER2170/021700277.WAV,GOING TO DO SOME WORK IN A BIT,2170
021700287,WAVE/SPEAKER2170/021700287.WAV,I LEAVE THE HOUSE IN THE DARK,2170
021700291,WAVE/SPEAKER2170/021700291.WAV,THAT WAS A GREAT CHAPTER,2170
021700300,WAVE/SPEAKER2170/021700300.WAV,ALL I CAN DO IS SIT BACK AND LAUGH,2170
021700362,WAVE/SPEAKER2170/021700362.WAV,AND THE ANSWER IS YES,2170
021700379,WAVE/SPEAKER2170/021700379.WAV,MARK IS A BAD CORRESPONDENT,2170
021790008,WAVE/SPEAKER2179/021790008.WAV,JIM WENT TO SEE KANGAROO,2179
021790025,WAVE/SPEAKER2179/021790025.WAV,LANA CAN PAINT THE BIRD,2179
021790030,WAVE/SPEAKER2179/021790030.WAV,THREE FOUR TWO EIGHT,2179
021790035,WAVE/SPEAKER2179/021790035.WAV,TWO ONE ONE SEVEN,2179
021790039,WAVE/SPEAKER2179/021790039.WAV,NINE SIX THREE SEVEN,2179
021790040,WAVE/SPEAKER2179/021790040.WAV,FIVE SIX ONE ONE,2179
021790043,WAVE/SPEAKER2179/021790043.WAV,SEVEN NINE ZERO,2179
021790055,WAVE/SPEAKER2179/021790055.WAV,LYNDA LOVES THE NEW SANDALS,2179
021790075,WAVE/SPEAKER2179/021790075.WAV,LOOK AT TINA'S SHIRT,2179
021790081,WAVE/SPEAKER2179/021790081.WAV,SO LAYLA WENT INTO THE BANK,2179
021790083,WAVE/SPEAKER2179/021790083.WAV,ELSA WAS WALKING TO SCHOOL,2179
021790084,WAVE/SPEAKER2179/021790084.WAV,THEN JIM WALK TO ART ROOM,2179
021790108,WAVE/SPEAKER2179/021790108.WAV,THAT'S MY BRAVE LITTLE MOUNTAIN CLIMBER,2179
021790112,WAVE/SPEAKER2179/021790112.WAV,CAN I KEEP THEM,2179
021790125,WAVE/SPEAKER2179/021790125.WAV,I HAVE A GOOD IDEA FOR YOU,2179
021790149,WAVE/SPEAKER2179/021790149.WAV,I HAD TWO SISTERS,2179
021790152,WAVE/SPEAKER2179/021790152.WAV,I WISH WE HAVE A LIGHT,2179
021790168,WAVE/SPEAKER2179/021790168.WAV,BUT NOT USE GOING OVER THAT,2179
021790169,WAVE/SPEAKER2179/021790169.WAV,HE WOULD GO OUT BUT WHEN,2179
021790173,WAVE/SPEAKER2179/021790173.WAV,YOU HAVE NO IDEAS HAVE YOU,2179
022080028,WAVE/SPEAKER2208/022080028.WAV,I THOUGHT IT WAS PRETTY SIMPLE,2208
022080038,WAVE/SPEAKER2208/022080038.WAV,I THINK THE KEY WORD IS PROBABLY,2208
022080085,WAVE/SPEAKER2208/022080085.WAV,THERE WAS NO RECORD OF ADOPTION,2208
022080100,WAVE/SPEAKER2208/022080100.WAV,I WANT TO WIN IT VERY MUCH,2208
022080116,WAVE/SPEAKER2208/022080116.WAV,NOT THE SAME BUT IT IS DELICIOUS,2208
022080124,WAVE/SPEAKER2208/022080124.WAV,LET'S TRY AND MAKE IT TO THE NEXT ROUND,2208
022080146,WAVE/SPEAKER2208/022080146.WAV,WHAT ARE YOU DOING TO GET BETTER,2208
022080179,WAVE/SPEAKER2208/022080179.WAV,IT'S THE PERFECT TIME TO GET READY FOR THE BEACH,2208
022080181,WAVE/SPEAKER2208/022080181.WAV,ANY HOPE FOR IT IN THE FUTURE,2208
022080186,WAVE/SPEAKER2208/022080186.WAV,LOVE THE IDEA OF IT ALL,2208
022080187,WAVE/SPEAKER2208/022080187.WAV,SO AS SOON AS THAT HAPPENS,2208
022080189,WAVE/SPEAKER2208/022080189.WAV,AND THERE IS NO ANSWER,2208
022080192,WAVE/SPEAKER2208/022080192.WAV,WE WANT TO PLAY A LITTLE GAME,2208
022080202,WAVE/SPEAKER2208/022080202.WAV,TIGERS ARE ON THE BOARD,2208
022080204,WAVE/SPEAKER2208/022080204.WAV,UNTIL THEN YOU ARE BLOCKED,2208
022080210,WAVE/SPEAKER2208/022080210.WAV,ARE YOU SUPPOSED TO BE PART OF THE CHRISTIAN RIGHT,2208
022080294,WAVE/SPEAKER2208/022080294.WAV,AND WHO IS THE JUDGE,2208
022080299,WAVE/SPEAKER2208/022080299.WAV,I'D LOVE TO PARTICIPATE IN THE NEXT ONE,2208
022080340,WAVE/SPEAKER2208/022080340.WAV,BECAUSE WHY WOULD ANYBODY CHOOSE TO BE UNHAPPY,2208
022080341,WAVE/SPEAKER2208/022080341.WAV,HIS FIRST BOW TO THE PUBLIC,2208
022360092,WAVE/SPEAKER2236/022360092.WAV,SO THAT IS PROBABLY AN UPPER LIMIT,2236
022360126,WAVE/SPEAKER2236/022360126.WAV,THE ONLY THING HAVE TO PAY IS ATTENTION,2236
022360147,WAVE/SPEAKER2236/022360147.WAV,YOU ALL IN MY PRAYERS,2236
022360159,WAVE/SPEAKER2236/022360159.WAV,ARE YOU NOT GOING TO TOUR,2236
022360185,WAVE/SPEAKER2236/022360185.WAV,WHAT A GREAT FRIDAY EVENING,2236
022360186,WAVE/SPEAKER2236/022360186.WAV,GLAD YOU LIKE THE SONG,2236
022360221,WAVE/SPEAKER2236/022360221.WAV,THIS WOULD BE MY LAST WISH,2236
022360222,WAVE/SPEAKER2236/022360222.WAV,PARKING WOULD SEEM TO ISSUE,2236
022360227,WAVE/SPEAKER2236/022360227.WAV,WE NEED TO PRAY BADLY,2236
022360231,WAVE/SPEAKER2236/022360231.WAV,INTERESTING FIRST HALF OF GAMES,2236
022360253,WAVE/SPEAKER2236/022360253.WAV,I HAVE NOTHING BUT UTMOST RESPECT FOR YOU,2236
022360259,WAVE/SPEAKER2236/022360259.WAV,WHO'S GOING TO APRIL PARTY,2236
022360262,WAVE/SPEAKER2236/022360262.WAV,OF COURSE YOU CAN SEEM,2236
022360265,WAVE/SPEAKER2236/022360265.WAV,AND WHAT WILL YOU DO TO GET THERE,2236
022360293,WAVE/SPEAKER2236/022360293.WAV,I WAS SO PROUD OF MYSELF,2236
022360310,WAVE/SPEAKER2236/022360310.WAV,HER MOTHER WHO HAD MADE HER WAS NO HUMAN,2236
022360311,WAVE/SPEAKER2236/022360311.WAV,COME TO THE HOUSE AND STAY,2236
022360321,WAVE/SPEAKER2236/022360321.WAV,THERE'S NOTHING THAT UNUSUAL ABOUT THE STRUCTURE OF THE PLAN,2236
022360326,WAVE/SPEAKER2236/022360326.WAV,WILL FIND THIS OUT SOME DAY,2236
022360350,WAVE/SPEAKER2236/022360350.WAV,I WILL GO AND LOOK FOR IT,2236
022420015,WAVE/SPEAKER2242/022420015.WAV,IT MADE ME FEEL GOOD,2242
022420045,WAVE/SPEAKER2242/022420045.WAV,ONLY THE BOATS ARE ARMED LIGHTLY,2242
022420067,WAVE/SPEAKER2242/022420067.WAV,IT'S NOT GOING TO KILL THEM,2242
022420073,WAVE/SPEAKER2242/022420073.WAV,YET ALL IT TAKES IS THREE TWO ONE,2242
022420086,WAVE/SPEAKER2242/022420086.WAV,SATURDAY WINNING COLORS WILL BECOME THE SECOND,2242
022420106,WAVE/SPEAKER2242/022420106.WAV,EVERYONE CAN WIN AT HOME,2242
022420129,WAVE/SPEAKER2242/022420129.WAV,STILL ONE OF MY FEARS,2242
022420138,WAVE/SPEAKER2242/022420138.WAV,IF YOU NEED A REMINDER,2242
022420146,WAVE/SPEAKER2242/022420146.WAV,THE SPRING MARKET IS STRONG,2242
022420164,WAVE/SPEAKER2242/022420164.WAV,SURE IT COULD HAPPEN TO ANYONE,2242
022420168,WAVE/SPEAKER2242/022420168.WAV,IT'S NICE TO GET BACK INTO IT AGAIN,2242
022420172,WAVE/SPEAKER2242/022420172.WAV,BLUE WAS READY TO GO,2242
022420273,WAVE/SPEAKER2242/022420273.WAV,HOW ARE YOU GETTING ON WITH YOUR BIKE,2242
022420288,WAVE/SPEAKER2242/022420288.WAV,WE HAVE TO MAKE A STAND NOW,2242
022420292,WAVE/SPEAKER2242/022420292.WAV,MY HOME IS IN THE STARS,2242
022420306,WAVE/SPEAKER2242/022420306.WAV,IT IS MY LOVE THAT IS BOLD,2242
022420342,WAVE/SPEAKER2242/022420342.WAV,WAS HE NOT HAPPY TOO,2242
022420346,WAVE/SPEAKER2242/022420346.WAV,WE NEITHER OF US KNOW MUCH ABOUT IT,2242
022420348,WAVE/SPEAKER2242/022420348.WAV,THERE WAS ALWAYS A DAY WHEN SHE CALLED TIME,2242
022420362,WAVE/SPEAKER2242/022420362.WAV,THEY BOTH LAUGHED AND FOR A LONG TIME,2242
022440038,WAVE/SPEAKER2244/022440038.WAV,INSURANCE IS A MAJOR CONSIDERATION IN MOVING,2244
022440039,WAVE/SPEAKER2244/022440039.WAV,HE KNOWS BETTER THAN TO TELL ME ABOUT THOSE THINGS,2244
022440062,WAVE/SPEAKER2244/022440062.WAV,AFTER THAT COMES THE UNITED STATES AND THE WORLD,2244
022440073,WAVE/SPEAKER2244/022440073.WAV,THE DANGERS OF HANGING OUT IN PUBLIC PLACES,2244
022440126,WAVE/SPEAKER2244/022440126.WAV,SO YOU SHOULD BE FINE,2244
022440134,WAVE/SPEAKER2244/022440134.WAV,THEY HAVE HAD THEIR CHANCE FOR MONTHS,2244
022440139,WAVE/SPEAKER2244/022440139.WAV,POP IT ON THE LIST,2244
022440144,WAVE/SPEAKER2244/022440144.WAV,SO YOU KNOW THE USUAL,2244
022440165,WAVE/SPEAKER2244/022440165.WAV,SEEING YOU LIKE THIS IS NOT PRETTY,2244
022440180,WAVE/SPEAKER2244/022440180.WAV,NOTHING BETTER THAN A DAY AT THE BEACH,2244
022440189,WAVE/SPEAKER2244/022440189.WAV,IT'S UP TO YOU TO MAKE SURE THEY NEVER FORGET,2244
022440215,WAVE/SPEAKER2244/022440215.WAV,YOU WILL BE THERE IN SPIRIT,2244
022440277,WAVE/SPEAKER2244/022440277.WAV,PLEASE KEEP IN TOUCH WITH ME,2244
022440286,WAVE/SPEAKER2244/022440286.WAV,WHAT'S THE BEST WAY TO GET A HOLD OF YOU,2244
022440312,WAVE/SPEAKER2244/022440312.WAV,IT'S AS STEADY AS A ROCK,2244
022440337,WAVE/SPEAKER2244/022440337.WAV,WHEN SHE LOOKED UP SHE BEAMED,2244
022440340,WAVE/SPEAKER2244/022440340.WAV,THE TRAIL THOUGH WOULD BE EXTENSIVE,2244
022440352,WAVE/SPEAKER2244/022440352.WAV,A THOUSAND YEARS AGO IT SEEMED,2244
022440361,WAVE/SPEAKER2244/022440361.WAV,BUT ONLY IF SHE COULD HANDLE THE HEAT,2244
022440362,WAVE/SPEAKER2244/022440362.WAV,AS IF SHE WANTED HIM TO LEAVE,2244
022510066,WAVE/SPEAKER2251/022510066.WAV,BUT WE WOULD ASK MORE OF YOU,2251
022510069,WAVE/SPEAKER2251/022510069.WAV,THAT'S WHY IT IS SO DIFFICULT,2251
022510089,WAVE/SPEAKER2251/022510089.WAV,BUT WE ARE NOT RESPONSIBLE FOR THIS,2251
022510093,WAVE/SPEAKER2251/022510093.WAV,WE MIGHT GET BEAT AND WE MIGHT WIN,2251
022510095,WAVE/SPEAKER2251/022510095.WAV,THEY ALL LIVED IN THE SAME STREET,2251
022510122,WAVE/SPEAKER2251/022510122.WAV,YOU KNOW THIS COULD BE TRUE,2251
022510152,WAVE/SPEAKER2251/022510152.WAV,TAG A FRIEND YOU WISH YOU WERE HERE WITH,2251
022510166,WAVE/SPEAKER2251/022510166.WAV,FASHION IS IN A TERRIBLE STATE,2251
022510190,WAVE/SPEAKER2251/022510190.WAV,IT'S A BIT OF A FEAR FOR ME THAT,2251
022510211,WAVE/SPEAKER2251/022510211.WAV,HOW ABOUT THIS FOR A CHANGE,2251
022510230,WAVE/SPEAKER2251/022510230.WAV,THAT WAY PEOPLE WOULD LOVE TO SEE IT LIVE,2251
022510237,WAVE/SPEAKER2251/022510237.WAV,I THINK WE SHOULD GET HIM ON THE SHOW,2251
022510255,WAVE/SPEAKER2251/022510255.WAV,I MAY STILL BE TIRED,2251
022510266,WAVE/SPEAKER2251/022510266.WAV,VIDEO ABOUT THE NEW LOCATION,2251
022510276,WAVE/SPEAKER2251/022510276.WAV,REMEMBER THAT WE ARE ALL EQUAL,2251
022510291,WAVE/SPEAKER2251/022510291.WAV,MATCH OF THE YEAR SO FAR,2251
022510300,WAVE/SPEAKER2251/022510300.WAV,I THINK IT IS TIME,2251
022510320,WAVE/SPEAKER2251/022510320.WAV,KEEPING MY HAND IN MY POCKET,2251
022510323,WAVE/SPEAKER2251/022510323.WAV,SHE WANTS TO GET CAUGHT,2251
022510368,WAVE/SPEAKER2251/022510368.WAV,BUT HOW MANY WILL NEVER SEE IT,2251
022820020,WAVE/SPEAKER2282/022820020.WAV,THE MAN YOU ARE TALKING ABOUT HAD A BROWN JACKET,2282
022820021,WAVE/SPEAKER2282/022820021.WAV,SOME WORKERS WERE BACK ON THE JOB,2282
022820026,WAVE/SPEAKER2282/022820026.WAV,THEY WOULD NOT STAND FOR IT,2282
022820042,WAVE/SPEAKER2282/022820042.WAV,SOMEBODY WHO CAN HIT HOME RUNS AND DRIVE IN RUNS,2282
022820062,WAVE/SPEAKER2282/022820062.WAV,HE PROBABLY IS THE MOST TALENTED IN THE SECONDARY,2282
022820072,WAVE/SPEAKER2282/022820072.WAV,IF THERE WERE GAMES WE WOULD BENEFIT FROM THEM,2282
022820079,WAVE/SPEAKER2282/022820079.WAV,I WAS WATCHING BACK AND FIRTH BACK AND FIRTH,2282
022820106,WAVE/SPEAKER2282/022820106.WAV,MANY OF THE TROOPS WERE BADLY BURNED,2282
022820107,WAVE/SPEAKER2282/022820107.WAV,I JUST WANTED TO PLAY STEADY,2282
022820121,WAVE/SPEAKER2282/022820121.WAV,ANIMAL KINGDOM DAY AND NIGHT,2282
022820134,WAVE/SPEAKER2282/022820134.WAV,WHAT A GREAT SUNDAY MORNING,2282
022820142,WAVE/SPEAKER2282/022820142.WAV,THEY HAD A GOOD SEASON,2282
022820155,WAVE/SPEAKER2282/022820155.WAV,QUICK CHANGE HOW DO YOU DO IT,2282
022820191,WAVE/SPEAKER2282/022820191.WAV,GOING TO TRY AND MAKE IT,2282
022820197,WAVE/SPEAKER2282/022820197.WAV,FIRST GAME DAY OF THE YEAR,2282
022820281,WAVE/SPEAKER2282/022820281.WAV,WE ARE IN THE BACK,2282
022820291,WAVE/SPEAKER2282/022820291.WAV,I READ A LOT OF FICTION,2282
022820293,WAVE/SPEAKER2282/022820293.WAV,EDGE OF TOMORROW IS GOOD TIME,2282
022820317,WAVE/SPEAKER2282/022820317.WAV,WE CAN TALK ABOUT THIS LATER,2282
022820357,WAVE/SPEAKER2282/022820357.WAV,HERE'S THE GREAT MAN HIMSELF,2282
023800015,WAVE/SPEAKER2380/023800015.WAV,I AM SO SORRY TO ALL OF YOU,2380
023800042,WAVE/SPEAKER2380/023800042.WAV,THE OTHERS WERE TREATED IN THE EMERGENCY ROOM,2380
023800056,WAVE/SPEAKER2380/023800056.WAV,HE MAY HAVE ALREADY STARTED,2380
023800093,WAVE/SPEAKER2380/023800093.WAV,THAT'S A GOOD WAY TO APPROACH IT I THINK,2380
023800114,WAVE/SPEAKER2380/023800114.WAV,HE SHOULD HAVE LET THE ORGANIZATION AND THE MANAGER KNOW,2380
023800124,WAVE/SPEAKER2380/023800124.WAV,WE HAVE TO LET THEM KNOW THEY ARE SPECIAL,2380
023800160,WAVE/SPEAKER2380/023800160.WAV,GOING TO ANY OTHER GAMES,2380
023800186,WAVE/SPEAKER2380/023800186.WAV,I MADE IT TO THE FINALE,2380
023800242,WAVE/SPEAKER2380/023800242.WAV,CERTAINLY YOU CAN BE MORE SPECIFIC,2380
023800260,WAVE/SPEAKER2380/023800260.WAV,HOW MUCH TIME DO YOU SPEND DOING,2380
023800277,WAVE/SPEAKER2380/023800277.WAV,BUT NO NEED FOR THAT NOW,2380
023800278,WAVE/SPEAKER2380/023800278.WAV,I WAS ABLE TO DEFEND AGAINST IT SUCCESSFULLY,2380
023800280,WAVE/SPEAKER2380/023800280.WAV,HOPE SHE HAD A GOOD DAY MATE,2380
023800298,WAVE/SPEAKER2380/023800298.WAV,PLANTS GROW TO THE SIZE OF THE POT,2380
023800326,WAVE/SPEAKER2380/023800326.WAV,THAT KID HAD NOTHING TO DO WITH IT,2380
023800330,WAVE/SPEAKER2380/023800330.WAV,IT WAS PROBABLY ABOUT FIVE O'CLOCK IN THE MORNING,2380
023800338,WAVE/SPEAKER2380/023800338.WAV,THIS IS NO FANCY SKETCH BUT THE TRUTH,2380
023800352,WAVE/SPEAKER2380/023800352.WAV,SHE WAS LARGE AND SHE WAS KIND,2380
023800363,WAVE/SPEAKER2380/023800363.WAV,THUS FAR THEREFORE ALL WAS WELL,2380
023800368,WAVE/SPEAKER2380/023800368.WAV,THE HOUSE WAS VERY STILL,2380
024020047,WAVE/SPEAKER2402/024020047.WAV,ARE YOU GOING TO HAVE ANOTHER DRINK,2402
024020051,WAVE/SPEAKER2402/024020051.WAV,AS OF MONDAY MORNING THE POST IS STILL UP,2402
024020053,WAVE/SPEAKER2402/024020053.WAV,THAT'S A LONG WAY TO RUN,2402
024020069,WAVE/SPEAKER2402/024020069.WAV,THERE WAS NO REQUEST MADE FOR THE GUARD TODAY,2402
024020084,WAVE/SPEAKER2402/024020084.WAV,HE'S HONEST TO BE THE BONE,2402
024020142,WAVE/SPEAKER2402/024020142.WAV,INTERESTED IN LEARNING MORE ABOUT THE EVENTS I PRODUCE,2402
024020158,WAVE/SPEAKER2402/024020158.WAV,WELL TIME FOR ME TO GO TO SLEEP,2402
024020175,WAVE/SPEAKER2402/024020175.WAV,ALCOHOL IS ALWAYS THE ANSWER,2402
024020176,WAVE/SPEAKER2402/024020176.WAV,PUMPED FOR THE RETURN OF THE KING TODAY,2402
024020205,WAVE/SPEAKER2402/024020205.WAV,IT SHOULD BE A GOOD NIGHT,2402
024020233,WAVE/SPEAKER2402/024020233.WAV,SO THIS SEEMS LIKE A PRETTY BIG DEAL,2402
024020238,WAVE/SPEAKER2402/024020238.WAV,SEE ALL I HAD TO DO WAS COMPLAIN,2402
024020253,WAVE/SPEAKER2402/024020253.WAV,SPIRITUAL FORMATION IS NOT SOMETHING WE MASTER,2402
024020256,WAVE/SPEAKER2402/024020256.WAV,WINNING IS SO MUCH FUN,2402
024020260,WAVE/SPEAKER2402/024020260.WAV,BLESS SUGAR RAY AND HIS FAMILY,2402
024020265,WAVE/SPEAKER2402/024020265.WAV,HANGING OUT AT THE BEACH,2402
024020291,WAVE/SPEAKER2402/024020291.WAV,THE MOST BEAUTIFUL WOMAN IN THE UNIVERSE,2402
024020321,WAVE/SPEAKER2402/024020321.WAV,IT IS NOW TWO O'CLOCK,2402
024020328,WAVE/SPEAKER2402/024020328.WAV,HE WAS TWENTY WHEN HE LEARNED THE TRUTH ABOUT HIMSELF,2402
024020337,WAVE/SPEAKER2402/024020337.WAV,I WISH YOU TO TAKE CARE OF THESE TWO LETTERS,2402
024270011,WAVE/SPEAKER2427/024270011.WAV,MORE SNOW WAS IN THE FORECAST FOR MONDAY NIGHT,2427
024270019,WAVE/SPEAKER2427/024270019.WAV,IN THIS CASE IT'S NOT NECESSARY,2427
024270028,WAVE/SPEAKER2427/024270028.WAV,TODAY THEY ARE MORE DYNAMIC AND MORE HUMANE,2427
024270051,WAVE/SPEAKER2427/024270051.WAV,OTHERS ARE NOT QUITE SO SURE HOWEVER,2427
024270053,WAVE/SPEAKER2427/024270053.WAV,THEY ARE SO DEEP IN TALENT,2427
024270057,WAVE/SPEAKER2427/024270057.WAV,EACH TEAM STARTS AT THE SAME TIME,2427
024270077,WAVE/SPEAKER2427/024270077.WAV,BUT I SAW IT AGAIN,2427
024270127,WAVE/SPEAKER2427/024270127.WAV,WE WERE TALKING ABOUT SOCCER,2427
024270155,WAVE/SPEAKER2427/024270155.WAV,BACK AND AT JUST THE RIGHT TIME,2427
024270168,WAVE/SPEAKER2427/024270168.WAV,WHAT DO YOU THINK THOSE ARE,2427
024270176,WAVE/SPEAKER2427/024270176.WAV,STILL WAITING FOR IT TO HAPPEN,2427
024270178,WAVE/SPEAKER2427/024270178.WAV,LOOKS TO BE WORTH THE WAIT,2427
024270183,WAVE/SPEAKER2427/024270183.WAV,FEELS SO GOOD TO BE BACK TOGETHER,2427
024270197,WAVE/SPEAKER2427/024270197.WAV,LISTEN TO IT IN ALL ITS GLORY,2427
024270206,WAVE/SPEAKER2427/024270206.WAV,MASKS ARE PART OF UNIFORM,2427
024270245,WAVE/SPEAKER2427/024270245.WAV,WHEN IS IT TIME TO TALK ABOUT GUNS,2427
024270270,WAVE/SPEAKER2427/024270270.WAV,THIS IS NOT A NICE STORY IT'S TRUE,2427
024270292,WAVE/SPEAKER2427/024270292.WAV,WE SHOULD TOTALLY GO FOR A WALK,2427
024270313,WAVE/SPEAKER2427/024270313.WAV,BUT THEY MUST DO IT,2427
024270336,WAVE/SPEAKER2427/024270336.WAV,AND NOW IT'S MY TURN,2427
024300001,WAVE/SPEAKER2430/024300001.WAV,THERE MAY BE A WAY TO CHANGE ALL THAT,2430
024300052,WAVE/SPEAKER2430/024300052.WAV,NOW HE'S OPEN HE CAN SELL IT TO YOU,2430
024300061,WAVE/SPEAKER2430/024300061.WAV,IT WAS A NEW MARKET,2430
024300063,WAVE/SPEAKER2430/024300063.WAV,COULD YOU PUT HIM ON THE BOARD,2430
024300065,WAVE/SPEAKER2430/024300065.WAV,HE WAS NOT SUPPORTED BY THE PARTY THERE,2430
024300068,WAVE/SPEAKER2430/024300068.WAV,SO THEY HAVE TO GO WITH MORE SOPHISTICATE POSITIONING,2430
024300080,WAVE/SPEAKER2430/024300080.WAV,BUT IS NOT NOW,2430
024300082,WAVE/SPEAKER2430/024300082.WAV,NOW BECAUSE OF DRAGONS LOOK WHERE HE IS TODAY,2430
024300093,WAVE/SPEAKER2430/024300093.WAV,THERE IS ALWAYS THE QUESTION OF WHAT WILL FOLLOW,2430
024300099,WAVE/SPEAKER2430/024300099.WAV,THE ECONOMY IS FAR FROM SOUND,2430
024300118,WAVE/SPEAKER2430/024300118.WAV,KEEP IN TOUCH HAVE A GREAT WEEKEND,2430
024300131,WAVE/SPEAKER2430/024300131.WAV,I MEAN IT WAS THE LAST SUPPER,2430
024300132,WAVE/SPEAKER2430/024300132.WAV,WELL THANKS FOR THE CONSIDERATION,2430
024300135,WAVE/SPEAKER2430/024300135.WAV,HE ALWAYS KNOWS HOW TO MAKE ME FEEL BETTER,2430
024300189,WAVE/SPEAKER2430/024300189.WAV,IT'S WEDNESDAY YOU KNOW THE DRILL,2430
024300221,WAVE/SPEAKER2430/024300221.WAV,ENOUGH OF THE TIME LOOP,2430
024300270,WAVE/SPEAKER2430/024300270.WAV,IT IS SUCH A GOOD FIRM,2430
024300330,WAVE/SPEAKER2430/024300330.WAV,AT FIRST HE COULD NOT SPEAK,2430
024300345,WAVE/SPEAKER2430/024300345.WAV,AND NOW I GO DOWN TO LOOK AT IT,2430
024300360,WAVE/SPEAKER2430/024300360.WAV,SHE WAS BROAD AT THIS SHOULDERS,2430
024500006,WAVE/SPEAKER2450/024500006.WAV,THREE AND FOUR ARE THE BEST,2450
024500021,WAVE/SPEAKER2450/024500021.WAV,HE AND HIS PARENTS SAY THEY ARE NO LONGER SPEAKING,2450
024500033,WAVE/SPEAKER2450/024500033.WAV,ENOUGH OF THE TECHNICAL STUFF,2450
024500095,WAVE/SPEAKER2450/024500095.WAV,WE ALL KNOW THIS IS A TOUGH RACE TRACK,2450
024500126,WAVE/SPEAKER2450/024500126.WAV,YOU MUST HAVE A LOT,2450
024500139,WAVE/SPEAKER2450/024500139.WAV,BUT I KNOW WHAT YOU ARE,2450
024500141,WAVE/SPEAKER2450/024500141.WAV,THIS WOULD BE A VERY BUSY DAY,2450
024500147,WAVE/SPEAKER2450/024500147.WAV,I COME FROM A FAMILY OF TEACHERS,2450
024500151,WAVE/SPEAKER2450/024500151.WAV,SORRY FOR BEING A PLASTIC,2450
024500156,WAVE/SPEAKER2450/024500156.WAV,WHAT DO YOU SAY THE MOST,2450
024500164,WAVE/SPEAKER2450/024500164.WAV,WHAT AND HOW DO YOU SING,2450
024500228,WAVE/SPEAKER2450/024500228.WAV,WHERE ARE YOU GOING TO BE READY TO PLAY,2450
024500250,WAVE/SPEAKER2450/024500250.WAV,DO YOU LIKE THE COLOR OF THE SKY,2450
024500268,WAVE/SPEAKER2450/024500268.WAV,WHY IN THE WORLD AM I NOT IN THE BED,2450
024500284,WAVE/SPEAKER2450/024500284.WAV,IT'S SUNDAY NIGHT NOT THE END OF THE WORLD,2450
024500317,WAVE/SPEAKER2450/024500317.WAV,AND IN A SENSE YOU WERE RIGHT,2450
024500327,WAVE/SPEAKER2450/024500327.WAV,AND IT IS MY OWN HAND,2450
024500333,WAVE/SPEAKER2450/024500333.WAV,AS FOR THE FINAL THREE,2450
024500350,WAVE/SPEAKER2450/024500350.WAV,HE STARED AT THE STUDENTS,2450
024500363,WAVE/SPEAKER2450/024500363.WAV,THERE'S NOTHING TO DO BUT GET DRUNK,2450
026210005,WAVE/SPEAKER2621/026210005.WAV,THANK YOU AND GOD BLESS YOU ALL,2621
026210047,WAVE/SPEAKER2621/026210047.WAV,YOU TRY NOT TO THINK ABOUT THOSE KIND OF THINGS,2621
026210096,WAVE/SPEAKER2621/026210096.WAV,IT'S A VICTORY LAP FOR ME,2621
026210123,WAVE/SPEAKER2621/026210123.WAV,JUST WONDERING WHAT TO DO WITH THE CAT,2621
026210132,WAVE/SPEAKER2621/026210132.WAV,AND WHAT HAVE YOU LEARNED SO FAR,2621
026210135,WAVE/SPEAKER2621/026210135.WAV,COULD NOT BE SO PROUD,2621
026210136,WAVE/SPEAKER2621/026210136.WAV,LET'S TAKE A LOOK AT THAT,2621
026210141,WAVE/SPEAKER2621/026210141.WAV,LOT MORE TO LIFE THAN FOOTBALL,2621
026210157,WAVE/SPEAKER2621/026210157.WAV,HI ANGEL YOU NEVER KNOW WHAT WILL HAPPEN,2621
026210177,WAVE/SPEAKER2621/026210177.WAV,WAIT YOU CAN SEE THAT CAN YOU,2621
026210185,WAVE/SPEAKER2621/026210185.WAV,HOPELESSNESS IS A GREAT SIGH,2621
026210203,WAVE/SPEAKER2621/026210203.WAV,IT WAS SO GREAT TO SEE EVERYONE,2621
026210213,WAVE/SPEAKER2621/026210213.WAV,THEY TALK A LOT OF SENSE,2621
026210220,WAVE/SPEAKER2621/026210220.WAV,IT'S NOT AS SWEET WHEN YOU HAVE TO SHARE,2621
026210231,WAVE/SPEAKER2621/026210231.WAV,A LIGHT IN THE SHADOW,2621
026210242,WAVE/SPEAKER2621/026210242.WAV,HOPE TO SEE MUCH MORE OF YOU,2621
026210262,WAVE/SPEAKER2621/026210262.WAV,GREAT FIRST GAME OF THE SEASON,2621
026210287,WAVE/SPEAKER2621/026210287.WAV,IT USED TO BE CALLED A HAPPY ENDING,2621
026210299,WAVE/SPEAKER2621/026210299.WAV,AND I GET TO HEAR A LOT OF IT,2621
026210302,WAVE/SPEAKER2621/026210302.WAV,IT WAS A GREAT FUN,2621
027990028,WAVE/SPEAKER2799/027990028.WAV,HE RUNS HE BLOCKS HE CATCHES THE BALL,2799
027990046,WAVE/SPEAKER2799/027990046.WAV,WE HAVE THE EARLY SIGNS,2799
027990056,WAVE/SPEAKER2799/027990056.WAV,ON SUNDAY NONE OF THAT COUNTED FOR ANYTHING,2799
027990059,WAVE/SPEAKER2799/027990059.WAV,PEOPLE ARE GETTING BACK TO WORK,2799
027990066,WAVE/SPEAKER2799/027990066.WAV,IT SHOW THE WEAKNESS OF THE MOVEMENTS,2799
027990153,WAVE/SPEAKER2799/027990153.WAV,IN A WORLD CUP GAIN,2799
027990156,WAVE/SPEAKER2799/027990156.WAV,LOOKING FORWARD TO SEEING WHAT YOU HAVE TO OFFER,2799
027990160,WAVE/SPEAKER2799/027990160.WAV,I HAVE A NEW THING ON THE FRIDGE,2799
027990162,WAVE/SPEAKER2799/027990162.WAV,TIME TO THINK ABOUT SOMETHING ELSE FOR A WHILE,2799
027990167,WAVE/SPEAKER2799/027990167.WAV,YOU TALKED YOU CAUGHT YOU SCORED,2799
027990201,WAVE/SPEAKER2799/027990201.WAV,WHAT TO EAT IF YOU HAVE NO MONEY,2799
027990232,WAVE/SPEAKER2799/027990232.WAV,YOU SHOULD KEEP AN EYE OUT FOR THEM,2799
027990242,WAVE/SPEAKER2799/027990242.WAV,LOOKING FOR A GOOD GIFTS,2799
027990247,WAVE/SPEAKER2799/027990247.WAV,JOY CAN BE HARD TO FIND SOMETIMES,2799
027990264,WAVE/SPEAKER2799/027990264.WAV,I WILL NOT HESITATE TO CALL THE POLICE,2799
027990309,WAVE/SPEAKER2799/027990309.WAV,THE HOUSE WAS TOO BIG,2799
027990328,WAVE/SPEAKER2799/027990328.WAV,THE TOP OF ITS HEAD WAS STILL OPEN,2799
027990330,WAVE/SPEAKER2799/027990330.WAV,THE DOOR WAS OPENED WITH DIFFICULTY,2799
027990341,WAVE/SPEAKER2799/027990341.WAV,HE MARKED THEIR PROGRESS ON THE CHART,2799
027990358,WAVE/SPEAKER2799/027990358.WAV,BUT PERHAPS FOR HIM IT WAS NOT TOO LATE,2799
029810020,WAVE/SPEAKER2981/029810020.WAV,IT WOULD BE QUITE A CHALLENGE,2981
029810027,WAVE/SPEAKER2981/029810027.WAV,IT'S SORT A BIT A LITTLE BIT FORWARD AND BACK,2981
029810135,WAVE/SPEAKER2981/029810135.WAV,AND THANK YOU FOR BEING SO STRONG,2981
029810139,WAVE/SPEAKER2981/029810139.WAV,FOUND THIS IN THE COLLECTION,2981
029810147,WAVE/SPEAKER2981/029810147.WAV,HE IS IN THE HOSPITAL,2981
029810158,WAVE/SPEAKER2981/029810158.WAV,PROOF WE HAVE A GOOD TIME,2981
029810200,WAVE/SPEAKER2981/029810200.WAV,VIA WHAT DO YOU THINK,2981
029810204,WAVE/SPEAKER2981/029810204.WAV,IT'S ALL ABOUT THE CHOCOLATE,2981
029810216,WAVE/SPEAKER2981/029810216.WAV,I WOULD LIKE TO KNOW YOU,2981
029810221,WAVE/SPEAKER2981/029810221.WAV,WEIGHT IS THE ENEMY OF PERFORMANCE,2981
029810234,WAVE/SPEAKER2981/029810234.WAV,WHATEVER THE DIFFICULTY THERE'S A SOLUTION,2981
029810235,WAVE/SPEAKER2981/029810235.WAV,PRAYER IS A SOURCE OF STRENGTH AND SPIRIT,2981
029810243,WAVE/SPEAKER2981/029810243.WAV,I KNOW HOW TO DO ALL OF THEM,2981
029810283,WAVE/SPEAKER2981/029810283.WAV,BUT LOOK AT MY PARENTS,2981
029810294,WAVE/SPEAKER2981/029810294.WAV,TEXT ME IF YOU SINGLE SINGE,2981
029810301,WAVE/SPEAKER2981/029810301.WAV,HOPE WE GET TO SEE MORE,2981
029810315,WAVE/SPEAKER2981/029810315.WAV,THAT A HAT WAS NOT NECESSARY,2981
029810349,WAVE/SPEAKER2981/029810349.WAV,IT WAS ALL FOR YOU THAT I THOUGHT,2981
029810350,WAVE/SPEAKER2981/029810350.WAV,LOOK BOY VIOLENCE IS THE RESORT OF THE VIOLENT,2981
029810360,WAVE/SPEAKER2981/029810360.WAV,WHY AM I A GHOST,2981
030020008,WAVE/SPEAKER3002/030020008.WAV,DO I TAKE YOU WITH ME,3002
030020012,WAVE/SPEAKER3002/030020012.WAV,WHY NOT DO AS SHE WISHED,3002
030020022,WAVE/SPEAKER3002/030020022.WAV,SHE WAS NOT HERE,3002
030020047,WAVE/SPEAKER3002/030020047.WAV,HAVE YOU SOMETHING TO SAY,3002
030020048,WAVE/SPEAKER3002/030020048.WAV,DO YOU NOT NOW YEAH KNOW IT,3002
030020065,WAVE/SPEAKER3002/030020065.WAV,SHE IS HIS MOTHER,3002
030020077,WAVE/SPEAKER3002/030020077.WAV,AND THEY WERE RIGHT,3002
030020092,WAVE/SPEAKER3002/030020092.WAV,DO NOT GO THERE MY LOVE,3002
030020100,WAVE/SPEAKER3002/030020100.WAV,I KNOW THAT HE IS SURE OF IT,3002
030020112,WAVE/SPEAKER3002/030020112.WAV,TAKE ME WITH YOU,3002
030020117,WAVE/SPEAKER3002/030020117.WAV,EVERY ONE LOVES HER,3002
030020126,WAVE/SPEAKER3002/030020126.WAV,IT'S WAS A WARM MORNING AFTER RAIN,3002
030020136,WAVE/SPEAKER3002/030020136.WAV,I WANT TO JOINING ON,3002
030020138,WAVE/SPEAKER3002/030020138.WAV,THIS WAS HER WORK,3002
030020144,WAVE/SPEAKER3002/030020144.WAV,SHE WOULD HAVE LOVED YOU,3002
030020152,WAVE/SPEAKER3002/030020152.WAV,I KNOW THE NAME TOO,3002
030020159,WAVE/SPEAKER3002/030020159.WAV,I DO KNOW OF ONE NOW,3002
030020161,WAVE/SPEAKER3002/030020161.WAV,CAN YOU GUESS HIS NAME,3002
030020162,WAVE/SPEAKER3002/030020162.WAV,THEY LOVED HER AND SHE LOVED THEM,3002
030020172,WAVE/SPEAKER3002/030020172.WAV,TOO MUCH TO BE HAPPY,3002
030200005,WAVE/SPEAKER3020/030200005.WAV,WELL IN THAT CARS TO BE SURE LET THEM GO,3020
030200011,WAVE/SPEAKER3020/030200011.WAV,THE BABY WAS HUNGRY,3020
030200016,WAVE/SPEAKER3020/030200016.WAV,THIS WAS THE ROOM,3020
030200018,WAVE/SPEAKER3020/030200018.WAV,COME WITH ME TOMORROW,3020
030200019,WAVE/SPEAKER3020/030200019.WAV,THE WITH YOU TAKE A DRINK,3020
030200021,WAVE/SPEAKER3020/030200021.WAV,OH I HAD LOVED YOU FAR SO LONG A TIME,3020
030200037,WAVE/SPEAKER3020/030200037.WAV,THIS WERE YOUR NAME WAS IT,3020
030200041,WAVE/SPEAKER3020/030200041.WAV,DO YOU WANT A DRINK,3020
030200049,WAVE/SPEAKER3020/030200049.WAV,TELL US WHO YOU ARE,3020
030200057,WAVE/SPEAKER3020/030200057.WAV,SHE LOOKED AS THE CLOCK,3020
030200076,WAVE/SPEAKER3020/030200076.WAV,WILL YOU DO THAT,3020
030200078,WAVE/SPEAKER3020/030200078.WAV,NOW THEN THERE ALL FOR YOU GO TOGETHER,3020
030200087,WAVE/SPEAKER3020/030200087.WAV,THERE COMES ONE OF THEM,3020
030200101,WAVE/SPEAKER3020/030200101.WAV,THIS IS WHY IT DOES SO,3020
030200105,WAVE/SPEAKER3020/030200105.WAV,I AM NOT A POLICEMAN,3020
030200108,WAVE/SPEAKER3020/030200108.WAV,BUT HERE HE COMES AGAIN,3020
030200137,WAVE/SPEAKER3020/030200137.WAV,TELL HER SO WITH MY LOVE,3020
030200151,WAVE/SPEAKER3020/030200151.WAV,WOULD YOU HAVE DONE IT,3020
030200153,WAVE/SPEAKER3020/030200153.WAV,I TAKE PEOPLE YOU KNOW AS I FIND THEM,3020
030200164,WAVE/SPEAKER3020/030200164.WAV,IT WOULD DO YOU A LOT OF GOOD,3020
030210005,WAVE/SPEAKER3021/030210005.WAV,I HEAR THE DOCTOR'S HORSE,3021
030210032,WAVE/SPEAKER3021/030210032.WAV,I AM LISTENING TO YOU,3021
030210041,WAVE/SPEAKER3021/030210041.WAV,I PLAY WITH IT AFTER SCHOOL,3021
030210042,WAVE/SPEAKER3021/030210042.WAV,AND SO IT IS WITH ALL OF US,3021
030210044,WAVE/SPEAKER3021/030210044.WAV,THEN HEAR THEM FATHER,3021
030210045,WAVE/SPEAKER3021/030210045.WAV,THERE YOU ARE THEN,3021
030210047,WAVE/SPEAKER3021/030210047.WAV,HE TURN BACK TO HIS WATCH,3021
030210050,WAVE/SPEAKER3021/030210050.WAV,WAS THERE ANY US,3021
030210060,WAVE/SPEAKER3021/030210060.WAV,HE WILL HELP ME FIND A ROOM,3021
030210074,WAVE/SPEAKER3021/030210074.WAV,WILL YOU TEA TELL HIM,3021
030210079,WAVE/SPEAKER3021/030210079.WAV,I DO NOT WISH TO SEE YOU AGAIN,3021
030210082,WAVE/SPEAKER3021/030210082.WAV,IT IS OVER ALREADY,3021
030210118,WAVE/SPEAKER3021/030210118.WAV,WE WERE ALL SURE OF THAT,3021
030210123,WAVE/SPEAKER3021/030210123.WAV,IS THIS WELL DONE,3021
030210137,WAVE/SPEAKER3021/030210137.WAV,BUT CARE CARE CARE,3021
030210143,WAVE/SPEAKER3021/030210143.WAV,IT IS ONLY FOUR FEET HIGH,3021
030210152,WAVE/SPEAKER3021/030210152.WAV,HE ONLY WRITES TO TELL ME A PLACE OF NEWS,3021
030210164,WAVE/SPEAKER3021/030210164.WAV,WHAT WOMAN WHO REALLY LOVED WOULD,3021
030210165,WAVE/SPEAKER3021/030210165.WAV,TELL ME WHAT YOU WOULD DO,3021
030210175,WAVE/SPEAKER3021/030210175.WAV,WHY WOULD YOU WRITE TO ME,3021
030230003,WAVE/SPEAKER3023/030230003.WAV,BUT IT'S A REALLY NICE PRISON SO,3023
030230018,WAVE/SPEAKER3023/030230018.WAV,AND HE'S NOT IN LOVE WITH ME,3023
030230056,WAVE/SPEAKER3023/030230056.WAV,ONE OF THEM TURNED ON HIM,3023
030230060,WAVE/SPEAKER3023/030230060.WAV,AUTHORITIES CLAIMS THAT THE KILLINGS WERE THE CRIME OF ANGER,3023
030230086,WAVE/SPEAKER3023/030230086.WAV,THE CASE IS STILL ON APPEAL,3023
030230092,WAVE/SPEAKER3023/030230092.WAV,I CALL UPON CONGRESS TO DO THIS IMMEDIATELY,3023
030230119,WAVE/SPEAKER3023/030230119.WAV,HURT A CANCER THINGS WILL NEVER BE THE SAME,3023
030230170,WAVE/SPEAKER3023/030230170.WAV,WHAT A DREAM COME TRUE THAT WOULD BE,3023
030230182,WAVE/SPEAKER3023/030230182.WAV,BASKET IT A LITTLE SMALL,3023
030230194,WAVE/SPEAKER3023/030230194.WAV,THE IDEA THAT THERE IS A LARGE NO,3023
030230209,WAVE/SPEAKER3023/030230209.WAV,THIS IS ALL SORTS OF DUMB,3023
030230253,WAVE/SPEAKER3023/030230253.WAV,I WAS ALL THE WAY IN FRONT,3023
030230260,WAVE/SPEAKER3023/030230260.WAV,WE HAVE TO UNDERSTAND HOW IT AFFECTS US,3023
030230276,WAVE/SPEAKER3023/030230276.WAV,I DO MY BEST WORK ON THE FLOOR,3023
030230280,WAVE/SPEAKER3023/030230280.WAV,YOU WERE SUPPOSED TO BE HERE FOR ME,3023
030230311,WAVE/SPEAKER3023/030230311.WAV,WHAT DO I KNOW ABOUT TEA,3023
030230330,WAVE/SPEAKER3023/030230330.WAV,YET SHE LOVED HIM IN SPITE OF IT ALL,3023
030230336,WAVE/SPEAKER3023/030230336.WAV,YET HE WAS AFRAID TO ACT,3023
030230340,WAVE/SPEAKER3023/030230340.WAV,HE COULD NOT UNDERTAKE TO LIVE ON THAT,3023
030230374,WAVE/SPEAKER3023/030230374.WAV,BUT THE LETTER WAS NEVER FOR HIM,3023
030460032,WAVE/SPEAKER3046/030460032.WAV,AND THIS FROM ME,3046
030460038,WAVE/SPEAKER3046/030460038.WAV,WHAT WHAT DO YOU LOCK AT ME SO HAD FOR,3046
030460048,WAVE/SPEAKER3046/030460048.WAV,THEY WANTING SOMETHING OF HIM,3046
030460051,WAVE/SPEAKER3046/030460051.WAV,WOULD YOU PLEASE TO WAIT,3046
030460052,WAVE/SPEAKER3046/030460052.WAV,WHAT WAS I TO MAKE OF IT,3046
030460071,WAVE/SPEAKER3046/030460071.WAV,WHAT WAS SHE HAS ABOUT,3046
030460085,WAVE/SPEAKER3046/030460085.WAV,WAS IT A BED,3046
030460097,WAVE/SPEAKER3046/030460097.WAV,I I WILL SEEN THAT YOU HAVE WAS YOU WANT,3046
030460106,WAVE/SPEAKER3046/030460106.WAV,WHY DO I KNOW YOU,3046
030460110,WAVE/SPEAKER3046/030460110.WAV,ALL ALL THAT WAS PAST,3046
030460114,WAVE/SPEAKER3046/030460114.WAV,BUT I WOULD LIKE TO TRY,3046
030460126,WAVE/SPEAKER3046/030460126.WAV,HAD A BIG PLACE,3046
030460133,WAVE/SPEAKER3046/030460133.WAV,NOT NOT THAT I LIKED HIM,3046
030460142,WAVE/SPEAKER3046/030460142.WAV,WE HAVE TO TAKE WHAT WE CAN GET,3046
030460146,WAVE/SPEAKER3046/030460146.WAV,HOW WOULD THE THINGS GET DONE HERE,3046
030460147,WAVE/SPEAKER3046/030460147.WAV,THE BIG BOY WERE COMING OVER ALL THE TIME,3046
030460157,WAVE/SPEAKER3046/030460157.WAV,NOR GET BACK TO THE BEGINNING,3046
030460158,WAVE/SPEAKER3046/030460158.WAV,AND THERE WAS THE PLANE,3046
030460160,WAVE/SPEAKER3046/030460160.WAV,DOES HE KNOW YOUR PHONE NUMBER,3046
030460163,WAVE/SPEAKER3046/030460163.WAV,IT WAS A NEW DAY,3046
030490010,WAVE/SPEAKER3049/030490010.WAV,SWEET YOU LOOK SO BEAUTIFUL TODAY,3049
030490013,WAVE/SPEAKER3049/030490013.WAV,ITS WAS REALLY TOO MUCH,3049
030490029,WAVE/SPEAKER3049/030490029.WAV,I LOVE ALL OF THEM,3049
030490040,WAVE/SPEAKER3049/030490040.WAV,WHAT IS ONE REALLY TO CARE FOR,3049
030490055,WAVE/SPEAKER3049/030490055.WAV,AND YOUR WILL SING TO US WILL YOUR NOT,3049
030490062,WAVE/SPEAKER3049/030490062.WAV,WHERE YOU HAVE IT NOW,3049
030490063,WAVE/SPEAKER3049/030490063.WAV,WHAT OF WHERE TO SEE THEM,3049
030490071,WAVE/SPEAKER3049/030490071.WAV,DOES HE GO ABOUT WITH THEM,3049
030490076,WAVE/SPEAKER3049/030490076.WAV,THE STORY WAS NOT NEW,3049
030490078,WAVE/SPEAKER3049/030490078.WAV,WITH THAT THEY HAD TO GO,3049
030490095,WAVE/SPEAKER3049/030490095.WAV,WILL SHE BE AT HOME THIS AFTERNOON,3049
030490126,WAVE/SPEAKER3049/030490126.WAV,THEN THEY LET HER BE,3049
030490127,WAVE/SPEAKER3049/030490127.WAV,MANY HAD COME ONLY FOR THAT DAY,3049
030490130,WAVE/SPEAKER3049/030490130.WAV,BUT WAS THAT ALL,3049
030490138,WAVE/SPEAKER3049/030490138.WAV,BUT WE WHERE TEAR THE READY,3049
030490140,WAVE/SPEAKER3049/030490140.WAV,WHAT ARE YOU DOING WITH HIM,3049
030490142,WAVE/SPEAKER3049/030490142.WAV,IT IS A LONG STORY,3049
030490166,WAVE/SPEAKER3049/030490166.WAV,WHAT WORLD SHE HAVE HAD OF HIM,3049
030490168,WAVE/SPEAKER3049/030490168.WAV,BUT I SEE HIM,3049
030490170,WAVE/SPEAKER3049/030490170.WAV,IT WAS A DRINKING GLASS,3049
030680003,WAVE/SPEAKER3068/030680003.WAV,WE HAVE TO BEGIN ARE OVER AGAIN,3068
030680005,WAVE/SPEAKER3068/030680005.WAV,I KNOW HOW GOOD YOUR ARE TO ME,3068
030680009,WAVE/SPEAKER3068/030680009.WAV,DO YOU CARE FOR BOOKS,3068
030680016,WAVE/SPEAKER3068/030680016.WAV,WHAT WAS MY GOOD NAME TO ME,3068
030680027,WAVE/SPEAKER3068/030680027.WAV,IT WAS NOT TO BE DONE,3068
030680034,WAVE/SPEAKER3068/030680034.WAV,WHO WAS THE BOY,3068
030680037,WAVE/SPEAKER3068/030680037.WAV,LET HIM COME HERE,3068
030680045,WAVE/SPEAKER3068/030680045.WAV,AND THESE WASH NO ONE THERE,3068
030680054,WAVE/SPEAKER3068/030680054.WAV,BUT WHAT DOES SHE WANT HERE,3068
030680056,WAVE/SPEAKER3068/030680056.WAV,HOW WOULD IT BE THEN,3068
030680072,WAVE/SPEAKER3068/030680072.WAV,AFTER THAT YOU MAY GO,3068
030680075,WAVE/SPEAKER3068/030680075.WAV,IT WAS AFTER BREAKFAST,3068
030680090,WAVE/SPEAKER3068/030680090.WAV,THERE IS SO MUCH IN A NAME,3068
030680092,WAVE/SPEAKER3068/030680092.WAV,IT WAS TOO BEAUTIFUL,3068
030680097,WAVE/SPEAKER3068/030680097.WAV,SHE TURNED IT OVER,3068
030680105,WAVE/SPEAKER3068/030680105.WAV,NO TEETH WERE THERE,3068
030680114,WAVE/SPEAKER3068/030680114.WAV,SHE LIKED WAKING ON HIM,3068
030680119,WAVE/SPEAKER3068/030680119.WAV,THEY MAKE ME SO HAPPY,3068
030680140,WAVE/SPEAKER3068/030680140.WAV,I KNOW IT ALL,3068
030680162,WAVE/SPEAKER3068/030680162.WAV,GET ON WITH YOUR BREAKFAST,3068
030830001,WAVE/SPEAKER3083/030830001.WAV,TELL ME WHAT YOU WANT ME TO DO,3083
030830004,WAVE/SPEAKER3083/030830004.WAV,SHE KNOWS I WOULD,3083
030830013,WAVE/SPEAKER3083/030830013.WAV,AND PEOPLE WERE BEGINNING TO SAY ITS OF YOU,3083
030830021,WAVE/SPEAKER3083/030830021.WAV,AND HOW ARE THINGS GOING ON HAIR NOW,3083
030830030,WAVE/SPEAKER3083/030830030.WAV,WE KNOW THAT WELL,3083
030830033,WAVE/SPEAKER3083/030830033.WAV,I WANTS WORK AND ITS IS MY RIGHT,3083
030830043,WAVE/SPEAKER3083/030830043.WAV,I DO NOT KNOW HIM,3083
030830069,WAVE/SPEAKER3083/030830069.WAV,YES I KNOW YOU LOVE ME,3083
030830074,WAVE/SPEAKER3083/030830074.WAV,HOW HAPPY YOU BOTH LOOK,3083
030830093,WAVE/SPEAKER3083/030830093.WAV,SHE WORD NOT SAY WHAT,3083
030830094,WAVE/SPEAKER3083/030830094.WAV,IT ME ALL BE OVER,3083
030830102,WAVE/SPEAKER3083/030830102.WAV,SHE WILL KNOW WHAT'S I WANT,3083
030830116,WAVE/SPEAKER3083/030830116.WAV,LET US GO IN TO IT,3083
030830118,WAVE/SPEAKER3083/030830118.WAV,THEN HE TURNED BACK AND LOOKED AT HER,3083
030830124,WAVE/SPEAKER3083/030830124.WAV,IN ANY CASE HE IS SURE TO LOVE HAIR BEST,3083
030830129,WAVE/SPEAKER3083/030830129.WAV,WHICH DO YOU CARE TO USE,3083
030830135,WAVE/SPEAKER3083/030830135.WAV,AND THERE WE WERE,3083
030830147,WAVE/SPEAKER3083/030830147.WAV,WHAT WERE YOU PARENTS,3083
030830154,WAVE/SPEAKER3083/030830154.WAV,STAY WITH MY MOTHER,3083
030830169,WAVE/SPEAKER3083/030830169.WAV,HE WILL HELP YOU,3083
030880003,WAVE/SPEAKER3088/030880003.WAV,THEN LET IT STAY THERE,3088
030880015,WAVE/SPEAKER3088/030880015.WAV,YOU KNOW WELL THAT,3088
030880018,WAVE/SPEAKER3088/030880018.WAV,I WILL TALK TO THE WATER,3088
030880019,WAVE/SPEAKER3088/030880019.WAV,I AM GOING TO TRY,3088
030880025,WAVE/SPEAKER3088/030880025.WAV,HOW WOULD IT BE WITH HIM THEN,3088
030880041,WAVE/SPEAKER3088/030880041.WAV,THIS WAS THAT THE POOR BOY HAD WANTED TO KNOW,3088
030880049,WAVE/SPEAKER3088/030880049.WAV,THIS IS GETTING INTERESTING,3088
030880057,WAVE/SPEAKER3088/030880057.WAV,YOU HAVE DONE WITH TRAINS,3088
030880058,WAVE/SPEAKER3088/030880058.WAV,OH I KNOW HOW TO MAKE THEM,3088
030880067,WAVE/SPEAKER3088/030880067.WAV,ALL ARE GUESS THAT IT IS DONE,3088
030880086,WAVE/SPEAKER3088/030880086.WAV,I DO NOT KNOW WHERE,3088
030880092,WAVE/SPEAKER3088/030880092.WAV,SHE PUT IT BACK,3088
030880096,WAVE/SPEAKER3088/030880096.WAV,IT WAS ALL TOO WONDERFUL,3088
030880099,WAVE/SPEAKER3088/030880099.WAV,NO GETTING OUT OF THAT,3088
030880105,WAVE/SPEAKER3088/030880105.WAV,SO IT WAS NOW,3088
030880123,WAVE/SPEAKER3088/030880123.WAV,I TURN HIM SEEN IT,3088
030880131,WAVE/SPEAKER3088/030880131.WAV,HELLO THERE WOMAN WOMAN,3088
030880146,WAVE/SPEAKER3088/030880146.WAV,I ONLY GUESSED IT,3088
030880172,WAVE/SPEAKER3088/030880172.WAV,DO NOT I KNOW YOU,3088
030880173,WAVE/SPEAKER3088/030880173.WAV,THIS ONE RIGHT HERE,3088
032080019,WAVE/SPEAKER3208/032080019.WAV,I SEE HIM THERE,3208
032080038,WAVE/SPEAKER3208/032080038.WAV,DOES SHE WANT TO SEE ME,3208
032080043,WAVE/SPEAKER3208/032080043.WAV,HERE I MAY DO SOMETHING,3208
032080056,WAVE/SPEAKER3208/032080056.WAV,GET UP I SAY,3208
032080058,WAVE/SPEAKER3208/032080058.WAV,WELL WHERE IS HE,3208
032080071,WAVE/SPEAKER3208/032080071.WAV,I HAVE HAD NO HOLIDAY,3208
032080078,WAVE/SPEAKER3208/032080078.WAV,AND SO THERE WERE TEN OF THEM,3208
032080079,WAVE/SPEAKER3208/032080079.WAV,IT IS GOOD TO BE LOVED AND TO LOVE,3208
032080083,WAVE/SPEAKER3208/032080083.WAV,BUT THIS IDEA WAS NOT OF TODAY,3208
032080088,WAVE/SPEAKER3208/032080088.WAV,OH THIS IS WONDERFUL,3208
032080092,WAVE/SPEAKER3208/032080092.WAV,THEY WILL SEE THAT YOU ARE NOT THERE,3208
032080093,WAVE/SPEAKER3208/032080093.WAV,WE ARE BOTH TWELVE YEARS OLD,3208
032080099,WAVE/SPEAKER3208/032080099.WAV,TRY YOUR NEW SHOES,3208
032080103,WAVE/SPEAKER3208/032080103.WAV,BUT IT WAS TOO MUCH,3208
032080110,WAVE/SPEAKER3208/032080110.WAV,DO YOU WANT TO KNOW MY WISH,3208
032080119,WAVE/SPEAKER3208/032080119.WAV,SURELY THAT IS NOT TOO LONG TO WAIT,3208
032080132,WAVE/SPEAKER3208/032080132.WAV,SHE HAS THAT FROM ME,3208
032080145,WAVE/SPEAKER3208/032080145.WAV,HE HAD TO DRINK ON ALL FOURS,3208
032080150,WAVE/SPEAKER3208/032080150.WAV,MY SISTER WILL MISS YOU,3208
032080161,WAVE/SPEAKER3208/032080161.WAV,THAT I CAN GIVE HIM,3208
034230011,WAVE/SPEAKER3423/034230011.WAV,WHY HAD HE TURNED,3423
034230034,WAVE/SPEAKER3423/034230034.WAV,YES THAT IS SOMETHING,3423
034230035,WAVE/SPEAKER3423/034230035.WAV,THIS IS THE FIRST,3423
034230043,WAVE/SPEAKER3423/034230043.WAV,YOU CAN PUT BUY TRIES,3423
034230051,WAVE/SPEAKER3423/034230051.WAV,HE WAS HAPPY THIS MORNING LIKE A BOY,3423
034230058,WAVE/SPEAKER3423/034230058.WAV,I HAND A SAY WHICH THEN,3423
034230063,WAVE/SPEAKER3423/034230063.WAV,AND THERE WERE THREE DAYS LIKE THIS,3423
034230072,WAVE/SPEAKER3423/034230072.WAV,THEY WERE LIKE YEARS,3423
034230079,WAVE/SPEAKER3423/034230079.WAV,BUT HE WAS GREAT,3423
034230081,WAVE/SPEAKER3423/034230081.WAV,I GUESSES YOU HAVE,3423
034230083,WAVE/SPEAKER3423/034230083.WAV,THERE USE TO BE,3423
034230085,WAVE/SPEAKER3423/034230085.WAV,NO ONE LOVE ME NOW,3423
034230108,WAVE/SPEAKER3423/034230108.WAV,TO GO ON WITH THE SORRY,3423
034230112,WAVE/SPEAKER3423/034230112.WAV,GIVE IT HERE I TELL YOU,3423
034230115,WAVE/SPEAKER3423/034230115.WAV,HE HAD HE ARM ROUND HER,3423
034230123,WAVE/SPEAKER3423/034230123.WAV,AND HERE AM I WAIT TO FOR,3423
034230141,WAVE/SPEAKER3423/034230141.WAV,BUT HE SHE LOOK UP AND IS NOT AFRAID,3423
034230154,WAVE/SPEAKER3423/034230154.WAV,IT WAS A GREAT DAY THIS,3423
034230164,WAVE/SPEAKER3423/034230164.WAV,THERE WAS NO PLAY FOR HIM NOW,3423
034230168,WAVE/SPEAKER3423/034230168.WAV,BUT GO UP I WILL,3423
036360016,WAVE/SPEAKER3636/036360016.WAV,HE LOVED ME YOU SAY,3636
036360027,WAVE/SPEAKER3636/036360027.WAV,BUT I KNOW I KNOW,3636
036360029,WAVE/SPEAKER3636/036360029.WAV,WHY MY YOU NOT COME WITH ME,3636
036360032,WAVE/SPEAKER3636/036360032.WAV,I US ONLY TWENTY THEN,3636
036360033,WAVE/SPEAKER3636/036360033.WAV,WILL YOU COME WITH ME OR WHAT,3636
036360034,WAVE/SPEAKER3636/036360034.WAV,SHE US AT HOME,3636
036360044,WAVE/SPEAKER3636/036360044.WAV,IT US FROM HER THAT IT HARD ITS BEAST TIE,3636
036360055,WAVE/SPEAKER3636/036360055.WAV,HOW CAN THEY BE RIGHT,3636
036360061,WAVE/SPEAKER3636/036360061.WAV,DO YOU NOT KNOW MY STORY,3636
036360062,WAVE/SPEAKER3636/036360062.WAV,WHY DO YOU NOT GO HOME,3636
036360071,WAVE/SPEAKER3636/036360071.WAV,I WOULD WORK SO HARD TO GET IT DONE,3636
036360106,WAVE/SPEAKER3636/036360106.WAV,YES IT WAS ALL RIGHT THIS TIME,3636
036360111,WAVE/SPEAKER3636/036360111.WAV,WHAT A SWEET SINGER YOU US WHEN YOU FIRST COME,3636
036360114,WAVE/SPEAKER3636/036360114.WAV,WHY THAT'S ALL ONE,3636
036360142,WAVE/SPEAKER3636/036360142.WAV,BUT DO NOT COME TO ME AGAIN,3636
036360151,WAVE/SPEAKER3636/036360151.WAV,I WILL TELL YOU THAT THEY DONE,3636
036360154,WAVE/SPEAKER3636/036360154.WAV,ANY OF IT ON HIM,3636
036360160,WAVE/SPEAKER3636/036360160.WAV,WHERE WHERE THEY TO GO PLEASE,3636
036360167,WAVE/SPEAKER3636/036360167.WAV,I ONLY TELL YOU WHAT I HEAR,3636
036360174,WAVE/SPEAKER3636/036360174.WAV,WILL YOU BE SORRY,3636
038370004,WAVE/SPEAKER3837/038370004.WAV,I HAVE NO IDEA OF WHAT THIS DONE,3837
038370013,WAVE/SPEAKER3837/038370013.WAV,YOU MAY DO WHAT YOU LIKE,3837
038370019,WAVE/SPEAKER3837/038370019.WAV,SHE DOES ALL THAT WOMAN CAN,3837
038370045,WAVE/SPEAKER3837/038370045.WAV,I AM CUTE WILL IN,3837
038370052,WAVE/SPEAKER3837/038370052.WAV,YES THAT IS RIGHT,3837
038370056,WAVE/SPEAKER3837/038370056.WAV,SHE WITCHES TO PLEASE YOU,3837
038370060,WAVE/SPEAKER3837/038370060.WAV,WHERE TO FIND HIM,3837
038370061,WAVE/SPEAKER3837/038370061.WAV,HAVE SOME BANANAS PLEASE,3837
038370068,WAVE/SPEAKER3837/038370068.WAV,WHY HAVE YOU DONE ALL THIS FOR ME,3837
038370070,WAVE/SPEAKER3837/038370070.WAV,HE WOULD HAVE NO ROW,3837
038370081,WAVE/SPEAKER3837/038370081.WAV,YOU KNOW WHAT I DO,3837
038370097,WAVE/SPEAKER3837/038370097.WAV,BUT WAS THIS ALL,3837
038370105,WAVE/SPEAKER3837/038370105.WAV,TAKE IT AND GO,3837
038370107,WAVE/SPEAKER3837/038370107.WAV,WILL YOU LUNCH WITH ME,3837
038370128,WAVE/SPEAKER3837/038370128.WAV,IT IS NOT TO BE DONE,3837
038370142,WAVE/SPEAKER3837/038370142.WAV,WHAT'S WILL ONLY BE THREE MONTH,3837
038370153,WAVE/SPEAKER3837/038370153.WAV,HE LOOK UP WITH AN IDEA IN HIS EYES,3837
038370160,WAVE/SPEAKER3837/038370160.WAV,YES THAT MAY BE,3837
038370167,WAVE/SPEAKER3837/038370167.WAV,BUT GO ON AND LET ME HEAR YOU,3837
038370170,WAVE/SPEAKER3837/038370170.WAV,TELL ME AFTER WHAT,3837
040050015,WAVE/SPEAKER4005/040050015.WAV,I THOUGHT HE WAS A BRILLIANT MAN,4005
040050041,WAVE/SPEAKER4005/040050041.WAV,A CIVIL SUIT AGAINST THE COUNTY IS ALSO A POSSIBILITY,4005
040050060,WAVE/SPEAKER4005/040050060.WAV,IN SPIRITUAL TERMS IT WAS A PRIVILEGE,4005
040050071,WAVE/SPEAKER4005/040050071.WAV,THAT'S VERY IMPORTANT TO ME,4005
040050094,WAVE/SPEAKER4005/040050094.WAV,NO NEED TO GIVE THE ANSWERS THEN,4005
040050107,WAVE/SPEAKER4005/040050107.WAV,SECURITY AROUND THE HOTEL IS TIGHT,4005
040050110,WAVE/SPEAKER4005/040050110.WAV,ALTHOUGH HE HAD ONLY A,4005
040050125,WAVE/SPEAKER4005/040050125.WAV,FINAL RACE OF THE SEASON TODAY,4005
040050142,WAVE/SPEAKER4005/040050142.WAV,WE ARE THE BEGINNING OF NEXT YEAR,4005
040050180,WAVE/SPEAKER4005/040050180.WAV,I LACK THE ABILITY TO GRASP THE CONCEPT OF TIME,4005
040050183,WAVE/SPEAKER4005/040050183.WAV,I NEED TO BE LOVED,4005
040050203,WAVE/SPEAKER4005/040050203.WAV,I HAVE TO LIVE WITH ME,4005
040050205,WAVE/SPEAKER4005/040050205.WAV,BUT THEN YOU COULD BE IN JAIL,4005
040050255,WAVE/SPEAKER4005/040050255.WAV,I WANT TO SEE YOU MAN,4005
040050264,WAVE/SPEAKER4005/040050264.WAV,THAT IS THE LAST TIME,4005
040050271,WAVE/SPEAKER4005/040050271.WAV,TOO LATE TO GO TO THE STORE,4005
040050281,WAVE/SPEAKER4005/040050281.WAV,I CAN HELP YOU WITH THE WEIGHT LOSS,4005
040050295,WAVE/SPEAKER4005/040050295.WAV,WHY ARE YOU GOING TO GET ONE,4005
040050306,WAVE/SPEAKER4005/040050306.WAV,I WAS GRATEFUL TO HER,4005
040050358,WAVE/SPEAKER4005/040050358.WAV,BECAUSE I CAN KEEP YOU SAFE,4005
051950005,WAVE/SPEAKER5195/051950005.WAV,SHALL I OPEN IT AND COME IN,5195
051950011,WAVE/SPEAKER5195/051950011.WAV,ASK HIM TO LOOK IN AND SEE ME,5195
051950018,WAVE/SPEAKER5195/051950018.WAV,THERE WAS A GREAT SURPRISE IN HER FACE ALSO,5195
051950025,WAVE/SPEAKER5195/051950025.WAV,GO AWAY AND LEAVE ME,5195
051950032,WAVE/SPEAKER5195/051950032.WAV,GO AWAY FROM THE TABLE,5195
051950033,WAVE/SPEAKER5195/051950033.WAV,WAS IT IN SIX HOURS THAT THE FRENCH WERE COMING,5195
051950038,WAVE/SPEAKER5195/051950038.WAV,NO THEY MUST SEE NO CHANGE,5195
051950044,WAVE/SPEAKER5195/051950044.WAV,CAN THIS TALE BE TRUE,5195
051950050,WAVE/SPEAKER5195/051950050.WAV,COME COME THIS WON'T DO,5195
051950051,WAVE/SPEAKER5195/051950051.WAV,YOUR FATHER WAS MY FRIEND,5195
051950067,WAVE/SPEAKER5195/051950067.WAV,THE FIRST DAY OF THE WAKE IS NOTHING TO IT,5195
051950075,WAVE/SPEAKER5195/051950075.WAV,I SHALL GO AND LOOK FOR SOME MONEY,5195
051950086,WAVE/SPEAKER5195/051950086.WAV,WHAT BILLS WILL THAT PAY,5195
051950088,WAVE/SPEAKER5195/051950088.WAV,SHE FOLLOWED AND LOOKED,5195
051950096,WAVE/SPEAKER5195/051950096.WAV,THE MONKEY CAN'T TAKE IT HOME,5195
051950138,WAVE/SPEAKER5195/051950138.WAV,BUT WHO ELSE WAS TO DO IT,5195
051950154,WAVE/SPEAKER5195/051950154.WAV,DO THEY BEGIN TO FORGET US,5195
051950163,WAVE/SPEAKER5195/051950163.WAV,BUT NOW THEY WERE PARTED,5195
051950164,WAVE/SPEAKER5195/051950164.WAV,IT WAS QUITE A FAMILY PARTY,5195
051950170,WAVE/SPEAKER5195/051950170.WAV,I ALSO SOON LEARNED THE WAY TO BE HUNGRY,5195
052180017,WAVE/SPEAKER5218/052180017.WAV,AND SHALL I TELL YOU WHY,5218
052180027,WAVE/SPEAKER5218/052180027.WAV,AH I COULD SEE IT,5218
052180028,WAVE/SPEAKER5218/052180028.WAV,I HAD BETTER GO ON WITH THE STORY,5218
052180037,WAVE/SPEAKER5218/052180037.WAV,I'M GOOD FOR TWENTY YEARS,5218
052180041,WAVE/SPEAKER5218/052180041.WAV,I HAVE DONE AS WELL AS I COULD,5218
052180042,WAVE/SPEAKER5218/052180042.WAV,WE SHALL HAVE THE BEST OF EVERYTHING,5218
052180046,WAVE/SPEAKER5218/052180046.WAV,AND HOW COULD HE,5218
052180068,WAVE/SPEAKER5218/052180068.WAV,BUT COULD YOU MAKE IT SO,5218
052180084,WAVE/SPEAKER5218/052180084.WAV,I'M TIRED OF IT,5218
052180090,WAVE/SPEAKER5218/052180090.WAV,WHAT COULD I DO,5218
052180093,WAVE/SPEAKER5218/052180093.WAV,IN HALF AN HOUR THE DOCTOR WOULD BE BACK,5218
052180098,WAVE/SPEAKER5218/052180098.WAV,WELL I WILL TELL YOU HOW I KNOW,5218
052180104,WAVE/SPEAKER5218/052180104.WAV,THEY WILL BEGIN TO KNOW THEMSELVES FOR WHAT THEY ARE,5218
052180112,WAVE/SPEAKER5218/052180112.WAV,I THINK THE SHAKING HURT HIS FEELINGS VERY MUCH,5218
052180117,WAVE/SPEAKER5218/052180117.WAV,VERY GOOD FOR TRAVELERS,5218
052180124,WAVE/SPEAKER5218/052180124.WAV,THEIR LOOKS WERE BIG WITH SOME IMPORTANT NEWS,5218
052180137,WAVE/SPEAKER5218/052180137.WAV,WE SHALL NEVER SEE YOU FACE HERE AGAIN,5218
052180143,WAVE/SPEAKER5218/052180143.WAV,WE HAD BECOME WELL USE TO THE CLOTHES,5218
052180146,WAVE/SPEAKER5218/052180146.WAV,I SHALL NEVER BE WHAT HE WAS,5218
052180160,WAVE/SPEAKER5218/052180160.WAV,THE MORNING THAT WE PARTED TOO,5218
054010004,WAVE/SPEAKER5401/054010004.WAV,THE DOCTOR ASKED LEAVE TO SAY ONE WORD MORE,5401
054010009,WAVE/SPEAKER5401/054010009.WAV,AFTER LUNCH SHE READS NEWSPAPERS,5401
054010014,WAVE/SPEAKER5401/054010014.WAV,WITH MY OWN HAND,5401
054010032,WAVE/SPEAKER5401/054010032.WAV,BETTER LUCK NEXT TIME,5401
054010046,WAVE/SPEAKER5401/054010046.WAV,ELSE WHY SHOULD WE COME,5401
054010051,WAVE/SPEAKER5401/054010051.WAV,I'LL TAKE CARE OF DAD,5401
054010055,WAVE/SPEAKER5401/054010055.WAV,YOU'RE A NICE WOMAN,5401
054010061,WAVE/SPEAKER5401/054010061.WAV,NOT THE SEA SURELY,5401
054010072,WAVE/SPEAKER5401/054010072.WAV,SHALL I JUMP OUT,5401
054010079,WAVE/SPEAKER5401/054010079.WAV,OF THESE THREE ALL DAUGHTERS LIVED TO GROW UP,5401
054010091,WAVE/SPEAKER5401/054010091.WAV,MOTHER AND SON TALKED TOGETHER,5401
054010095,WAVE/SPEAKER5401/054010095.WAV,AND WITHOUT ANY MORE GROUNDS,5401
054010105,WAVE/SPEAKER5401/054010105.WAV,SHE OPEN THE WINDOW EAT,5401
054010107,WAVE/SPEAKER5401/054010107.WAV,FINE FIND FINE COULD BE ONLY BE,5401
054010123,WAVE/SPEAKER5401/054010123.WAV,YOUR DAUGHTER LOVES ME,5401
054010130,WAVE/SPEAKER5401/054010130.WAV,WEST IS THE NAME,5401
054010136,WAVE/SPEAKER5401/054010136.WAV,THESE ARE THINGS WHICH A MAN CANNOT FORGET,5401
054010148,WAVE/SPEAKER5401/054010148.WAV,ALONE IN HIS ROOM,5401
054010155,WAVE/SPEAKER5401/054010155.WAV,WE ARE BORN COUSINS,5401
054010165,WAVE/SPEAKER5401/054010165.WAV,I'M GLAD BECAUSE I LOVE DRIVING,5401
054080004,WAVE/SPEAKER5408/054080004.WAV,THEN EACH LOOKED OUT OF THE WINDOW,5408
054080008,WAVE/SPEAKER5408/054080008.WAV,NOTHING BUT GOOD FROM THIS,5408
054080011,WAVE/SPEAKER5408/054080011.WAV,NOW HE WAS GOING AWAY,5408
054080019,WAVE/SPEAKER5408/054080019.WAV,YOU MAY TAKE HER OR LEAVE HER,5408
054080021,WAVE/SPEAKER5408/054080021.WAV,THEY WERE NEVER AN HOUR ALONE,5408
054080033,WAVE/SPEAKER5408/054080033.WAV,BUT A GREAT STRONG MAN,5408
054080035,WAVE/SPEAKER5408/054080035.WAV,I DON'T WANT PEOPLE TO GIVE ME THEIR MONEY,5408
054080042,WAVE/SPEAKER5408/054080042.WAV,IT WAS FAR FAR AWAY BY THIS TIME,5408
054080065,WAVE/SPEAKER5408/054080065.WAV,AND THE THREE TURNED AWAY,5408
054080081,WAVE/SPEAKER5408/054080081.WAV,YOU HAVE DONE THAT WHICH MUST MAKE A FATHER ANGRY,5408
054080109,WAVE/SPEAKER5408/054080109.WAV,THE LITTLE MAN WAS DOING THE SAME FOR ME,5408
054080123,WAVE/SPEAKER5408/054080123.WAV,SHALL YOU TURN ME OUT,5408
054080138,WAVE/SPEAKER5408/054080138.WAV,WELL THAT WAS TRUE IN PART,5408
054080150,WAVE/SPEAKER5408/054080150.WAV,AND LOOKING UP HE SAW HIM,5408
054080151,WAVE/SPEAKER5408/054080151.WAV,I MUST WASH MY HANDS FIRST,5408
054080154,WAVE/SPEAKER5408/054080154.WAV,BUT WHAT A CAPITAL WORLD IT IS,5408
054080163,WAVE/SPEAKER5408/054080163.WAV,HE MUST LEAVE HIS MONEY TO SOMEBODY,5408
054080165,WAVE/SPEAKER5408/054080165.WAV,I MUST DO SOMETHING FOR MY LIVING,5408
054080167,WAVE/SPEAKER5408/054080167.WAV,THEY CAN ONLY GO BACK ON THEMSELVES,5408
054080174,WAVE/SPEAKER5408/054080174.WAV,THE GREAT WORK IT SHALL BE CARRY ON,5408
054140003,WAVE/SPEAKER5414/054140003.WAV,YOU SHALL GO WITH HIM,5414
054140010,WAVE/SPEAKER5414/054140010.WAV,HOW COULD SHE LIVE AND WHAT WOULD SHE DO,5414
054140015,WAVE/SPEAKER5414/054140015.WAV,I DON'T KNOW THEM,5414
054140019,WAVE/SPEAKER5414/054140019.WAV,WE ARE NOT TOO LATE,5414
054140021,WAVE/SPEAKER5414/054140021.WAV,THAT THEY COULD NOT TELL US,5414
054140039,WAVE/SPEAKER5414/054140039.WAV,THEN SHALL WE LIVE,5414
054140051,WAVE/SPEAKER5414/054140051.WAV,IT IS YOU WHO MUST GO,5414
054140057,WAVE/SPEAKER5414/054140057.WAV,LET ME READ IT TO YOU,5414
054140077,WAVE/SPEAKER5414/054140077.WAV,HOW WAS SHE TO TAKE ANY PRESENT FROM HIM NOW,5414
054140098,WAVE/SPEAKER5414/054140098.WAV,BUT YOU MUST NOT FORGET ME,5414
054140104,WAVE/SPEAKER5414/054140104.WAV,I NEVER PART WITH THEM,5414
054140106,WAVE/SPEAKER5414/054140106.WAV,I MUST HAVE IT,5414
054140113,WAVE/SPEAKER5414/054140113.WAV,I ASKED FOR NOTHING,5414
054140115,WAVE/SPEAKER5414/054140115.WAV,I SHALL HAVE THINGS TO SAY,5414
054140118,WAVE/SPEAKER5414/054140118.WAV,BUT I SHALL SPEAK OF HER AGAIN,5414
054140119,WAVE/SPEAKER5414/054140119.WAV,WHY IS IT TOO LATE,5414
054140122,WAVE/SPEAKER5414/054140122.WAV,YOU HAVE HAD YOUR OWN WAY,5414
054140127,WAVE/SPEAKER5414/054140127.WAV,YOU SHALL NOT BE THE ONE TO GO,5414
054140154,WAVE/SPEAKER5414/054140154.WAV,WHAT ELSE COULD ONE SAY,5414
054140158,WAVE/SPEAKER5414/054140158.WAV,SHE WANTED TO SEE HIS FACE AGAIN,5414
054180014,WAVE/SPEAKER5418/054180014.WAV,DON'T LET GO MY HAND,5418
054180015,WAVE/SPEAKER5418/054180015.WAV,NO CLOTHES NO MONEY,5418
054180021,WAVE/SPEAKER5418/054180021.WAV,YOU LIKE YOUR ART BETTER THAN YOU FRIENDS,5418
054180022,WAVE/SPEAKER5418/054180022.WAV,IT HAS PASSED INTO OTHER HANDS NOW,5418
054180029,WAVE/SPEAKER5418/054180029.WAV,NOTHING FOR NOTHING YOUNG MAN,5418
054180033,WAVE/SPEAKER5418/054180033.WAV,HIS MIND WAS BUSY,5418
054180059,WAVE/SPEAKER5418/054180059.WAV,I CAN'T BE DIFFERENT,5418
054180063,WAVE/SPEAKER5418/054180063.WAV,HIS FACE WAS COLD,5418
054180075,WAVE/SPEAKER5418/054180075.WAV,COULD YOU BEAR IT,5418
054180076,WAVE/SPEAKER5418/054180076.WAV,FOR A TIME HE COULD NOT FIND WORDS,5418
054180077,WAVE/SPEAKER5418/054180077.WAV,WHO ELSE SAYS SO,5418
054180079,WAVE/SPEAKER5418/054180079.WAV,I'M NOT BIG ENOUGH,5418
054180087,WAVE/SPEAKER5418/054180087.WAV,OUR MEETING COULD NOT HAVE HAPPENED BETTER,5418
054180091,WAVE/SPEAKER5418/054180091.WAV,THEN THE STORY WAS FINISHED,5418
054180096,WAVE/SPEAKER5418/054180096.WAV,I LIKE TO MEET HIM,5418
054180111,WAVE/SPEAKER5418/054180111.WAV,I HOPE YOU DON'T MIND DRIVING,5418
054180123,WAVE/SPEAKER5418/054180123.WAV,I HAD LEARNED WHAT I NEEDED,5418
054180126,WAVE/SPEAKER5418/054180126.WAV,NEVER AGAIN COULD SHE CLOSE THEM,5418
054180130,WAVE/SPEAKER5418/054180130.WAV,BUT THEY MUST BE NICE ONES LIKE YOURS YOU KNOW,5418
054180174,WAVE/SPEAKER5418/054180174.WAV,MEET ME HERE AT THE SAME HOUR TOMORROW,5418
054240002,WAVE/SPEAKER5424/054240002.WAV,AT THAT TIME TOO OF ALL OTHERS,5424
054240025,WAVE/SPEAKER5424/054240025.WAV,HIS OWN GIRL MIND YOU,5424
054240038,WAVE/SPEAKER5424/054240038.WAV,IT WAS PART OF OUR WORK,5424
054240039,WAVE/SPEAKER5424/054240039.WAV,IN THE AFTERNOON I SAW HIM,5424
054240048,WAVE/SPEAKER5424/054240048.WAV,AND I DON'T ALWAYS TRY,5424
054240053,WAVE/SPEAKER5424/054240053.WAV,HOW MANY PEOPLE ARE THERE IN MY FAMILY,5424
054240079,WAVE/SPEAKER5424/054240079.WAV,I CANNOT ASK YOU,5424
054240091,WAVE/SPEAKER5424/054240091.WAV,COULD IT SEE HIM,5424
054240093,WAVE/SPEAKER5424/054240093.WAV,WHERE MUST I GO,5424
054240094,WAVE/SPEAKER5424/054240094.WAV,LOOK AT MY FACE,5424
054240097,WAVE/SPEAKER5424/054240097.WAV,HERE IT IS AND YOU CAN READ FOR YOURSELF,5424
054240099,WAVE/SPEAKER5424/054240099.WAV,SHE HAD NOT AGAIN I LEARNED TO LOVE HER COUSIN,5424
054240109,WAVE/SPEAKER5424/054240109.WAV,YOU MUST DO YOU BEST,5424
054240115,WAVE/SPEAKER5424/054240115.WAV,SHE WAS ALONE HIS LIGHT LOST,5424
054240116,WAVE/SPEAKER5424/054240116.WAV,AND CAN YOU TEACH ME THEN,5424
054240117,WAVE/SPEAKER5424/054240117.WAV,I SURE GET MY HAND OUT,5424
054240125,WAVE/SPEAKER5424/054240125.WAV,BUT YOU SHALL LISTEN TO ME,5424
054240126,WAVE/SPEAKER5424/054240126.WAV,BUT THERE WERE OTHERS ALSO PRESENT,5424
054240138,WAVE/SPEAKER5424/054240138.WAV,BUT YOU MUST HAVE SOMETHING TO EAT,5424
054240152,WAVE/SPEAKER5424/054240152.WAV,NO ONE SAW IT FOR A MOMENT OR SO,5424
055510024,WAVE/SPEAKER5551/055510024.WAV,I HAVE LIVED IN THE PLACE,5551
055510029,WAVE/SPEAKER5551/055510029.WAV,WHEN COULD WE DO IT,5551
055510046,WAVE/SPEAKER5551/055510046.WAV,SHE IS BETTER OFF THAN I CAN MAKE HER,5551
055510061,WAVE/SPEAKER5551/055510061.WAV,BUT SHE COULD NEVER BE CROSS WITH HIM,5551
055510067,WAVE/SPEAKER5551/055510067.WAV,HE WOULD BE GOING AWAY,5551
055510070,WAVE/SPEAKER5551/055510070.WAV,FOR AN HOUR THEY WALKED AND TALKED,5551
055510078,WAVE/SPEAKER5551/055510078.WAV,AND NOW GO AWAY,5551
055510079,WAVE/SPEAKER5551/055510079.WAV,YOU MAY SAY THAT TURNED,5551
055510084,WAVE/SPEAKER5551/055510084.WAV,THEN SHE WAS LEFT ALONE,5551
055510088,WAVE/SPEAKER5551/055510088.WAV,WHAT IS BIG AND WHAT IS LITTLE,5551
055510093,WAVE/SPEAKER5551/055510093.WAV,AND YOU'RE THE SAME MAN TOO,5551
055510096,WAVE/SPEAKER5551/055510096.WAV,SHE COULD NOT FACE IT,5551
055510100,WAVE/SPEAKER5551/055510100.WAV,YOU SHALL SOON HAVE HER BACK,5551
055510110,WAVE/SPEAKER5551/055510110.WAV,I COULD NEVER LOVE YOU AGAIN,5551
055510122,WAVE/SPEAKER5551/055510122.WAV,FOURTEEN FIFTEEN EIGHTEEN HOURS A DAY,5551
055510130,WAVE/SPEAKER5551/055510130.WAV,WAS IT NOT BY HIS DONE WILL,5551
055510143,WAVE/SPEAKER5551/055510143.WAV,WHO WOULD HAVE BROKEN THE NEWS TO THE FATHER,5551
055510156,WAVE/SPEAKER5551/055510156.WAV,I SHOULD CALL IT SOMETHING ELSE,5551
055510164,WAVE/SPEAKER5551/055510164.WAV,FATHER IS ALONE YOU WILL BE GLAD TO SEE YOU,5551
055510165,WAVE/SPEAKER5551/055510165.WAV,IT WAS VERY IMPORTANT,5551
060100004,WAVE/SPEAKER6010/060100004.WAV,SHE TURNED ROUND AS THEY ENTERED,6010
060100009,WAVE/SPEAKER6010/060100009.WAV,THE VOICE CAME FROM ABOVE THEM,6010
060100031,WAVE/SPEAKER6010/060100031.WAV,HE IS MADE SO AS NOT TO BE AFRAID,6010
060100034,WAVE/SPEAKER6010/060100034.WAV,WHAT WHAT DID HE WANT THERE,6010
060100037,WAVE/SPEAKER6010/060100037.WAV,THAT'S WAS THE DIFFERENCE,6010
060100041,WAVE/SPEAKER6010/060100041.WAV,THERE WHERE NO MEANS OF DOING IT,6010
060100047,WAVE/SPEAKER6010/060100047.WAV,BUT SUCH IS THE WAY ALL THE GREAT,6010
060100066,WAVE/SPEAKER6010/060100066.WAV,THEY ALL SAID GOODBYE,6010
060100081,WAVE/SPEAKER6010/060100081.WAV,I DID MYSELF SO I KNOW WHAT THIS LIKE,6010
060100092,WAVE/SPEAKER6010/060100092.WAV,I WENT OUT LAST,6010
060100100,WAVE/SPEAKER6010/060100100.WAV,WOMEN SAY THOSE THINGS BUT NEVER DO THEM,6010
060100101,WAVE/SPEAKER6010/060100101.WAV,THESE VISITED SHE RETURNED,6010
060100105,WAVE/SPEAKER6010/060100105.WAV,IT IS SO NATURE IS MADE,6010
060100124,WAVE/SPEAKER6010/060100124.WAV,AS I COULD,6010
060100128,WAVE/SPEAKER6010/060100128.WAV,SOME OF THE MEN WHERE TALKING AWAY THE TABLES,6010
060100132,WAVE/SPEAKER6010/060100132.WAV,MY DAUGHTER YOU MUST RETURN TO YOUR PLACE,6010
060100147,WAVE/SPEAKER6010/060100147.WAV,IT WAS MY LAST WEEK THERE,6010
060100154,WAVE/SPEAKER6010/060100154.WAV,HE LOOKED AROUND HIM AND BEGAN,6010
060100159,WAVE/SPEAKER6010/060100159.WAV,THE OTHER HAVE ALL RETURN,6010
060100164,WAVE/SPEAKER6010/060100164.WAV,AND HE WENT BACK FOR MORE,6010
060480005,WAVE/SPEAKER6048/060480005.WAV,FOR THESE HE TOOK THE MONEY,6048
060480008,WAVE/SPEAKER6048/060480008.WAV,WHAT DID YOU NOT LET ASK KNOW,6048
060480012,WAVE/SPEAKER6048/060480012.WAV,IT OFTEN HAPPENS SO IN LIFE,6048
060480018,WAVE/SPEAKER6048/060480018.WAV,BUT YOU SIDE JUST NOW,6048
060480037,WAVE/SPEAKER6048/060480037.WAV,WHAT IS THERE SUCH A PLACE,6048
060480050,WAVE/SPEAKER6048/060480050.WAV,I HAD HIT HIM AT LEST,6048
060480082,WAVE/SPEAKER6048/060480082.WAV,LET US GO SET SHOE,6048
060480084,WAVE/SPEAKER6048/060480084.WAV,HE STOPPED IN HIS WALK AND LOOKED AROUND,6048
060480090,WAVE/SPEAKER6048/060480090.WAV,SHE CAME UP TO MY WITH MY SISTER,6048
060480094,WAVE/SPEAKER6048/060480094.WAV,SHE DID EVERYTHING SO WELL,6048
060480102,WAVE/SPEAKER6048/060480102.WAV,HE THEN WENT AWAY,6048
060480104,WAVE/SPEAKER6048/060480104.WAV,AND SO HER LIFE WAS ONE OF LOVE,6048
060480131,WAVE/SPEAKER6048/060480131.WAV,LITTLE BY LITTLE THE BOYS BEGAN TALKING AGAIN,6048
060480134,WAVE/SPEAKER6048/060480134.WAV,SHE MAY BE PHONE,6048
060480135,WAVE/SPEAKER6048/060480135.WAV,SHE WENT BACK INTO THE LIE LIBRARY,6048
060480145,WAVE/SPEAKER6048/060480145.WAV,WHAT DID YOU WANT TO SEE ME ABOUT,6048
060480147,WAVE/SPEAKER6048/060480147.WAV,WERE STAY AT NINE,6048
060480148,WAVE/SPEAKER6048/060480148.WAV,DECIDE IT WHO CAN I CANNOT,6048
060480168,WAVE/SPEAKER6048/060480168.WAV,HE KIT ME BY THE ARM,6048
060480169,WAVE/SPEAKER6048/060480169.WAV,FOURTEEN FEEL AWAY AND THAT LEFT ONE,6048
061210013,WAVE/SPEAKER6121/061210013.WAV,HOW COULD SHE HAVE THOUGHT THEM,6121
061210031,WAVE/SPEAKER6121/061210031.WAV,NOW IT CAME TO ME,6121
061210059,WAVE/SPEAKER6121/061210059.WAV,BUT HE THOUGHT BETTER OF IT,6121
061210060,WAVE/SPEAKER6121/061210060.WAV,THEY HAD NO ENOUGH SPORT FOR ONE DAY,6121
061210063,WAVE/SPEAKER6121/061210063.WAV,VERY WELL I HAVE NO MORE QUESTIONS TO ASK,6121
061210068,WAVE/SPEAKER6121/061210068.WAV,I TOOK MY HEAD IN MY HANDS AND THOUGHT,6121
061210069,WAVE/SPEAKER6121/061210069.WAV,AFTER A TIME HE TOOK UP HIS STORY,6121
061210071,WAVE/SPEAKER6121/061210071.WAV,WHAT MORE DID SHE SAY,6121
061210075,WAVE/SPEAKER6121/061210075.WAV,GOT THAT HAVE YOU,6121
061210086,WAVE/SPEAKER6121/061210086.WAV,HE DID IT FOR ME,6121
061210095,WAVE/SPEAKER6121/061210095.WAV,THAT MADE ALL THE DIFFERENCE,6121
061210109,WAVE/SPEAKER6121/061210109.WAV,I PASS HALF MY LIFE IN THE WOODS,6121
061210128,WAVE/SPEAKER6121/061210128.WAV,DO I NEED TO TELL YOU THAT I WONDER,6121
061210129,WAVE/SPEAKER6121/061210129.WAV,OF COURSE I KNOW THAT ALL THIS IS VERY SERIOUS,6121
061210140,WAVE/SPEAKER6121/061210140.WAV,HISTORY IT IS NOT,6121
061210141,WAVE/SPEAKER6121/061210141.WAV,THE PRETTY NURSE LOOKED QUITE SORRY,6121
061210142,WAVE/SPEAKER6121/061210142.WAV,HE TOOK UP A BOOK,6121
061210147,WAVE/SPEAKER6121/061210147.WAV,MEN HOPED AND WERE AFRAID TO HOPE,6121
061210148,WAVE/SPEAKER6121/061210148.WAV,AND DID YOU HEAR NOTHING,6121
061210174,WAVE/SPEAKER6121/061210174.WAV,EVERYONE STARTED WITH SURPRISE,6121
064010049,WAVE/SPEAKER6401/064010049.WAV,WHY BREAK EVERY TIE,6401
064010056,WAVE/SPEAKER6401/064010056.WAV,THE CHILDREN PRESENTLY RETURNED,6401
064010057,WAVE/SPEAKER6401/064010057.WAV,THE GIRL STOPED SHORT,6401
064010066,WAVE/SPEAKER6401/064010066.WAV,OR WHY DID NOT JOB GO,6401
064010067,WAVE/SPEAKER6401/064010067.WAV,THE HAND JUST WHERE HE WISHED,6401
064010086,WAVE/SPEAKER6401/064010086.WAV,PROUD OLD FAMILIES I GUESS,6401
064010092,WAVE/SPEAKER6401/064010092.WAV,CAMPED AT OUR OLD PLACE,6401
064010093,WAVE/SPEAKER6401/064010093.WAV,AND THEN MY AUNT USE TO CRY,6401
064010103,WAVE/SPEAKER6401/064010103.WAV,SHE STAMPS HER FOOT,6401
064010107,WAVE/SPEAKER6401/064010107.WAV,OUR TRIP BEGAN BADLY,6401
064010109,WAVE/SPEAKER6401/064010109.WAV,WOULD SHE WIN HIM,6401
064010120,WAVE/SPEAKER6401/064010120.WAV,KNOWING CAME BY SEEING,6401
064010123,WAVE/SPEAKER6401/064010123.WAV,PRESENTLY THE SNOW CAME,6401
064010135,WAVE/SPEAKER6401/064010135.WAV,LIVELY NOW LIVELY MEN,6401
064010141,WAVE/SPEAKER6401/064010141.WAV,THREE MEN IN RED COAT CAME,6401
064010150,WAVE/SPEAKER6401/064010150.WAV,THE BOX WAS LARGE AND IMPORTANT NEAR THE STAGE,6401
064010161,WAVE/SPEAKER6401/064010161.WAV,I WENT TO THE SEA WORLD TO SEE BEAUTIFUL FISHES,6401
064010164,WAVE/SPEAKER6401/064010164.WAV,ALL MEN JUMPPED THEIR HANDS,6401
064010172,WAVE/SPEAKER6401/064010172.WAV,AN EXAMPLE MUST BE MADE,6401
064010173,WAVE/SPEAKER6401/064010173.WAV,MINUTE AFTER MINUTE WENT BY,6401
065040005,WAVE/SPEAKER6504/065040005.WAV,WE CANNOT TAKE FROM THEM WHAT THEY HAVE NOT GOT,6504
065040007,WAVE/SPEAKER6504/065040007.WAV,THEN SHE TURNED AND WENT,6504
065040009,WAVE/SPEAKER6504/065040009.WAV,THERE IS ALREADY A PRETTY LARGER COLLECTION,6504
065040011,WAVE/SPEAKER6504/065040011.WAV,I DID NOT GO NEAR THE TREE,6504
065040028,WAVE/SPEAKER6504/065040028.WAV,I DO NOT WONDER AT HER FLYING FROM HIM,6504
065040042,WAVE/SPEAKER6504/065040042.WAV,FOR YEARS THIS WENT ON,6504
065040044,WAVE/SPEAKER6504/065040044.WAV,YOUR MOTHER WILL RIDE HOME WITH ME,6504
065040045,WAVE/SPEAKER6504/065040045.WAV,SHE WENT OUT WITH DIRTY CAPS,6504
065040049,WAVE/SPEAKER6504/065040049.WAV,YOU MUST DECIDE FOR YOURSELF,6504
065040077,WAVE/SPEAKER6504/065040077.WAV,SO THEY WENT INTO THE LIBRARY,6504
065040112,WAVE/SPEAKER6504/065040112.WAV,YOU FOLLOW MY MEANING,6504
065040118,WAVE/SPEAKER6504/065040118.WAV,HOW ON EARTH DID HE GET THERE,6504
065040124,WAVE/SPEAKER6504/065040124.WAV,THIS IS BECAUSE THEY EAT MEN,6504
065040125,WAVE/SPEAKER6504/065040125.WAV,I ASK FOR THE LAST TIME,6504
065040126,WAVE/SPEAKER6504/065040126.WAV,I WENT UP TO HIM,6504
065040127,WAVE/SPEAKER6504/065040127.WAV,I TOOK THE BOOK FROM HER,6504
065040133,WAVE/SPEAKER6504/065040133.WAV,WITH THAT FOR A START ALL MAY BE LEARNED,6504
065040134,WAVE/SPEAKER6504/065040134.WAV,SHE HAD TO CHOOSE WHAT TO SAY,6504
065040137,WAVE/SPEAKER6504/065040137.WAV,SHE DID NOT KNOW WHAT TO SAY,6504
065040160,WAVE/SPEAKER6504/065040160.WAV,HE MADE IT HIS HOME,6504
069120003,WAVE/SPEAKER6912/069120003.WAV,AND SHE TURNED AND WENT AWAY WITHOUT A WORD,6912
069120014,WAVE/SPEAKER6912/069120014.WAV,WE ENTERED THE ROOM,6912
069120020,WAVE/SPEAKER6912/069120020.WAV,AFTER ALL WHAT DID IT MATTER,6912
069120025,WAVE/SPEAKER6912/069120025.WAV,BUT IT DID NOT COME,6912
069120052,WAVE/SPEAKER6912/069120052.WAV,AND THEN WHAT DID SHE DO,6912
069120059,WAVE/SPEAKER6912/069120059.WAV,THEY DID NOT SEE THEM ANY MORE,6912
069120061,WAVE/SPEAKER6912/069120061.WAV,HOW WELL DID I KNOW HER,6912
069120072,WAVE/SPEAKER6912/069120072.WAV,IT TURNED US TO SILK,6912
069120083,WAVE/SPEAKER6912/069120083.WAV,MY FRIENDS FOUND WATER,6912
069120087,WAVE/SPEAKER6912/069120087.WAV,SO PRETTY AND SO YOUNG,6912
069120092,WAVE/SPEAKER6912/069120092.WAV,TOGETHER THEY HELD HIM UP,6912
069120093,WAVE/SPEAKER6912/069120093.WAV,I GOT UP AND CROSSED THE ROOM TO HIM,6912
069120094,WAVE/SPEAKER6912/069120094.WAV,SHE WANTED TO QUESTION HIM,6912
069120106,WAVE/SPEAKER6912/069120106.WAV,THEN I TOOK HIS CHILD THERE,6912
069120121,WAVE/SPEAKER6912/069120121.WAV,I WOULD NOT MYSELF SAY THAT IT IS SO,6912
069120123,WAVE/SPEAKER6912/069120123.WAV,DID I PLEASE YOU,6912
069120140,WAVE/SPEAKER6912/069120140.WAV,HE STOOD AWAY FROM HER IN HIS SHAME,6912
069120151,WAVE/SPEAKER6912/069120151.WAV,SHE HELD HER HAND TO HIM,6912
069120165,WAVE/SPEAKER6912/069120165.WAV,SHE MADE ME BETTER LAST NIGHT,6912
069120170,WAVE/SPEAKER6912/069120170.WAV,BUT WE HAVE LOST THE BEST OF MEN,6912
070010001,WAVE/SPEAKER7001/070010001.WAV,IT WAS GOOD FOR ME,7001
070010002,WAVE/SPEAKER7001/070010002.WAV,WE HAVE CLIMBED ONE STEP UP THE LADDER,7001
070010003,WAVE/SPEAKER7001/070010003.WAV,PLUS THE KIDS REALLY LIKE THE DOGS,7001
070010004,WAVE/SPEAKER7001/070010004.WAV,EVEN WHEN WE LOSE IT USUALLY A VERY CLOSE GAME,7001
070010005,WAVE/SPEAKER7001/070010005.WAV,MOSTLY THE AMERICAN COMMUNITY IN EUROPE FOLLOWS THE GAME,7001
070010006,WAVE/SPEAKER7001/070010006.WAV,WHAT HE WAS TALKING ABOUT WAS SPORTS IN GENERAL,7001
070010007,WAVE/SPEAKER7001/070010007.WAV,WAY TO HELP US ALL OUT,7001
070010008,WAVE/SPEAKER7001/070010008.WAV,LOVELY TO MAKE YOUR ACQUAINTANCE SIR,7001
070010009,WAVE/SPEAKER7001/070010009.WAV,SUCCESSFUL FIRST DAY FOR COLLEGE,7001
070010010,WAVE/SPEAKER7001/070010010.WAV,THIS IS A PRETTY GOOD PLACE TO START,7001
070010011,WAVE/SPEAKER7001/070010011.WAV,LOVE IS A STRONG MAN IN THE MIDDLE,7001
070010012,WAVE/SPEAKER7001/070010012.WAV,SOMEBODY LET ME KNOW WHEN IT'S OVER,7001
070010013,WAVE/SPEAKER7001/070010013.WAV,YOU PUT IT ON WRONG,7001
070010014,WAVE/SPEAKER7001/070010014.WAV,COMPETITION IS GOOD FOR THE INDUSTRY,7001
070010015,WAVE/SPEAKER7001/070010015.WAV,SHE LOOKED ANXIOUSLY AT THE HOUSE AND STARTED,7001
070010016,WAVE/SPEAKER7001/070010016.WAV,THEY MAY MAKE ME MORE UNHAPPY THAN I AM,7001
070010017,WAVE/SPEAKER7001/070010017.WAV,SHE WOULD BE SORRY FOR HIS DEATH,7001
070010018,WAVE/SPEAKER7001/070010018.WAV,MY PEOPLE WILL BRING YOU TO THE SHIP,7001
070010019,WAVE/SPEAKER7001/070010019.WAV,IT WAS A PROOF OF HIS FRIENDSHIP,7001
070010020,WAVE/SPEAKER7001/070010020.WAV,I FOUND I HAD NO NEED TO THINK,7001
075510004,WAVE/SPEAKER7551/075510004.WAV,I SHALL END BY FALLING IN LOVE WITH HER,7551
075510010,WAVE/SPEAKER7551/075510010.WAV,IT LOOKED LIKE ONE OF ALARM TO ME,7551
075510017,WAVE/SPEAKER7551/075510017.WAV,YOU SAY YOU ARE A BUSINESS MAN,7551
075510036,WAVE/SPEAKER7551/075510036.WAV,WE WISH ALL MAY TAKE WORRYING BY BUS,7551
075510038,WAVE/SPEAKER7551/075510038.WAV,IF SO HAD YOU NOT BETTER SHOW IT,7551
075510041,WAVE/SPEAKER7551/075510041.WAV,NOT ANYONE BUT YOU,7551
075510057,WAVE/SPEAKER7551/075510057.WAV,HE CAN STILL BE SAVED,7551
075510076,WAVE/SPEAKER7551/075510076.WAV,IS THERE ANYTHING MORE BEFORE I GO OUT,7551
075510086,WAVE/SPEAKER7551/075510086.WAV,HE PUT IT BACK IN HIS POCKET,7551
075510090,WAVE/SPEAKER7551/075510090.WAV,I COULD NEVER APPEAR BRIGHT BEFORE THE WORLD AGAIN,7551
075510091,WAVE/SPEAKER7551/075510091.WAV,TO BEEN THING I HAVE MADE UP MY MIND,7551
075510099,WAVE/SPEAKER7551/075510099.WAV,AT NIGHT I DREAM MY HANDS,7551
075510129,WAVE/SPEAKER7551/075510129.WAV,WHEN IS THERE LETTER TO GO I WONDER,7551
075510131,WAVE/SPEAKER7551/075510131.WAV,HE SPENDS A LOT OF TIME RUSHING ABOUT IN IT,7551
075510137,WAVE/SPEAKER7551/075510137.WAV,BUT THERE WAS SOMEONE ELSE,7551
075510142,WAVE/SPEAKER7551/075510142.WAV,THE WATER WAS WRONG AND WE HAD GREAT FUN,7551
075510144,WAVE/SPEAKER7551/075510144.WAV,SHE WAS BETWEEN SIXTEEN AND SEVENTEEN YEARS OLD,7551
075510163,WAVE/SPEAKER7551/075510163.WAV,NOTHING WILL PUT AN END OF TO HIM,7551
075510165,WAVE/SPEAKER7551/075510165.WAV,I THINK I CAN GUESSED AT THE PERSON,7551
075510167,WAVE/SPEAKER7551/075510167.WAV,I HUNT ALL OVER THE TOWN TO FIND IT,7551
080020001,WAVE/SPEAKER8002/080020001.WAV,BUT THAT'S ANOTHER STORY ALTOGETHER,8002
080020002,WAVE/SPEAKER8002/080020002.WAV,IT WAS VERY VERY STRANGE,8002
080020003,WAVE/SPEAKER8002/080020003.WAV,NATIONALLY THOUGH THE TREND IS BEGINNING TO TURN UPWARD AGAIN,8002
080020004,WAVE/SPEAKER8002/080020004.WAV,WORRY IS PART OF LIFE,8002
080020005,WAVE/SPEAKER8002/080020005.WAV,NO NEED FOR A DOCK,8002
080020006,WAVE/SPEAKER8002/080020006.WAV,TIME FOR A BIT OF HONOR,8002
080020007,WAVE/SPEAKER8002/080020007.WAV,CHECK OUT FOR THE WIN,8002
080020008,WAVE/SPEAKER8002/080020008.WAV,IT'S GOING TO BE A BUSY WEEK,8002
080020009,WAVE/SPEAKER8002/080020009.WAV,I HAVE NO ONE BUT MYSELF TO BLAMES FOR THIS,8002
080020010,WAVE/SPEAKER8002/080020010.WAV,WHAT A PERFECT ENDING TO THE DAY,8002
080020011,WAVE/SPEAKER8002/080020011.WAV,LOVING LIFE AND ALL THE PEOPLE IN MINE,8002
080020012,WAVE/SPEAKER8002/080020012.WAV,COOL FOR HIM TO STICK UP FOR HER,8002
080020013,WAVE/SPEAKER8002/080020013.WAV,DEPENDS ON A NUMBER OF THINGS,8002
080020014,WAVE/SPEAKER8002/080020014.WAV,THAT WAS HEAD TO SAY,8002
080020015,WAVE/SPEAKER8002/080020015.WAV,WANT TO GO FOR A WALK,8002
080020016,WAVE/SPEAKER8002/080020016.WAV,CHEERS TO A GREAT GROUP,8002
080020017,WAVE/SPEAKER8002/080020017.WAV,FIRST PLACE IN THE DIVISION,8002
080020018,WAVE/SPEAKER8002/080020018.WAV,MOVE THE STAR WITH MORE MOVES,8002
080020019,WAVE/SPEAKER8002/080020019.WAV,IT'S BEING USED TO MAKE MORE MONEY,8002
080020020,WAVE/SPEAKER8002/080020020.WAV,IT WAS DIFFICULT TO GET THERE,8002
080570004,WAVE/SPEAKER8057/080570004.WAV,YOURS IS A PRETTY BUSINESS,8057
080570009,WAVE/SPEAKER8057/080570009.WAV,DO YOU KNOW ANYTHING OF IT,8057
080570013,WAVE/SPEAKER8057/080570013.WAV,BUT SURELY THERE IS DANGER,8057
080570014,WAVE/SPEAKER8057/080570014.WAV,THEN COMES A BLANK IN THE PAPER,8057
080570031,WAVE/SPEAKER8057/080570031.WAV,IT SEEMED ALL THAT HE COULD DO TO SPEAK,8057
080570053,WAVE/SPEAKER8057/080570053.WAV,RUNNING BY ME BEATING MY ME,8057
080570067,WAVE/SPEAKER8057/080570067.WAV,HOW SHALL I DESCRIBE WHAT WE SAW,8057
080570071,WAVE/SPEAKER8057/080570071.WAV,AT LEAST I SHALL BE WITH MY OWN PEOPLE,8057
080570072,WAVE/SPEAKER8057/080570072.WAV,DRESS THEM IN BLACK AND PLACE THEM OUTSIDE MY TENT,8057
080570080,WAVE/SPEAKER8057/080570080.WAV,IF PEOPLE LAUGHED AT HER SHE LAUGHED WITH THEM,8057
080570081,WAVE/SPEAKER8057/080570081.WAV,YES I AM A ROMANTIC,8057
080570087,WAVE/SPEAKER8057/080570087.WAV,AT LEAST HE COULD KNOW,8057
080570089,WAVE/SPEAKER8057/080570089.WAV,SHE HAD STORED THEM IN HER OWN ROOM,8057
080570102,WAVE/SPEAKER8057/080570102.WAV,IS NOT EVERY MAN ABLE TO SAY WHAT HE LIKES,8057
080570127,WAVE/SPEAKER8057/080570127.WAV,THE DREAM WAS QUITE AT AN END,8057
080570138,WAVE/SPEAKER8057/080570138.WAV,SHE STOPPED FOR A MOMENT,8057
080570143,WAVE/SPEAKER8057/080570143.WAV,IT WAS A FINE NIGHT AND PRESENTLY THE MOON APPEARED,8057
080570144,WAVE/SPEAKER8057/080570144.WAV,GET YOUR UNCLE AND AUNT TO ASK HER DOWN,8057
080570146,WAVE/SPEAKER8057/080570146.WAV,HOW IS HE GETTING ALONG THIS MORNING,8057
080570157,WAVE/SPEAKER8057/080570157.WAV,THE LAND WAS STILL LONELY,8057
085850006,WAVE/SPEAKER8585/085850006.WAV,COME DOWN TO ME AS SOON AS YOU CAN,8585
085850024,WAVE/SPEAKER8585/085850024.WAV,ALL IN GOOD TIME MY DEAR,8585
085850039,WAVE/SPEAKER8585/085850039.WAV,SHE SEEMED TO BE QUIET READY FOR THIS,8585
085850042,WAVE/SPEAKER8585/085850042.WAV,WE BUY SOME NICE A CLOTHES FOR OUR SALES,8585
085850044,WAVE/SPEAKER8585/085850044.WAV,YOU SAW HER ALSO I BELIEVE,8585
085850046,WAVE/SPEAKER8585/085850046.WAV,YET SHE LET IT BE,8585
085850056,WAVE/SPEAKER8585/085850056.WAV,THAT'S WHAT IT IS TO KNOW HOW TO PAINT,8585
085850075,WAVE/SPEAKER8585/085850075.WAV,THE CHILD WAS STILL CRYING,8585
085850088,WAVE/SPEAKER8585/085850088.WAV,NO ONE WILL REMEMBER YOU,8585
085850092,WAVE/SPEAKER8585/085850092.WAV,THE THIRD BLOW WAS THE ONE THAT KILLED IT,8585
085850094,WAVE/SPEAKER8585/085850094.WAV,THE HALL WAS VERY QUIET,8585
085850101,WAVE/SPEAKER8585/085850101.WAV,PUT YOU FOOT DOWN TOO,8585
085850108,WAVE/SPEAKER8585/085850108.WAV,THE WHOLE THING WAS FAR TOO REAL FOR DREAMING,8585
085850112,WAVE/SPEAKER8585/085850112.WAV,NOT TO BE ABLE TO GET OUT,8585
085850119,WAVE/SPEAKER8585/085850119.WAV,FOR I WAS NOT YET SAFE,8585
085850120,WAVE/SPEAKER8585/085850120.WAV,HOW LONG AGO THAT SEEMED,8585
085850138,WAVE/SPEAKER8585/085850138.WAV,AS OF US WE COULD HAVE SHOUTED ALONG,8585
085850146,WAVE/SPEAKER8585/085850146.WAV,THEY WILL BE SURE IF ANY,8585
085850161,WAVE/SPEAKER8585/085850161.WAV,I HAVE COME TO ASK HIM A FEW QUESTIONS,8585
085850170,WAVE/SPEAKER8585/085850170.WAV,NEVER SAW ANYTHING LIKE IT NEVER IN MY LIFE,8585
090340002,WAVE/SPEAKER9034/090340002.WAV,ALL THE REST YOU WILL SEE LATER FOR YOURSELF,9034
090340007,WAVE/SPEAKER9034/090340007.WAV,OFFER HIM THAT FROM ME AND COME,9034
090340021,WAVE/SPEAKER9034/090340021.WAV,BUT YOUR FRIENDS ARE PROUD AND RICH,9034
090340032,WAVE/SPEAKER9034/090340032.WAV,NO CREATURE EVER WANTED SO MUCH TO LIVE,9034
090340039,WAVE/SPEAKER9034/090340039.WAV,BUT THERE WAS TROUBLE ENOUGH AT THE OTHER END,9034
090340041,WAVE/SPEAKER9034/090340041.WAV,THIS IS THE STUFF TO PUT LIFE IN YOU,9034
090340043,WAVE/SPEAKER9034/090340043.WAV,WHAT ABOUT THAT LETTER YOU WERE SPEAKING OF AT BREAKFAST,9034
090340054,WAVE/SPEAKER9034/090340054.WAV,AND THEIR HANDS MIGHT JOIN,9034
090340071,WAVE/SPEAKER9034/090340071.WAV,USE ME LIKE A STAFF,9034
090340085,WAVE/SPEAKER9034/090340085.WAV,I BY NO MEANS WISH TO DIE,9034
090340088,WAVE/SPEAKER9034/090340088.WAV,YOU CAN SEE THE REST,9034
090340090,WAVE/SPEAKER9034/090340090.WAV,BUT WHAT ELSE HAD HE A RIGHT TO EXPECT,9034
090340108,WAVE/SPEAKER9034/090340108.WAV,I HAVE MY OWN PLAN,9034
090340114,WAVE/SPEAKER9034/090340114.WAV,I ASKED WAS THE CAUSE OF THE TROUBLE WAS,9034
090340126,WAVE/SPEAKER9034/090340126.WAV,I AM NO LONGER A PARTNER IN THE HOUSE,9034
090340131,WAVE/SPEAKER9034/090340131.WAV,IT WAS MY SECRET AND HERS,9034
090340155,WAVE/SPEAKER9034/090340155.WAV,BUT IN THIS WORLD WE MUST CONSIDER OTHERS,9034
090340158,WAVE/SPEAKER9034/090340158.WAV,NOT ALL THAT MUCH ANYWAY,9034
090340164,WAVE/SPEAKER9034/090340164.WAV,HAVE YOU HAD SIGHT OF ANYTHING,9034
090340168,WAVE/SPEAKER9034/090340168.WAV,THEY REMAINED THREE HOURS AT TABLE TELLING ABOUT THEIR SPORT,9034
090700006,WAVE/SPEAKER9070/090700006.WAV,HE COULD NOT SEE HIMSELF,9070
090700008,WAVE/SPEAKER9070/090700008.WAV,ONE TWICE AND THE THIRD TIME DEATH,9070
090700019,WAVE/SPEAKER9070/090700019.WAV,I MUST START AT ONCE,9070
090700042,WAVE/SPEAKER9070/090700042.WAV,I WOULD NOT HAVE HIM BACK AGAIN IF I COULD,9070
090700045,WAVE/SPEAKER9070/090700045.WAV,AN IMPORTANT PRODUCT SUCH AS THIS,9070
090700047,WAVE/SPEAKER9070/090700047.WAV,MIGHT I ASK YOUR NAME,9070
090700054,WAVE/SPEAKER9070/090700054.WAV,HOWEVER THERE'S NO HELP FOR IT,9070
090700055,WAVE/SPEAKER9070/090700055.WAV,WOULD IT NOT BE POSSIBLE TO FIND SUCH,9070
090700057,WAVE/SPEAKER9070/090700057.WAV,HERE WE ARE THEN ALL SEATED ROUND THE TABLE,9070
090700059,WAVE/SPEAKER9070/090700059.WAV,IN CHURCH AND WAITING ON TRAINS LIKE,9070
090700065,WAVE/SPEAKER9070/090700065.WAV,THIS WAS THE PLAN THAT SUGGESTED ITSELF,9070
090700081,WAVE/SPEAKER9070/090700081.WAV,THEY ARE OUT OF THE REACH OF ACCIDENT,9070
090700082,WAVE/SPEAKER9070/090700082.WAV,THEY LIVED ON PUBLIC DEATH,9070
090700108,WAVE/SPEAKER9070/090700108.WAV,HE MIGHT MARRY A GIRL WITH MONEY,9070
090700111,WAVE/SPEAKER9070/090700111.WAV,AT LAST HOWEVER THE PARTY WAS MADE UP,9070
090700117,WAVE/SPEAKER9070/090700117.WAV,I AM AFRAID HE WILL LEAVE US WITHOUT PITY,9070
090700127,WAVE/SPEAKER9070/090700127.WAV,THIS SHALL BE THE PRICE OF HIS LIFE,9070
090700148,WAVE/SPEAKER9070/090700148.WAV,THE COUNTRY IS PLEASANT FOR EXERCISE,9070
090700164,WAVE/SPEAKER9070/090700164.WAV,I HAD AN APPOINTMENT HERE AT HALF PAST NIGHT,9070
090700172,WAVE/SPEAKER9070/090700172.WAV,I THINK WE SHOULD BUILD GOOD RELATIONSHIP WITH THEM,9070
095560005,WAVE/SPEAKER9556/095560005.WAV,I WANT TO BE ON THE SPOT TO HELP,9556
095560008,WAVE/SPEAKER9556/095560008.WAV,HE MUST CONSIDER WHAT TO DO NEXT,9556
095560010,WAVE/SPEAKER9556/095560010.WAV,SHALL I FEET HIM DOWN,9556
095560017,WAVE/SPEAKER9556/095560017.WAV,MY FATHER THINKS TO PAINT THEM,9556
095560031,WAVE/SPEAKER9556/095560031.WAV,NOTHING COULD TRUE HIM FROM HIS PURPOSE,9556
095560037,WAVE/SPEAKER9556/095560037.WAV,DO NOT BE ANXIOUS ALL IS WHERE,9556
095560051,WAVE/SPEAKER9556/095560051.WAV,HOWEVER HE PULLED HIMSELF TOGETHER QUICKLY,9556
095560054,WAVE/SPEAKER9556/095560054.WAV,HOW PLEASANT HER MANNER IS,9556
095560069,WAVE/SPEAKER9556/095560069.WAV,THE HANDS POINTED FOR FOUR OH CLOTH,9556
095560080,WAVE/SPEAKER9556/095560080.WAV,DO NOT EXPECT SO MUCH FOR MY KINDNESS,9556
095560083,WAVE/SPEAKER9556/095560083.WAV,HOWEVER I KNOW WHAT HIS ADVICE JUST NOW WOULD BE,9556
095560108,WAVE/SPEAKER9556/095560108.WAV,THESE WORDS CHEERED ME UP,9556
095560115,WAVE/SPEAKER9556/095560115.WAV,WE SHELL HAVE A SOME TROUBLE,9556
095560129,WAVE/SPEAKER9556/095560129.WAV,THERE WILL PROBABLY BE NONE,9556
095560133,WAVE/SPEAKER9556/095560133.WAV,HE AND HIS BROTHER SEEMED TO CHANGE PLACES,9556
095560150,WAVE/SPEAKER9556/095560150.WAV,HE WAS NOT A PROPER PARTNER FOR HER,9556
095560153,WAVE/SPEAKER9556/095560153.WAV,I THOUGHT IT MIGHT HAVE A REACHED YOUR AIRS,9556
095560163,WAVE/SPEAKER9556/095560163.WAV,I MIGHT AS WELL GO,9556
095560164,WAVE/SPEAKER9556/095560164.WAV,WHEN I SEE IT REACH YOUR HAND I FINE,9556
095560170,WAVE/SPEAKER9556/095560170.WAV,OH HOW PAINFUL ALL THIS IS,9556
096000002,WAVE/SPEAKER9600/096000002.WAV,BUT IT IS STILL ONLY THE FIRST QUARTER,9600
096000003,WAVE/SPEAKER9600/096000003.WAV,AND FOR ALL YOU KNOW YOU COULD BE RIGHT,9600
096000004,WAVE/SPEAKER9600/096000004.WAV,WE ARE GOING TO KILL THEM BUT NOT THAT WAY,9600
096000005,WAVE/SPEAKER9600/096000005.WAV,I HAVE LOOKED WITH MY VERY EYES ON HELL,9600
096000006,WAVE/SPEAKER9600/096000006.WAV,IT WAS LIKE THEY WERE LOST OR SOMETHING,9600
096000007,WAVE/SPEAKER9600/096000007.WAV,HE MADE NO MOVE IT WOULD COME WHAT WOULD COME,9600
096000008,WAVE/SPEAKER9600/096000008.WAV,HE WAS THERE WHEN HIS BEST FRIEND ASKED HER OUT,9600
096000009,WAVE/SPEAKER9600/096000009.WAV,WHAT WAS HE EVEN ABOUT TO SAY,9600
096000010,WAVE/SPEAKER9600/096000010.WAV,I THOUGHT I WOULD NEVER SMILE AGAIN,9600
096000011,WAVE/SPEAKER9600/096000011.WAV,YOU AND I WANT THE SAME THING,9600
096000012,WAVE/SPEAKER9600/096000012.WAV,THIS WAS THE MAN WHO HAD KILLED HIS FATHER,9600
096000013,WAVE/SPEAKER9600/096000013.WAV,THEN I SAW HIM AT ONCE,9600
096000014,WAVE/SPEAKER9600/096000014.WAV,I MUST HAVE WALKED INTO IT,9600
096000015,WAVE/SPEAKER9600/096000015.WAV,HE PUT HIS OTHER HAND ON THE WALL AS WELL,9600
096000016,WAVE/SPEAKER9600/096000016.WAV,BUT I WAS YOUNG THEN AND A LITTLE TOO CURIOUS,9600
096000017,WAVE/SPEAKER9600/096000017.WAV,SHE'S LEFT ME HERE TO FACE HIM ON MY OWN,9600
096000018,WAVE/SPEAKER9600/096000018.WAV,SHE OPENED THE DOOR AND LOOKED AROUND THE BATHROOM,9600
096000020,WAVE/SPEAKER9600/096000020.WAV,I DO THOUGH AND I AM TRYING TO MAKE DO,9600
096000021,WAVE/SPEAKER9600/096000021.WAV,IT WAS NOT LIKE SHE HAD ANY POWER OVER ANYTHING,9600
096000022,WAVE/SPEAKER9600/096000022.WAV,SHE SHOULD BE THERE IN ABOUT AN HOUR,9600
096040001,WAVE/SPEAKER9604/096040001.WAV,HE JUMPED UP BUT ALL WAS STILL ABOUT HIM,9604
096040002,WAVE/SPEAKER9604/096040002.WAV,SHE TURNED AND LOOKED AT HER OTHER FRIENDS,9604
096040004,WAVE/SPEAKER9604/096040004.WAV,IT IS ONLY FOR YOU,9604
096040005,WAVE/SPEAKER9604/096040005.WAV,THEY WOULD NEVER ACCEPT ME AS A GIRL,9604
096040006,WAVE/SPEAKER9604/096040006.WAV,I COULD SEE THAT HIS HANDS WERE SHAKING TOO,9604
096040007,WAVE/SPEAKER9604/096040007.WAV,SOON YOU WILL HAVE TO GO OUT ON YOUR OWN,9604
096040008,WAVE/SPEAKER9604/096040008.WAV,THERE WAS NO ONE LEFT,9604
096040009,WAVE/SPEAKER9604/096040009.WAV,THIS WAS NOT MY DAY,9604
096040010,WAVE/SPEAKER9604/096040010.WAV,YOU JUST KNOW THAT IT MAKES YOU FEEL GOOD RIGHT,9604
096040011,WAVE/SPEAKER9604/096040011.WAV,I WONDER WHAT WAS GOING ON OVER THERE,9604
096040012,WAVE/SPEAKER9604/096040012.WAV,SO ARE YOU HERE TO PLAY WITH ME,9604
096040014,WAVE/SPEAKER9604/096040014.WAV,IF YOU WANT TO PROVE SOMETHING THEN DO IT,9604
096040015,WAVE/SPEAKER9604/096040015.WAV,THAT WAS WHEN HE SAW IT,9604
096040016,WAVE/SPEAKER9604/096040016.WAV,THE MAN RUBBED HIS EYES AND LOOKED INTO IT AGAIN,9604
096040018,WAVE/SPEAKER9604/096040018.WAV,AND PUT A HAND DOWN TO HELP HIM UP,9604
096040019,WAVE/SPEAKER9604/096040019.WAV,THEY WALKED SLOWLY TO THE VERY END OF IT,9604
096040021,WAVE/SPEAKER9604/096040021.WAV,WHAT WAS HE DOING AT THIS MOMENT,9604
096040023,WAVE/SPEAKER9604/096040023.WAV,I AM RICH AND SO WAS MY FATHER BEFORE ME,9604
096040024,WAVE/SPEAKER9604/096040024.WAV,SHE WAS LOOKING FOR A BREATH OF LIFE,9604
096040025,WAVE/SPEAKER9604/096040025.WAV,THERE WAS NOTHING TO BE GAINED BY IT,9604
096060001,WAVE/SPEAKER9606/096060001.WAV,HE HAD COME OUT ON JOBS WITH ME BEFORE,9606
096060002,WAVE/SPEAKER9606/096060002.WAV,I JUST LOOK AT HIM,9606
096060003,WAVE/SPEAKER9606/096060003.WAV,THE TWO OF YOU WILL NEED IT,9606
096060004,WAVE/SPEAKER9606/096060004.WAV,BUT SHE IS MY LIFE,9606
096060005,WAVE/SPEAKER9606/096060005.WAV,IN HIS EYES HE ONLY SAW HER,9606
096060006,WAVE/SPEAKER9606/096060006.WAV,WE DO NOT WANT THAT TO HAPPEN NOW DO WE,9606
096060007,WAVE/SPEAKER9606/096060007.WAV,I LOOKED OVER THEM ALL,9606
096060008,WAVE/SPEAKER9606/096060008.WAV,THERE IS NO HOPE FOR ANY OF US HERE,9606
096060009,WAVE/SPEAKER9606/096060009.WAV,IT WAS AN AWFUL THING YET WHAT COULD HE DO,9606
096060010,WAVE/SPEAKER9606/096060010.WAV,YOU THOUGHT THE DREADFUL PLACE HAD YOU ONCE MORE,9606
096060011,WAVE/SPEAKER9606/096060011.WAV,I LET THE TIME GET AWAY FROM ME,9606
096060012,WAVE/SPEAKER9606/096060012.WAV,HE OPENED UP THE DOOR,9606
096060013,WAVE/SPEAKER9606/096060013.WAV,THEY HAD A LITTLE GIRL,9606
096060014,WAVE/SPEAKER9606/096060014.WAV,I TURNED TO GO THE OTHER WAY,9606
096060015,WAVE/SPEAKER9606/096060015.WAV,SHE WANTED TO SAY SOMETHING ABOUT THIS,9606
096060016,WAVE/SPEAKER9606/096060016.WAV,THIS IS WHEN ALL OF THE GUARDS BUT ONE LEFT,9606
096060017,WAVE/SPEAKER9606/096060017.WAV,HE MUST TURN AROUND TO SEE IF IT IS HER,9606
096060019,WAVE/SPEAKER9606/096060019.WAV,I SHOULD NEVER DO IT AGAIN,9606
096060020,WAVE/SPEAKER9606/096060020.WAV,I ASKED AS HE MADE A LONG PAUSE,9606
096060022,WAVE/SPEAKER9606/096060022.WAV,THAT WAS ALL SHE NEEDED TO DO RIGHT,9606
096070002,WAVE/SPEAKER9607/096070002.WAV,BUT THERE WAS NO ONE COMING HIS WAY,9607
096070003,WAVE/SPEAKER9607/096070003.WAV,HE WOULD DO IT FOR THEM YES FOR THEM,9607
096070005,WAVE/SPEAKER9607/096070005.WAV,I COULD TELL THEY WERE PLOTTING SOMETHING BUT WHAT,9607
096070006,WAVE/SPEAKER9607/096070006.WAV,IT WAS ALWAYS ABOUT HIM,9607
096070007,WAVE/SPEAKER9607/096070007.WAV,I AM NOT HAPPY WITH YOU RIGHT NOW,9607
096070008,WAVE/SPEAKER9607/096070008.WAV,THEY THOUGHT SHE WAS GOING TO WALK OUT AGAIN,9607
096070011,WAVE/SPEAKER9607/096070011.WAV,I LIKE TO SEE A MAN ENJOY HIMSELF,9607
096070012,WAVE/SPEAKER9607/096070012.WAV,WE ARE LOOKING FOR YOU,9607
096070013,WAVE/SPEAKER9607/096070013.WAV,THE OTHER TURNED BACK TO THE DOOR SHAKING HIS HEAD,9607
096070014,WAVE/SPEAKER9607/096070014.WAV,HE WALKED INTO THE ROOM HE HAD JUMPED FROM,9607
096070015,WAVE/SPEAKER9607/096070015.WAV,HE THEN ASKED ME IF I WAS AN ENGLISHMAN,9607
096070016,WAVE/SPEAKER9607/096070016.WAV,THAT WAS WHEN SHE SAW IT,9607
096070017,WAVE/SPEAKER9607/096070017.WAV,SHE HAD HER HAND OVER HER LEFT CHECK,9607
096070018,WAVE/SPEAKER9607/096070018.WAV,THIS IS THE END OF THE FIRST CHAPTER,9607
096070019,WAVE/SPEAKER9607/096070019.WAV,IT WAS TOO MUCH TO TAKE,9607
096070020,WAVE/SPEAKER9607/096070020.WAV,APART FROM THAT I HAVE VERY LITTLE TO SAY,9607
096070021,WAVE/SPEAKER9607/096070021.WAV,HE STILL HAD TO MAKE IT THROUGH THE NIGHT,9607
096070022,WAVE/SPEAKER9607/096070022.WAV,SHE STOPPED TO LOOK DOWN ON HIM,9607
096070023,WAVE/SPEAKER9607/096070023.WAV,HE TURNED AROUND AND LOOKED AT ME WHAT,9607
096070024,WAVE/SPEAKER9607/096070024.WAV,SHE WAS NOTHING BUT A MURDERER AFTER ALL,9607
096090001,WAVE/SPEAKER9609/096090001.WAV,IF HE WAS CALLED UP AGAIN HE WOULD GO AGAIN,9609
096090003,WAVE/SPEAKER9609/096090003.WAV,THE GIRL THEN LOOKED AT HER HAND,9609
096090005,WAVE/SPEAKER9609/096090005.WAV,WHAT WILL THEY DO IF SOMETHING HAPPENS TO ME,9609
096090006,WAVE/SPEAKER9609/096090006.WAV,WE HAVE THE BEST PEOPLE ON THIS,9609
096090007,WAVE/SPEAKER9609/096090007.WAV,IT WAS AS MUCH AS MY LIFE WAS WORTH,9609
096090008,WAVE/SPEAKER9609/096090008.WAV,THERE WAS NO WAY TO TELL FOR SURE,9609
096090010,WAVE/SPEAKER9609/096090010.WAV,I WANT TO KNOW WHAT HAPPENED BUT NOT NOW,9609
096090011,WAVE/SPEAKER9609/096090011.WAV,I COULD JUST BARELY SEE IT FROM HERE,9609
096090014,WAVE/SPEAKER9609/096090014.WAV,I MADE HIM LOOK ME INTO THE EYES,9609
096090015,WAVE/SPEAKER9609/096090015.WAV,THIS IS NOT GOING TO WORK,9609
096090017,WAVE/SPEAKER9609/096090017.WAV,I WAS COMPLETELY IN MY OWN WORLD RIGHT NOW,9609
096090018,WAVE/SPEAKER9609/096090018.WAV,THAT MUST NOT BE IT,9609
096090019,WAVE/SPEAKER9609/096090019.WAV,I WAS FOUND BY THEM WHEN I WAS A BABY,9609
096090020,WAVE/SPEAKER9609/096090020.WAV,BUT EVEN THAT IS PUTTING HER WILL FIRST,9609
096090021,WAVE/SPEAKER9609/096090021.WAV,SO I WILL MAKE A BARGAIN WITH YOU,9609
096090023,WAVE/SPEAKER9609/096090023.WAV,I HAVE WATCHED YOU LONG ENOUGH TO KNOW THAT,9609
096090024,WAVE/SPEAKER9609/096090024.WAV,SHE HAD ALWAYS THOUGHT OF ME AS AN ENEMY,9609
096090025,WAVE/SPEAKER9609/096090025.WAV,BUT WHERE WAS SHE THAT SHE SEEMED SO ABSENT,9609
096090026,WAVE/SPEAKER9609/096090026.WAV,HE WAS AT A BETTER PLACE,9609
096090027,WAVE/SPEAKER9609/096090027.WAV,SHE ACCEPTED IT AND PUT IT WITH HER THINGS,9609
096110001,WAVE/SPEAKER9611/096110001.WAV,THEY JUST WANTED TO MAKE SURE I WAS ALL RIGHT,9611
096110002,WAVE/SPEAKER9611/096110002.WAV,HE COULD SEE IT WISH HE COULD NOT,9611
096110003,WAVE/SPEAKER9611/096110003.WAV,BUT THE EYES WERE THE THING,9611
096110004,WAVE/SPEAKER9611/096110004.WAV,AND A GIRL AT THAT,9611
096110005,WAVE/SPEAKER9611/096110005.WAV,IT IS YOU WHO IS NO MATCH FOR ME,9611
096110006,WAVE/SPEAKER9611/096110006.WAV,YOU GET TO DO THIS JOB ON YOUR OWN,9611
096110008,WAVE/SPEAKER9611/096110008.WAV,NO ONE HAD TO KNOW,9611
096110009,WAVE/SPEAKER9611/096110009.WAV,I SAY AS I TAKE OUT MY PAPERS,9611
096110011,WAVE/SPEAKER9611/096110011.WAV,HE LEFT THEM THERE FOR A LONG TIME HANGING THERE,9611
096110012,WAVE/SPEAKER9611/096110012.WAV,I BELIEVE WE SHOULD ALL COME WITH YOU,9611
096110013,WAVE/SPEAKER9611/096110013.WAV,I THOUGHT ABOUT IT MORE,9611
096110014,WAVE/SPEAKER9611/096110014.WAV,I HAD TO TURN MYSELF AROUND AND GO BACK,9611
096110015,WAVE/SPEAKER9611/096110015.WAV,I TURNED TO LOOK BEHIND ME AND SAW NOTHING,9611
096110016,WAVE/SPEAKER9611/096110016.WAV,IT WAS THE JAPANESE MAN FROM THE OTHER NIGHT,9611
096110017,WAVE/SPEAKER9611/096110017.WAV,HE SEEMED MADE TO LIVE WITH NO ONE BUT HIMSELF,9611
096110018,WAVE/SPEAKER9611/096110018.WAV,THIS WAS GOING TO BE A GOOD FIGHT,9611
096110019,WAVE/SPEAKER9611/096110019.WAV,WHY WOULD SHE WANT HIM IN THE FIRST PLACE,9611
096110021,WAVE/SPEAKER9611/096110021.WAV,BUT THAN THERE WAS STILL HER FATHER,9611
096110022,WAVE/SPEAKER9611/096110022.WAV,WHAT ELSE IS THERE TO DO HERE,9611
096110023,WAVE/SPEAKER9611/096110023.WAV,BUT I THINK HE MIGHT BE A LITTLE MORE ENTHUSIASTIC,9611
096130001,WAVE/SPEAKER9613/096130001.WAV,I WANTED TO SEE THE WORLD,9613
096130002,WAVE/SPEAKER9613/096130002.WAV,THAT WAS ALL HE COULD THINK,9613
096130003,WAVE/SPEAKER9613/096130003.WAV,HE LOOKED AT HER FOR A LONG TIME,9613
096130004,WAVE/SPEAKER9613/096130004.WAV,AND WHAT OF THAT MAN,9613
096130005,WAVE/SPEAKER9613/096130005.WAV,SHE HAD LOVED BEFORE BUT NOT LIKE THIS,9613
096130006,WAVE/SPEAKER9613/096130006.WAV,BUT SHE WOULD BE BACK,9613
096130007,WAVE/SPEAKER9613/096130007.WAV,THERE IS NO PLACE FOR ME IN HIS HEART,9613
096130008,WAVE/SPEAKER9613/096130008.WAV,I KEEP MY EYES ON HIM,9613
096130009,WAVE/SPEAKER9613/096130009.WAV,IT SOUNDED AS IF HE WERE GOING TO SAY MORE,9613
096130010,WAVE/SPEAKER9613/096130010.WAV,THE BEST ONE I HAVE,9613
096130011,WAVE/SPEAKER9613/096130011.WAV,I JUST NEED TO GO THERE,9613
096130012,WAVE/SPEAKER9613/096130012.WAV,THEN SHE SAW THE WAY OUT,9613
096130013,WAVE/SPEAKER9613/096130013.WAV,HE THOUGHT ABOUT SOMETHING AND THEN HE ASKED,9613
096130014,WAVE/SPEAKER9613/096130014.WAV,HE WAS HE ADMITTED NEVER VERY GOOD WITH HIS HANDS,9613
096130016,WAVE/SPEAKER9613/096130016.WAV,I HAVE A GUN TO YOUR HEAD RIGHT NOW,9613
096130017,WAVE/SPEAKER9613/096130017.WAV,AND HERE YOU ARE AND YOU ARE SO PRETTY,9613
096130018,WAVE/SPEAKER9613/096130018.WAV,I WALKED INTO THE ROOM MY HAND ON HER SHOULDER,9613
096130019,WAVE/SPEAKER9613/096130019.WAV,HE TURNED AROUND TO FACE HER,9613
096130020,WAVE/SPEAKER9613/096130020.WAV,THE FIRST THING IS TO GET HIM AWAY,9613
096130021,WAVE/SPEAKER9613/096130021.WAV,I LOOK UP AT THE HOUSE,9613
096140002,WAVE/SPEAKER9614/096140002.WAV,I NEVER THOUGHT YOU WOULD BE ONE FOR THE SUBURBS,9614
096140003,WAVE/SPEAKER9614/096140003.WAV,AND THERE WAS A STRANGE LOOK IN HER EYES,9614
096140004,WAVE/SPEAKER9614/096140004.WAV,THE STUDENT THEN TURNED HIS HEAD AND LOOKED AT ME,9614
096140005,WAVE/SPEAKER9614/096140005.WAV,BUT THAT IS WHY WE ARE HERE,9614
096140006,WAVE/SPEAKER9614/096140006.WAV,SHE HAD ENOUGH OF THIS,9614
096140007,WAVE/SPEAKER9614/096140007.WAV,IT WAS SOME TIME BEFORE HE COULD SEE ANYTHING,9614
096140008,WAVE/SPEAKER9614/096140008.WAV,THERE WAS NO WAY THEY SAW HIM,9614
096140009,WAVE/SPEAKER9614/096140009.WAV,NO I DO NOT OWN THEM,9614
096140010,WAVE/SPEAKER9614/096140010.WAV,THEY WERE UP TO SOMETHING,9614
096140011,WAVE/SPEAKER9614/096140011.WAV,YOU COULD ALWAYS TELL WHAT WAS ON MY MIND,9614
096140012,WAVE/SPEAKER9614/096140012.WAV,I ASKED AS SHE CLOSED THE DOOR,9614
096140014,WAVE/SPEAKER9614/096140014.WAV,HE WILL COME BACK IN A LITTLE WHILE,9614
096140015,WAVE/SPEAKER9614/096140015.WAV,HE WALKED AROUND TO THE OTHER SIDE OF HER BED,9614
096140016,WAVE/SPEAKER9614/096140016.WAV,THAT WAS THE FIRST THING ABOUT HER THAT ATTRACTED ME,9614
096140017,WAVE/SPEAKER9614/096140017.WAV,I MUST HAVE AN END PUT TO ALL THIS,9614
096140018,WAVE/SPEAKER9614/096140018.WAV,IF NOT HOW SHOULD THEY KNOW HE WAS DEAD,9614
096140019,WAVE/SPEAKER9614/096140019.WAV,WHAT ELSE WOULD I WANT TO HAVE,9614
096140020,WAVE/SPEAKER9614/096140020.WAV,HE LOOKED OVER HIS HAND AND SMILED,9614
096140021,WAVE/SPEAKER9614/096140021.WAV,I AM THE ONE WHO MADE YOU,9614
096140022,WAVE/SPEAKER9614/096140022.WAV,I WOULD LOVE FOR US TO STAY THERE ONCE AGAIN,9614
096150003,WAVE/SPEAKER9615/096150003.WAV,I ASKED WITH A SMILE ON MY FACE,9615
096150005,WAVE/SPEAKER9615/096150005.WAV,BUT SHE HAD LEFT THAT LIFE BEHIND NOW TOO,9615
096150006,WAVE/SPEAKER9615/096150006.WAV,THERE WAS NO WAY SOMETHING LIKE THIS COULD BE REALITY,9615
096150007,WAVE/SPEAKER9615/096150007.WAV,SHE HAD MADE UP HER MIND IN ALL GOOD FAITH,9615
096150009,WAVE/SPEAKER9615/096150009.WAV,THEY WERE GOING TO SEND HER BACK IN TIME,9615
096150010,WAVE/SPEAKER9615/096150010.WAV,THE WOMAN TURNED HER HEAD TO LOOK OUT THE WINDOW,9615
096150011,WAVE/SPEAKER9615/096150011.WAV,THIS GIRL SHE WAS EVERYTHING I NEVER WAS,9615
096150012,WAVE/SPEAKER9615/096150012.WAV,THERE WAS ONCE AGAIN SILENCE SO I LET IT BE,9615
096150013,WAVE/SPEAKER9615/096150013.WAV,I HAVE TO GO SAY HI TO SOME MORE PEOPLE,9615
096150016,WAVE/SPEAKER9615/096150016.WAV,HE THEN LOOKED DOWN AT HIS HANDS,9615
096150017,WAVE/SPEAKER9615/096150017.WAV,I HAD VERY LITTLE OF MY OWN,9615
096150018,WAVE/SPEAKER9615/096150018.WAV,HE ONE THE OTHER HAND WAS DIFFERENT,9615
096150019,WAVE/SPEAKER9615/096150019.WAV,I HAVE NO PLACE IN YOUR HEART,9615
096150020,WAVE/SPEAKER9615/096150020.WAV,IT WAS AN AFFAIR THAT BUT OF A MOMENT,9615
096150021,WAVE/SPEAKER9615/096150021.WAV,I LOOKED INTO HER EYES AND FOUND THE TRUTH,9615
096150024,WAVE/SPEAKER9615/096150024.WAV,IT WAS THE LITERATURE OF LOVE NOT OF THE LOVE,9615
096150025,WAVE/SPEAKER9615/096150025.WAV,I WAS VERY NERVOUS FOR A LONG TIME AFTER THIS,9615
096150026,WAVE/SPEAKER9615/096150026.WAV,I ACTUALLY OPENED MY EYES AND SAW WHERE I WAS,9615
096150027,WAVE/SPEAKER9615/096150027.WAV,HE WAS EVER THE SAME TO ME,9615
096150028,WAVE/SPEAKER9615/096150028.WAV,SHE MUST BE COMING FOR ME AGAIN,9615
096160001,WAVE/SPEAKER9616/096160001.WAV,HE LOOKED UP AND SAW A MAN,9616
096160002,WAVE/SPEAKER9616/096160002.WAV,ALL OF YOU WILL BE THERE,9616
096160003,WAVE/SPEAKER9616/096160003.WAV,SHE COULD JUST SEE IT,9616
096160004,WAVE/SPEAKER9616/096160004.WAV,BUT NO WAY TO FIND WHAT THEY NEED,9616
096160005,WAVE/SPEAKER9616/096160005.WAV,THE FIRST ONE WAS HIS EYES,9616
096160006,WAVE/SPEAKER9616/096160006.WAV,THERE WERE OTHER PEOPLE IN THE CARRIAGE WITH THEM,9616
096160007,WAVE/SPEAKER9616/096160007.WAV,YOU CAN GO BACK TO THE STORY NOW,9616
096160008,WAVE/SPEAKER9616/096160008.WAV,I DROPPED MY HAND AND PUT IT ON MY SIDE,9616
096160009,WAVE/SPEAKER9616/096160009.WAV,AND TO THINK I COULD GET AWAY FROM WORK,9616
096160010,WAVE/SPEAKER9616/096160010.WAV,THEY OPENED THE DOOR AND WALKED IN,9616
096160011,WAVE/SPEAKER9616/096160011.WAV,IT'S A GOOD THING NO ONE WAS AROUND THE PLACE,9616
096160012,WAVE/SPEAKER9616/096160012.WAV,IF YOU ARE GOING TO COME IN THEN COME IN,9616
096160013,WAVE/SPEAKER9616/096160013.WAV,I WANT TO FEEL YOU MORE AND MORE,9616
096160014,WAVE/SPEAKER9616/096160014.WAV,NOW I COULD NEVER DO ANY OF THAT AGAIN,9616
096160015,WAVE/SPEAKER9616/096160015.WAV,I WOULD LIKE TO LIVE A LONG LIFE,9616
096160016,WAVE/SPEAKER9616/096160016.WAV,I SHOULD HAVE THOUGHT IT THROUGH,9616
096160017,WAVE/SPEAKER9616/096160017.WAV,IT SEEMED THAT WAS WHERE IT WAS COMING FROM,9616
096160018,WAVE/SPEAKER9616/096160018.WAV,HE WOULD NOT LET THE CONVENTION END LIKE THIS,9616
096160019,WAVE/SPEAKER9616/096160019.WAV,BUT EVEN THIS WAS AS NOTHING,9616
096160020,WAVE/SPEAKER9616/096160020.WAV,HE STARTED TO ASK IF I WAS ALL RIGHT,9616
096190001,WAVE/SPEAKER9619/096190001.WAV,HE WANTED TO DO THIS RIGHT,9619
096190002,WAVE/SPEAKER9619/096190002.WAV,BUT THERE WAS NO ONE,9619
096190003,WAVE/SPEAKER9619/096190003.WAV,AND YOU OF ALL PEOPLE SHOULD KNOW,9619
096190004,WAVE/SPEAKER9619/096190004.WAV,HOW COULD HE JUST FIND ME LIKE THAT,9619
096190005,WAVE/SPEAKER9619/096190005.WAV,THEN SHE OPENED HER EYES AND LOOKED AT HER WATCH,9619
096190006,WAVE/SPEAKER9619/096190006.WAV,IT IS WHAT HE WOULD WANT,9619
096190007,WAVE/SPEAKER9619/096190007.WAV,THE GIRL SEEMED TO SEE THEM FOR THE FIRST TIME,9619
096190008,WAVE/SPEAKER9619/096190008.WAV,THERE WAS NOTHING HERE TO GO ON,9619
096190009,WAVE/SPEAKER9619/096190009.WAV,YOU REALLY THINK YOU ARE GOING TO DEFEAT ME,9619
096190010,WAVE/SPEAKER9619/096190010.WAV,BUT IT WILL GET BETTER,9619
096190011,WAVE/SPEAKER9619/096190011.WAV,THAT WAS THE WAY OUT,9619
096190012,WAVE/SPEAKER9619/096190012.WAV,HE HAD INDEED COME ON MORE THAN HE THOUGHT,9619
096190013,WAVE/SPEAKER9619/096190013.WAV,BUT WE WERE STILL THE BEST OF FRIENDS,9619
096190014,WAVE/SPEAKER9619/096190014.WAV,THIS IS THE ONLY PLACE WHERE YOU WILL BE SAFE,9619
096190015,WAVE/SPEAKER9619/096190015.WAV,THERE WAS ANOTHER LITTLE THING HE HAD TO SAY,9619
096190016,WAVE/SPEAKER9619/096190016.WAV,HE ASKED AS HE PUT HIS ARM AROUND HER,9619
096190017,WAVE/SPEAKER9619/096190017.WAV,WHAT ELSE WAS THERE LEFT TO DO,9619
096190019,WAVE/SPEAKER9619/096190019.WAV,AND YET HOW INDIFFERENT IT ALL WAS TO ME NOW,9619
096190020,WAVE/SPEAKER9619/096190020.WAV,AND THE WORLD IS OVER,9619
096190021,WAVE/SPEAKER9619/096190021.WAV,I NEED TO MAKE IT,9619
096240001,WAVE/SPEAKER9624/096240001.WAV,SHE WAS NEVER THE SAME,9624
096240002,WAVE/SPEAKER9624/096240002.WAV,I ASKED THEM HOW DO I GET THERE,9624
096240003,WAVE/SPEAKER9624/096240003.WAV,HE JUST TURNED AND LEFT,9624
096240004,WAVE/SPEAKER9624/096240004.WAV,IT SEEMED THAT HE HAD,9624
096240005,WAVE/SPEAKER9624/096240005.WAV,AND SHE AGAIN LOOKED DOWN FOR A MOMENT,9624
096240006,WAVE/SPEAKER9624/096240006.WAV,THE PEOPLE BEHIND ME WERE NOT GOING TO LET UP,9624
096240007,WAVE/SPEAKER9624/096240007.WAV,THAT IS THE WAY WE MUST BE IN THIS BUSINESS,9624
096240008,WAVE/SPEAKER9624/096240008.WAV,BUT NO ONE WAS LOOKING AT HIM,9624
096240009,WAVE/SPEAKER9624/096240009.WAV,YOU COULD TELL IT ON HIS FACE,9624
096240010,WAVE/SPEAKER9624/096240010.WAV,THE END OF HER TIME WITH HER FRIENDS,9624
096240011,WAVE/SPEAKER9624/096240011.WAV,THEY COULD ALL SEE IT NOW,9624
096240012,WAVE/SPEAKER9624/096240012.WAV,THERE WAS SOMETHING ABOUT THE WOMAN THAT MADE HIM UNEASY,9624
096240013,WAVE/SPEAKER9624/096240013.WAV,I WALKED OUT THE DOOR,9624
096240014,WAVE/SPEAKER9624/096240014.WAV,IF SO THE SOONER HE WAS BACK THERE THE BETTER,9624
096240015,WAVE/SPEAKER9624/096240015.WAV,BUT NOTHING HAPPENED TO ME I OPENED MY EYES,9624
096240016,WAVE/SPEAKER9624/096240016.WAV,I HAD TO LOOK AWAY,9624
096240017,WAVE/SPEAKER9624/096240017.WAV,I PUT MY HAND IN FRONT OF HER,9624
096240019,WAVE/SPEAKER9624/096240019.WAV,IT WAS THE LAST THING HE COULD GIVE HER,9624
096240020,WAVE/SPEAKER9624/096240020.WAV,SHE IS ON HER OWN WORLD,9624
096240021,WAVE/SPEAKER9624/096240021.WAV,SHE HAD MORE THAN ONCE TO REMIND HIM OF THIS,9624
096250001,WAVE/SPEAKER9625/096250001.WAV,AND I NEED YOU TO HELP ME,9625
096250002,WAVE/SPEAKER9625/096250002.WAV,SHE TURNED AROUND AND LOOKED HIM IN THE EYES,9625
096250003,WAVE/SPEAKER9625/096250003.WAV,IT WAS ALL HE COULD DO,9625
096250004,WAVE/SPEAKER9625/096250004.WAV,THEY WOULD NOT KNOW IT,9625
096250005,WAVE/SPEAKER9625/096250005.WAV,THERE WILL BE AN END OF THAT NOW,9625
096250007,WAVE/SPEAKER9625/096250007.WAV,BUT OF ONE THING SHE IS SURE,9625
096250008,WAVE/SPEAKER9625/096250008.WAV,YOU HAVE A GIRL WITH YOU,9625
096250009,WAVE/SPEAKER9625/096250009.WAV,THIS WAS WHAT THEY WERE LOOKING FOR,9625
096250010,WAVE/SPEAKER9625/096250010.WAV,THE MAN WALKED TO THE WOMAN,9625
096250011,WAVE/SPEAKER9625/096250011.WAV,BUT THERE WAS SO MUCH MORE TO COME,9625
096250012,WAVE/SPEAKER9625/096250012.WAV,AND HE WAS STILL THAT LITTLE BOY,9625
096250013,WAVE/SPEAKER9625/096250013.WAV,I HAD NO WHERE ELSE TO GO,9625
096250014,WAVE/SPEAKER9625/096250014.WAV,I KNOW YOU WANT TO GIVE ME A GOOD LIFE,9625
096250015,WAVE/SPEAKER9625/096250015.WAV,HE ASKED ALL OF US,9625
096250016,WAVE/SPEAKER9625/096250016.WAV,I JUST HAD A LONG DAY,9625
096250017,WAVE/SPEAKER9625/096250017.WAV,NO ONE WAS IN THE ROOM,9625
096250018,WAVE/SPEAKER9625/096250018.WAV,HE LOOKED TO HIS SIDE AND SMILED,9625
096250020,WAVE/SPEAKER9625/096250020.WAV,HOW MUCH WOULD THEY KNOW OF WHAT HAD HAPPENED,9625
096250021,WAVE/SPEAKER9625/096250021.WAV,SO ENJOY AND TELL ME WHAT YOU THINK OF IT,9625
096250023,WAVE/SPEAKER9625/096250023.WAV,THEN SHE TURNED TO HIM,9625
096280011,WAVE/SPEAKER9628/096280011.WAV,YOU WILL HAND HIM OVER TO ME,9628
096280012,WAVE/SPEAKER9628/096280012.WAV,HE WAS A GOOD MAN THOUGH,9628
096280013,WAVE/SPEAKER9628/096280013.WAV,I WANT YOU AND YOU ARE COMING BACK WITH US,9628
096280014,WAVE/SPEAKER9628/096280014.WAV,I SMILED AND WALKED OUT THE DOOR,9628
096280015,WAVE/SPEAKER9628/096280015.WAV,I WANTED TO SEE WHO SHE WAS,9628
096280016,WAVE/SPEAKER9628/096280016.WAV,AND HE PUT IT AGAIN,9628
096280017,WAVE/SPEAKER9628/096280017.WAV,WHAT DO I HAVE TO SAY FOR MYSELF,9628
096280018,WAVE/SPEAKER9628/096280018.WAV,THIS WAS NOT RIGHT NOT RIGHT AT ALL,9628
096280019,WAVE/SPEAKER9628/096280019.WAV,I AM SURE YOU KNOW IT,9628
096280020,WAVE/SPEAKER9628/096280020.WAV,I CAN TAKE THEM OFF IF YOU NEED ME TO,9628
096280021,WAVE/SPEAKER9628/096280021.WAV,I SAW AT ONCE HOW IT WAS,9628
096280022,WAVE/SPEAKER9628/096280022.WAV,AND THERE IT STOPPED FOR A MOMENT,9628
096280023,WAVE/SPEAKER9628/096280023.WAV,NO ONE WOULD GET THE BEST OF HIM,9628
096280024,WAVE/SPEAKER9628/096280024.WAV,ALL THAT KIND OF THING WAS NOTHING TO HIM NOW,9628
096280025,WAVE/SPEAKER9628/096280025.WAV,THE PERSON LOOKED AT THE BACK,9628
096280026,WAVE/SPEAKER9628/096280026.WAV,SHE LOOKED HARD AT THE MAN,9628
096280027,WAVE/SPEAKER9628/096280027.WAV,NOW THAT HE HAD THE TIME,9628
096280028,WAVE/SPEAKER9628/096280028.WAV,BUT WHAT ELSE AM I TO DO,9628
096280029,WAVE/SPEAKER9628/096280029.WAV,HE HAD TO GO THROUGH WITH IT,9628
096280030,WAVE/SPEAKER9628/096280030.WAV,THERE IT WAS RIGHT NEXT TO HIM,9628
096300001,WAVE/SPEAKER9630/096300001.WAV,HOW WAS I GOING TO GET OUT OF HERE,9630
096300002,WAVE/SPEAKER9630/096300002.WAV,HE LOOKED BACK AT HER,9630
096300003,WAVE/SPEAKER9630/096300003.WAV,AND YOU LIKE IT THAT WAY,9630
096300004,WAVE/SPEAKER9630/096300004.WAV,BUT THIS IS NOT WHAT SHE HAD WANTED,9630
096300005,WAVE/SPEAKER9630/096300005.WAV,THEY ARE ONE IN THE SAME,9630
096300006,WAVE/SPEAKER9630/096300006.WAV,SHE SMILED AND WALKED WITH HIM,9630
096300007,WAVE/SPEAKER9630/096300007.WAV,THERE IS NO NEED TO GO THERE,9630
096300008,WAVE/SPEAKER9630/096300008.WAV,SO WHAT THEN WERE WE TO DO,9630
096300009,WAVE/SPEAKER9630/096300009.WAV,I THINK I WILL RIGHT NOW,9630
096300010,WAVE/SPEAKER9630/096300010.WAV,YOU LOOK OVER AND YOU SEE A BOY,9630
096300011,WAVE/SPEAKER9630/096300011.WAV,I SAW YOU TAKE THEM,9630
096300012,WAVE/SPEAKER9630/096300012.WAV,I THOUGHT TO MYSELF AS I MADE UP MY MIND,9630
096300013,WAVE/SPEAKER9630/096300013.WAV,THAT IS THEY WOULD IF I HAD ANY FRIENDS,9630
096300014,WAVE/SPEAKER9630/096300014.WAV,THIS TIME IT WAS A WOMAN,9630
096300015,WAVE/SPEAKER9630/096300015.WAV,I TURNED AROUND TO FACE IT,9630
096300016,WAVE/SPEAKER9630/096300016.WAV,IT WAS THE ONLY ROOM WITH THE DOOR STILL CLOSED,9630
096300017,WAVE/SPEAKER9630/096300017.WAV,AND IT JUST MIGHT BE,9630
096300018,WAVE/SPEAKER9630/096300018.WAV,I LEFT HER AT HOME,9630
096300019,WAVE/SPEAKER9630/096300019.WAV,HE LOOKED AWAY FROM IT,9630
096300020,WAVE/SPEAKER9630/096300020.WAV,BUT IT WAS EVEN SO,9630
096340004,WAVE/SPEAKER9634/096340004.WAV,BUT AT THE END WHAT DO WE GET,9634
096340005,WAVE/SPEAKER9634/096340005.WAV,THERE WAS NO WAY OUT OF THIS ROOM,9634
096340006,WAVE/SPEAKER9634/096340006.WAV,THAT HAD TO BE IT THEN,9634
096340007,WAVE/SPEAKER9634/096340007.WAV,IT IS A HAND ON MY,9634
096340008,WAVE/SPEAKER9634/096340008.WAV,HE WILL WANT ME JUST FOR ME,9634
096340009,WAVE/SPEAKER9634/096340009.WAV,THEY TURNED ALL TO HIM,9634
096340010,WAVE/SPEAKER9634/096340010.WAV,AND I LIKE HER EYES,9634
096340011,WAVE/SPEAKER9634/096340011.WAV,BUT HERE NOW HE REALLY WAS,9634
096340012,WAVE/SPEAKER9634/096340012.WAV,THE OTHER ONE WAS BACK IT WAS TIME AGAIN,9634
096340013,WAVE/SPEAKER9634/096340013.WAV,YOU ASKED TO SEE IT,9634
096340014,WAVE/SPEAKER9634/096340014.WAV,I JUST WANTED TO GO UP THERE,9634
096340015,WAVE/SPEAKER9634/096340015.WAV,I CAN ONLY DO IT ONCE,9634
096340016,WAVE/SPEAKER9634/096340016.WAV,BUT HOW ARE YOU GOING TO HELP IT,9634
096340017,WAVE/SPEAKER9634/096340017.WAV,HE WALKED OVER TO THE DOOR AND OPENED IT,9634
096340018,WAVE/SPEAKER9634/096340018.WAV,THERE WAS SO MUCH MORE TO IT THAN THAT,9634
096340019,WAVE/SPEAKER9634/096340019.WAV,I LOOKED AROUND BUT I STILL FOUND NO ONE,9634
096340020,WAVE/SPEAKER9634/096340020.WAV,I KNOW THAT THEY WILL NOT LET ME DOWN,9634
096340021,WAVE/SPEAKER9634/096340021.WAV,THIS WAS THE GOOD SIDE TO IT,9634
096340022,WAVE/SPEAKER9634/096340022.WAV,I NEVER SAW HIM LOOKING LIKE THAT,9634
096340023,WAVE/SPEAKER9634/096340023.WAV,WE HAVE TO DO SOMETHING WITH HIM,9634
096390001,WAVE/SPEAKER9639/096390001.WAV,I WAS BACK IN THE ROOM,9639
096390002,WAVE/SPEAKER9639/096390002.WAV,SHE LOOKED UP AT ME AND SMILED,9639
096390003,WAVE/SPEAKER9639/096390003.WAV,HE WOULD NEVER DO THIS,9639
096390004,WAVE/SPEAKER9639/096390004.WAV,WHAT COULD YOU DO WITH A GIRL,9639
096390005,WAVE/SPEAKER9639/096390005.WAV,AND SHE HAD TO BE LIKE HIM,9639
096390006,WAVE/SPEAKER9639/096390006.WAV,BUT HE WAS STILL THERE,9639
096390007,WAVE/SPEAKER9639/096390007.WAV,YOU JUST HAVE TO MAN,9639
096390008,WAVE/SPEAKER9639/096390008.WAV,I WANT TO FIND OUT WHAT THEY CAN DO,9639
096390009,WAVE/SPEAKER9639/096390009.WAV,HE SAW NO NEED OF IT,9639
096390010,WAVE/SPEAKER9639/096390010.WAV,THERE WAS BUT ONE THING LEFT TO DO,9639
096390011,WAVE/SPEAKER9639/096390011.WAV,THEY ALL TURNED TO ME,9639
096390012,WAVE/SPEAKER9639/096390012.WAV,I THINK I WANTED TO SEE HIM AGAIN,9639
096390013,WAVE/SPEAKER9639/096390013.WAV,HE LOOKED TO HIS LEFT THEN TO HIS RIGHT,9639
096390014,WAVE/SPEAKER9639/096390014.WAV,I HAD TO GO TO MY PLACE,9639
096390015,WAVE/SPEAKER9639/096390015.WAV,IT WILL BE THE END OF THEM,9639
096390016,WAVE/SPEAKER9639/096390016.WAV,THAT WAS ALL I WAS GOING TO SAY ABOUT IT,9639
096390017,WAVE/SPEAKER9639/096390017.WAV,I WAS ON TO SOMETHING,9639
096390018,WAVE/SPEAKER9639/096390018.WAV,SHE TURNED AROUND AND WALKED TO THE DOOR,9639
096390019,WAVE/SPEAKER9639/096390019.WAV,I MADE IT JUST IN TIME,9639
096390020,WAVE/SPEAKER9639/096390020.WAV,HE HAD NOTHING ELSE HE WANTED TO DO OUT HERE,9639
096430002,WAVE/SPEAKER9643/096430002.WAV,SHE PRESENTED HIM WITH A ROSE,9643
096430003,WAVE/SPEAKER9643/096430003.WAV,AT LAST OUR RANKS WERE BREAKING,9643
096430004,WAVE/SPEAKER9643/096430004.WAV,NO SUCH LUCK GRACED HER HOWEVER,9643
096430005,WAVE/SPEAKER9643/096430005.WAV,THE MACHINE MUST HAVE HELPED ME STAY AWAKE,9643
096430006,WAVE/SPEAKER9643/096430006.WAV,THEY ALL JUMPED UP FROM THEIR SEATS SUDDENLY,9643
096430007,WAVE/SPEAKER9643/096430007.WAV,IT'S NO PROBLEM SHE WAVED OFF,9643
096430008,WAVE/SPEAKER9643/096430008.WAV,LET US BEGIN ON THOSE DEBTS,9643
096430009,WAVE/SPEAKER9643/096430009.WAV,TO RESTORE YOUR LOST ENERGY,9643
096430010,WAVE/SPEAKER9643/096430010.WAV,WE SHIFT BACK INTO SILENCE,9643
096430011,WAVE/SPEAKER9643/096430011.WAV,HE NODDED SLOWLY AND IMPRESSIVELY,9643
096430012,WAVE/SPEAKER9643/096430012.WAV,IT HAD VERY NEARLY COME,9643
096430013,WAVE/SPEAKER9643/096430013.WAV,YOU KNOW THEY CAN PROBABLY DO THAT,9643
096430014,WAVE/SPEAKER9643/096430014.WAV,A COOL ONE THIS GENERAL,9643
096430015,WAVE/SPEAKER9643/096430015.WAV,MAYBE SOON BUT CERTAINLY NOT NOW,9643
096430016,WAVE/SPEAKER9643/096430016.WAV,EVEN IF IT TAKES SEVERAL YEARS,9643
096430017,WAVE/SPEAKER9643/096430017.WAV,MY BREATH COMES IN IN SHARP PAINFUL BURSTS,9643
096430018,WAVE/SPEAKER9643/096430018.WAV,SO EVERYONE WOULD BE SATISFIED,9643
096430019,WAVE/SPEAKER9643/096430019.WAV,THIS FLOOR LOOKED REALLY RUN DOWN,9643
096430020,WAVE/SPEAKER9643/096430020.WAV,IN FACT WE FOUND THEM EXCEEDINGLY USEFUL,9643
096430021,WAVE/SPEAKER9643/096430021.WAV,TAKE OUT OR HOME COOKED,9643
096450001,WAVE/SPEAKER9645/096450001.WAV,WHY WAS NATURE SO CRUEL,9645
096450002,WAVE/SPEAKER9645/096450002.WAV,AT THE SAME TIME THE SAME FLOWER,9645
096450003,WAVE/SPEAKER9645/096450003.WAV,DO YOU THINK ANYONE ELSE IS ALIVE OUT THERE,9645
096450004,WAVE/SPEAKER9645/096450004.WAV,HE NEVER SHUT HIS EYES,9645
096450005,WAVE/SPEAKER9645/096450005.WAV,I AM NOT A CHILD NOR YET A FOOL,9645
096450006,WAVE/SPEAKER9645/096450006.WAV,FINALLY SHE TURNED AND FACED HIM,9645
096450007,WAVE/SPEAKER9645/096450007.WAV,LET US INSTALL OURSELVES IN THIS HALL,9645
096450008,WAVE/SPEAKER9645/096450008.WAV,YOU ARE MY HEART NOW,9645
096450010,WAVE/SPEAKER9645/096450010.WAV,IT LOOKED PEACEFUL DELICATE ALMOST JAPANESE,9645
096450011,WAVE/SPEAKER9645/096450011.WAV,THE SOLDIER STARED INTO SPACE MIND RACING FURIOUSLY,9645
096450012,WAVE/SPEAKER9645/096450012.WAV,BETTER THAN OTHER GIRLS THAT'S FOR SURE,9645
096450013,WAVE/SPEAKER9645/096450013.WAV,AND WHEN THEY GET WHAT THEY WANT THEY WANT MORE,9645
096450014,WAVE/SPEAKER9645/096450014.WAV,NOT THAT THERE'S ANYTHING WRONG WITH YOUR THING,9645
096450015,WAVE/SPEAKER9645/096450015.WAV,BUT SHE'S HERE HELPING ME,9645
096450016,WAVE/SPEAKER9645/096450016.WAV,DEATH ITSELF HAD COME WITHOUT PAIN,9645
096450017,WAVE/SPEAKER9645/096450017.WAV,REMOVAL OR LESSENING OF EITHER,9645
096450018,WAVE/SPEAKER9645/096450018.WAV,HIS FATHER CALLED DOWN BELOW,9645
096450019,WAVE/SPEAKER9645/096450019.WAV,A SILLY BUSINESS ON ALL SIDES,9645
096450020,WAVE/SPEAKER9645/096450020.WAV,SHE STARTED EATING BEFORE GIVING HER OPINION,9645
096450021,WAVE/SPEAKER9645/096450021.WAV,FOUR FIVE SIX SEVEN EIGHT NINE,9645
096460002,WAVE/SPEAKER9646/096460002.WAV,A QUICK JUMP OVER THE WIDENING GAP SAVED HIM,9646
096460003,WAVE/SPEAKER9646/096460003.WAV,HE DRIFTED OUT AND AWAY ALONG SUNSET TRACK,9646
096460004,WAVE/SPEAKER9646/096460004.WAV,THE MOON WOULD NOT RISE TILL LATER,9646
096460005,WAVE/SPEAKER9646/096460005.WAV,HIS FATHER HAZARDED ONE GUESS,9646
096460006,WAVE/SPEAKER9646/096460006.WAV,WHEN HE RETURNED HE ASKED IF THEY WERE HUNGRY,9646
096460007,WAVE/SPEAKER9646/096460007.WAV,BEING WITHOUT YOU MAKES ME VERY UNHAPPY,9646
096460008,WAVE/SPEAKER9646/096460008.WAV,THOSE EYES COULD STOP BULLETS,9646
096460009,WAVE/SPEAKER9646/096460009.WAV,SHE ALWAYS MAKE THEM MAD,9646
096460010,WAVE/SPEAKER9646/096460010.WAV,WHAT HAD HAPPENED SINCE THEN,9646
096460011,WAVE/SPEAKER9646/096460011.WAV,WAS IT MOVING AS AN AUTOMOBILE,9646
096460012,WAVE/SPEAKER9646/096460012.WAV,ONE FURTHER REMARK HOWEVER LEFT HIS LIPS,9646
096460013,WAVE/SPEAKER9646/096460013.WAV,WE MUST GET BETTER ACQUAINTED,9646
096460014,WAVE/SPEAKER9646/096460014.WAV,YOU ATTACKED US AFTER ALL,9646
096460015,WAVE/SPEAKER9646/096460015.WAV,BUT SOMETIMES LIFE CAN HURT,9646
096460016,WAVE/SPEAKER9646/096460016.WAV,CHAPTER ONE FIRST DAY AT SCHOOL,9646
096460017,WAVE/SPEAKER9646/096460017.WAV,SO SIMILAR YET SO DIFFERENT,9646
096460018,WAVE/SPEAKER9646/096460018.WAV,THIS PLACE IS BAD NEWS,9646
096460019,WAVE/SPEAKER9646/096460019.WAV,WELL YOUR ABOUT HALF RIGHT,9646
096460020,WAVE/SPEAKER9646/096460020.WAV,JUST WISHING EACH OTHER LUCK,9646
096460021,WAVE/SPEAKER9646/096460021.WAV,AN ALMOST PAINFUL QUIET REIGNS,9646
096490001,WAVE/SPEAKER9649/096490001.WAV,WAS I IN A HOSPITAL OR SOMETHING,9649
096490002,WAVE/SPEAKER9649/096490002.WAV,HE LOOKED AROUND THE HOTEL RESTAURANT,9649
096490003,WAVE/SPEAKER9649/096490003.WAV,BEST TO GIVE THEM WHAT THEY WANTED,9649
096490004,WAVE/SPEAKER9649/096490004.WAV,NOTHING SHOWED THAT ANYTHING HAD OCCURRED,9649
096490005,WAVE/SPEAKER9649/096490005.WAV,SHE WHISPERED ANGRY AT HER LOSS OF CONTROL,9649
096490006,WAVE/SPEAKER9649/096490006.WAV,YOU CAN SLEEP HERE TONIGHT,9649
096490007,WAVE/SPEAKER9649/096490007.WAV,THEY CLEARLY HAVE EVERYTHING THOUGHT THROUGH,9649
096490008,WAVE/SPEAKER9649/096490008.WAV,A BROKEN LAND SITTING ON BROKEN GROUND,9649
096490009,WAVE/SPEAKER9649/096490009.WAV,ONCE AGAIN HE HOPED IT WOULD LAST,9649
096490010,WAVE/SPEAKER9649/096490010.WAV,NO SUCH THING AS TRUST,9649
096490011,WAVE/SPEAKER9649/096490011.WAV,HER THIN WHITE FINGERS WERE GRIPPING ITS SIDES,9649
096490012,WAVE/SPEAKER9649/096490012.WAV,IMAGINE TEN TIMES MORE DIRT,9649
096490013,WAVE/SPEAKER9649/096490013.WAV,IN THIS MOMENT SHE IS HAPPY,9649
096490014,WAVE/SPEAKER9649/096490014.WAV,WE KNOW WHERE YOU RUN,9649
096490015,WAVE/SPEAKER9649/096490015.WAV,THINGS ARE MOVING ALONG SO FAST,9649
096490016,WAVE/SPEAKER9649/096490016.WAV,THROUGH HEARING ONLY HIS VOICE,9649
096490017,WAVE/SPEAKER9649/096490017.WAV,TWO BULLETS SHOT BUT MISSED,9649
096490018,WAVE/SPEAKER9649/096490018.WAV,IT ALL ENDS TOO SOON,9649
096490019,WAVE/SPEAKER9649/096490019.WAV,WHY LEAVE ME PLEASE TELL ME,9649
096490020,WAVE/SPEAKER9649/096490020.WAV,IT'S NOT FIRST PERSON NOW,9649
