utt_id,wav_path,text,speaker
000010011,WAVE/SPEAKER0001/000010011.WAV,WE CALL IT BEAR,0001
000010035,WAVE/SPEAKER0001/000010035.WAV,ZERO THREE FIVE ONE,0001
000010053,WAVE/SPEAKER0001/000010053.WAV,THREE TWO TWO SEVEN,0001
000010063,WAVE/SPEAKER0001/000010063.WAV,ELEPHANTS TAI GOOSE,0001
000010069,WAVE/SPEAKER0001/000010069.WAV,TOM GIVES UP BOXING,0001
000010075,WAVE/SPEAKER0001/000010075.WAV,HE HATES SHOOTING,0001
000010089,WAVE/SPEAKER0001/000010089.WAV,MANDY HAS A BIG ARM,0001
000010095,WAVE/SPEAKER0001/000010095.WAV,LOOK AT ANN'S PANTS,0001
000010106,WAVE/SPEAKER0001/000010106.WAV,WHAT ABOUT THE BUS,0001
000010113,WAVE/SPEAKER0001/000010113.WAV,THEN HE WENT TO THEME PARK,0001
000010115,WAVE/SPEAKER0001/000010115.WAV,LET'S GO TO THE RESTROOM,0001
000010121,WAVE/SPEAKER0001/000010121.WAV,THEN MIKE WALKS TO COFFEE,0001
000010122,WAVE/SPEAKER0001/000010122.WAV,SO MARY WENT ON TO STUDY,0001
000010133,WAVE/SPEAKER0001/000010133.WAV,KATE GOT THE TOMATO,0001
000010135,WAVE/SPEAKER0001/000010135.WAV,TINA LOVES EGGPLANT,0001
000010140,WAVE/SPEAKER0001/000010140.WAV,DORA IS NOT A CLEANER,0001
000010145,WAVE/SPEAKER0001/000010145.WAV,MARK LIVED IN NEW YORK,0001
000010149,WAVE/SPEAKER0001/000010149.WAV,BOB LIVES IN CAIRO NOW,0001
000010168,WAVE/SPEAKER0001/000010168.WAV,BYE,0001
000010173,WAVE/SPEAKER0001/000010173.WAV,TREES,0001
000050003,WAVE/SPEAKER0005/000050003.WAV,MIKE LIKES THE WHITE ONE,0005
000050010,WAVE/SPEAKER0005/000050010.WAV,ITS NAME IS SAY,0005
000050024,WAVE/SPEAKER0005/000050024.WAV,BILLY LOVES AMERICA,0005
000050028,WAVE/SPEAKER0005/000050028.WAV,TWO TWO EIGHT SEVEN,0005
000050038,WAVE/SPEAKER0005/000050038.WAV,FOUR FIVE FOUR SEVEN,0005
000050040,WAVE/SPEAKER0005/000050040.WAV,FIVE THREE NINE ZERO,0005
000050047,WAVE/SPEAKER0005/000050047.WAV,SIX FIVE THREE,0005
000050049,WAVE/SPEAKER0005/000050049.WAV,TWO FIVE EIGHT,0005
000050055,WAVE/SPEAKER0005/000050055.WAV,WE LESS MEAT,0005
000050078,WAVE/SPEAKER0005/000050078.WAV,DOSE MIKE LIKE THE HAMBURGER,0005
000050079,WAVE/SPEAKER0005/000050079.WAV,ANNIE WANT HAVE SOME PRETTIES,0005
000050083,WAVE/SPEAKER0005/000050083.WAV,KATE'S GOT SOME GREY,0005
000050095,WAVE/SPEAKER0005/000050095.WAV,LOOK AT JOHN'S SWEATER,0005
000050099,WAVE/SPEAKER0005/000050099.WAV,TIM HAS A BEAUTIFUL TELL,0005
000050100,WAVE/SPEAKER0005/000050100.WAV,JIM LIKES YOUR BLUE SHORE,0005
000050114,WAVE/SPEAKER0005/000050114.WAV,ANNIE WENT WALKING THEM PARK,0005
000050118,WAVE/SPEAKER0005/000050118.WAV,LAYLA CAN SEE THE HOMETOWN,0005
000050122,WAVE/SPEAKER0005/000050122.WAV,SO TINA WENT ON TO WASHROOM,0005
000050174,WAVE/SPEAKER0005/000050174.WAV,ALL WITH HIM,0005
000050175,WAVE/SPEAKER0005/000050175.WAV,GOOD JOB,0005
000060015,WAVE/SPEAKER0006/000060015.WAV,JAYME IS GOING TO SEE HEN,0006
000060020,WAVE/SPEAKER0006/000060020.WAV,DORA IS COME FROM JAPAN,0006
000060029,WAVE/SPEAKER0006/000060029.WAV,SIX ONE SIX ZERO,0006
000060031,WAVE/SPEAKER0006/000060031.WAV,FIVE TWO FOUR SEVEN,0006
000060049,WAVE/SPEAKER0006/000060049.WAV,ZERO THREE FIVE,0006
000060056,WAVE/SPEAKER0006/000060056.WAV,PHONE PARTS TICKETS,0006
000060077,WAVE/SPEAKER0006/000060077.WAV,ANN ATE A LITTLE DOG,0006
000060081,WAVE/SPEAKER0006/000060081.WAV,DOES LAYLA LIKE THE JAM,0006
000060082,WAVE/SPEAKER0006/000060082.WAV,KATE LIKES LAMB,0006
000060083,WAVE/SPEAKER0006/000060083.WAV,MARK GOT SOME NOODLES,0006
000060094,WAVE/SPEAKER0006/000060094.WAV,TOM LIKES THE OLD SWEATER,0006
000060102,WAVE/SPEAKER0006/000060102.WAV,BOB NEEDS NEW BOOTS,0006
000060106,WAVE/SPEAKER0006/000060106.WAV,TOM CAN SEE THE MOTOR CYCLE,0006
000060111,WAVE/SPEAKER0006/000060111.WAV,HE LEFT THE FRUIT STAND,0006
000060113,WAVE/SPEAKER0006/000060113.WAV,LET'S GO TO THE GYM,0006
000060116,WAVE/SPEAKER0006/000060116.WAV,SO MARK WHEN TO THE PET SHOP,0006
000060124,WAVE/SPEAKER0006/000060124.WAV,SO ALICE WENT ON TO VILLAGE,0006
000060130,WAVE/SPEAKER0006/000060130.WAV,NO THAT'S TOMATO,0006
000060136,WAVE/SPEAKER0006/000060136.WAV,I'M NOT A ACTOR,0006
000060153,WAVE/SPEAKER0006/000060153.WAV,WHAT LOVELY CLEAN TEETH,0006
000260001,WAVE/SPEAKER0026/000260001.WAV,LAYLA LOVE BROWN,0026
000260011,WAVE/SPEAKER0026/000260011.WAV,ANDY CAN SEE THE HEN,0026
000260015,WAVE/SPEAKER0026/000260015.WAV,JOHN IS GOING TO SEE COW,0026
000260032,WAVE/SPEAKER0026/000260032.WAV,ONE ONE ZERO EIGHT,0026
000260033,WAVE/SPEAKER0026/000260033.WAV,THREE ONE SEVEN NINE,0026
000260039,WAVE/SPEAKER0026/000260039.WAV,EIGHT ZERO SIX TWO,0026
000260048,WAVE/SPEAKER0026/000260048.WAV,THREE ZERO EIGHT SEVEN,0026
000260050,WAVE/SPEAKER0026/000260050.WAV,ZERO EIGHT THREE ONE,0026
000260052,WAVE/SPEAKER0026/000260052.WAV,SIX EIGHT SIX SEVEN,0026
000260069,WAVE/SPEAKER0026/000260069.WAV,TEDDY GIVES UP SHOOTING,0026
000260075,WAVE/SPEAKER0026/000260075.WAV,HE LIKES RACING,0026
000260091,WAVE/SPEAKER0026/000260091.WAV,DORA LIKES YOUR RED JEANS,0026
000260095,WAVE/SPEAKER0026/000260095.WAV,BOB LOVES THE NEW CLOTH,0026
000260096,WAVE/SPEAKER0026/000260096.WAV,JOHN NEEDS NEW T SHIRT,0026
000260112,WAVE/SPEAKER0026/000260112.WAV,THEN LILLY WALKS TO MUSIC ROOM,0026
000260115,WAVE/SPEAKER0026/000260115.WAV,THEN TIM WALKS TO THEM PARK,0026
000260121,WAVE/SPEAKER0026/000260121.WAV,THEN MANDY WALKS TO RESTROOM,0026
000260126,WAVE/SPEAKER0026/000260126.WAV,DO YOU WANT THE PEA,0026
000260133,WAVE/SPEAKER0026/000260133.WAV,ANDY GOT THE MUSHROOM,0026
000260166,WAVE/SPEAKER0026/000260166.WAV,NOW FOR THE PARTY,0026
000360013,WAVE/SPEAKER0036/000360013.WAV,IT'S JUST SO HARD TO PICTURE,0036
000360034,WAVE/SPEAKER0036/000360034.WAV,WE SPEAK OUT WHEN WE FEEL WE SHOULD SPEAK OUT,0036
000360036,WAVE/SPEAKER0036/000360036.WAV,I COULD DO WITH A BREAK,0036
000360132,WAVE/SPEAKER0036/000360132.WAV,IT IS ALWAYS SO NICE TO SEE YOU,0036
000360133,WAVE/SPEAKER0036/000360133.WAV,UNFORTUNATELY NO ONE IS ALLOW TO SAY,0036
000360161,WAVE/SPEAKER0036/000360161.WAV,ALMOST TIME FOR A HAIRCUT,0036
000360190,WAVE/SPEAKER0036/000360190.WAV,SO YOU WANT TO BE MORE PRODUCTIVE,0036
000360210,WAVE/SPEAKER0036/000360210.WAV,STARTING CAN NOT BE BETTER THAN THIS,0036
000360223,WAVE/SPEAKER0036/000360223.WAV,I KEEP IT TO BE AMUSED BY THE STUPIDITY,0036
000360241,WAVE/SPEAKER0036/000360241.WAV,AFTER THAT I BE READY TO GO,0036
000360264,WAVE/SPEAKER0036/000360264.WAV,I THANK YOU FOR YOUR SYMPATHY BECAUSE IT COUNTS,0036
000360283,WAVE/SPEAKER0036/000360283.WAV,OFF THE CHAIN I BET,0036
000360313,WAVE/SPEAKER0036/000360313.WAV,HE NODDED HIS HEAD AND SMILED,0036
000360314,WAVE/SPEAKER0036/000360314.WAV,BUT TELL ME THE TRUTH,0036
000360332,WAVE/SPEAKER0036/000360332.WAV,THE FIRST QUESTION WAS AN OBVIOUS ONE,0036
000360334,WAVE/SPEAKER0036/000360334.WAV,THE SHOCK WAS TOO MUCH FOR HIM,0036
000360339,WAVE/SPEAKER0036/000360339.WAV,HE KNOWS HE'S ABOUT TO GET INTO FIGHT,0036
000360343,WAVE/SPEAKER0036/000360343.WAV,HE WAS ALWAYS READY TO DO ANYTHING WHATEVER,0036
000360360,WAVE/SPEAKER0036/000360360.WAV,THE LONG AND THE SHORT OF IT IS THIS,0036
000360378,WAVE/SPEAKER0036/000360378.WAV,YOU WANT TO BE LOVE,0036
000480010,WAVE/SPEAKER0048/000480010.WAV,IT'S NOT FISH,0048
000480014,WAVE/SPEAKER0048/000480014.WAV,JOHN CAN SEE THE SHEEP,0048
000480015,WAVE/SPEAKER0048/000480015.WAV,LYNDA IS GOING TO SEE ELEPHANT,0048
000480016,WAVE/SPEAKER0048/000480016.WAV,MY CAN DRAW THE GOAT,0048
000480019,WAVE/SPEAKER0048/000480019.WAV,TINA CAN DRAW THE BALT,0048
000480023,WAVE/SPEAKER0048/000480023.WAV,BRO IS FROM JUMP,0048
000480033,WAVE/SPEAKER0048/000480033.WAV,ZERO FIVE EIGHT THREE,0048
000480045,WAVE/SPEAKER0048/000480045.WAV,FIVE NINE SIX FIVE,0048
000480068,WAVE/SPEAKER0048/000480068.WAV,ANN LIKES HULK,0048
000480081,WAVE/SPEAKER0048/000480081.WAV,DOES KATE LIKE THE BREAD,0048
000480089,WAVE/SPEAKER0048/000480089.WAV,LILLY HAS A BIG LEG,0048
000480090,WAVE/SPEAKER0048/000480090.WAV,BY THE HAND,0048
000480108,WAVE/SPEAKER0048/000480108.WAV,LOOK AT THIS BIG JEEP,0048
000480119,WAVE/SPEAKER0048/000480119.WAV,SO HE WHEN TO T V ROOM,0048
000480125,WAVE/SPEAKER0048/000480125.WAV,SO BILLY WENT INTO THE PET SHOP,0048
000480134,WAVE/SPEAKER0048/000480134.WAV,LIKES THE STRING BEAN,0048
000480136,WAVE/SPEAKER0048/000480136.WAV,SHE WANTS DO A STUDENT,0048
000480151,WAVE/SPEAKER0048/000480151.WAV,WHAT WILL YOU CAT,0048
000480158,WAVE/SPEAKER0048/000480158.WAV,COME AND SEE MY DOWN,0048
000480159,WAVE/SPEAKER0048/000480159.WAV,I'M NOT AT ALL FREED,0048
000530003,WAVE/SPEAKER0053/000530003.WAV,MIKE LIKES THE ORANGE ONE,0053
000530006,WAVE/SPEAKER0053/000530006.WAV,ANN CAN WE HAVE THE PEACH,0053
000530019,WAVE/SPEAKER0053/000530019.WAV,LILLY CAN DRAW THE TIGER,0053
000530027,WAVE/SPEAKER0053/000530027.WAV,THREE THREE NINE,0053
000530030,WAVE/SPEAKER0053/000530030.WAV,SIX FOUR FIVE SIX,0053
000530037,WAVE/SPEAKER0053/000530037.WAV,FOUR THREE FOUR TWO,0053
000530054,WAVE/SPEAKER0053/000530054.WAV,ONE NINE FOUR,0053
000530055,WAVE/SPEAKER0053/000530055.WAV,BOOTS MOUNTAINS TREES,0053
000530060,WAVE/SPEAKER0053/000530060.WAV,SIR THREE PLANTING GRAFF,0053
000530063,WAVE/SPEAKER0053/000530063.WAV,SANDWICH GIVE HIM,0053
000530076,WAVE/SPEAKER0053/000530076.WAV,LAYLA WANTS HAVE SOME BISCUIT,0053
000530077,WAVE/SPEAKER0053/000530077.WAV,JIM ATE A LITTLE CAKE,0053
000530094,WAVE/SPEAKER0053/000530094.WAV,LIYA LIKES THE OLD SAFE,0053
000530109,WAVE/SPEAKER0053/000530109.WAV,MIKE CAN SEE THE TRAIN,0053
000530112,WAVE/SPEAKER0053/000530112.WAV,THEN JAYME WALKS TO TOILET,0053
000530115,WAVE/SPEAKER0053/000530115.WAV,THEN TOM WALKS TO ART ROOM,0053
000530145,WAVE/SPEAKER0053/000530145.WAV,SHE LIKES THE BIG GREEN CITY LONDON,0053
000530154,WAVE/SPEAKER0053/000530154.WAV,I WILL GO TO MEN,0053
000530163,WAVE/SPEAKER0053/000530163.WAV,WHERE DID THAT COME FROM,0053
000530174,WAVE/SPEAKER0053/000530174.WAV,I ONLY WANT ONE,0053
000540001,WAVE/SPEAKER0054/000540001.WAV,MIKE LOVE GARDEN,0054
000540004,WAVE/SPEAKER0054/000540004.WAV,MARK LOVE PORTER,0054
000540014,WAVE/SPEAKER0054/000540014.WAV,JAYME CAN SEE THE DOG,0054
000540018,WAVE/SPEAKER0054/000540018.WAV,BILLY IS GOING TO SEE FOX,0054
000540031,WAVE/SPEAKER0054/000540031.WAV,SIX EIGHT FOUR SIX,0054
000540054,WAVE/SPEAKER0054/000540054.WAV,FIVE FIVE NINE ONE,0054
000540055,WAVE/SPEAKER0054/000540055.WAV,QUICK PAST PHOTO,0054
000540058,WAVE/SPEAKER0054/000540058.WAV,SHANGHAI QUIRE TODAY ONCE TOMORROW,0054
000540062,WAVE/SPEAKER0054/000540062.WAV,KANGAROO COWS TRACE,0054
000540072,WAVE/SPEAKER0054/000540072.WAV,PETER IS GOOD AT SKIN,0054
000540077,WAVE/SPEAKER0054/000540077.WAV,BILLY AT A LITTLE JAM,0054
000540088,WAVE/SPEAKER0054/000540088.WAV,LOOK AT BILLY'S FOOT,0054
000540106,WAVE/SPEAKER0054/000540106.WAV,LINDA CAN SEE THE SUN BOY,0054
000540111,WAVE/SPEAKER0054/000540111.WAV,MARY CAN SEE THE THIEF,0054
000540117,WAVE/SPEAKER0054/000540117.WAV,KATE WAS WALKING TO PARK,0054
000540123,WAVE/SPEAKER0054/000540123.WAV,SANDY WAS WALKING TO TURN PAR,0054
000540127,WAVE/SPEAKER0054/000540127.WAV,PETER IS DRAWING THE PASS,0054
000540130,WAVE/SPEAKER0054/000540130.WAV,NILA LOVES NEWS,0054
000540156,WAVE/SPEAKER0054/000540156.WAV,IT MUST BE HE,0054
000540163,WAVE/SPEAKER0054/000540163.WAV,I AM IN THE GLASS,0054
000560016,WAVE/SPEAKER0056/000560016.WAV,MARY IS GOING TO SEE MONKEY,0056
000560017,WAVE/SPEAKER0056/000560017.WAV,LUCY IS GOING TO SEE HORSE,0056
000560026,WAVE/SPEAKER0056/000560026.WAV,ONE FOUR SEVEN ONE,0056
000560030,WAVE/SPEAKER0056/000560030.WAV,FIVE EIGHT THREE TWO,0056
000560033,WAVE/SPEAKER0056/000560033.WAV,FIVE ONE SIX ONE,0056
000560038,WAVE/SPEAKER0056/000560038.WAV,ZERO FOUR ONE,0056
000560058,WAVE/SPEAKER0056/000560058.WAV,LUCY HOCK SONG MUTTON,0056
000560068,WAVE/SPEAKER0056/000560068.WAV,BY DAVID'S TOES,0056
000560074,WAVE/SPEAKER0056/000560074.WAV,I NEED NEW SHORTS,0056
000560075,WAVE/SPEAKER0056/000560075.WAV,JACK LIKES YOUR RED CUP,0056
000560084,WAVE/SPEAKER0056/000560084.WAV,LOOK AT DORA'S CLOT,0056
000560086,WAVE/SPEAKER0056/000560086.WAV,TEDDY CAN SEE THE CAR,0056
000560088,WAVE/SPEAKER0056/000560088.WAV,THE NEW CAR,0056
000560116,WAVE/SPEAKER0056/000560116.WAV,JIM WAS TO BE ARE GOLD TEACHER,0056
000560117,WAVE/SPEAKER0056/000560117.WAV,JACK WAS WANTS TO BE ARE GOLD NERVOUS,0056
000560134,WAVE/SPEAKER0056/000560134.WAV,ANYBODY CAN BANK BANK BANK,0056
000560154,WAVE/SPEAKER0056/000560154.WAV,LOOK HERE I CHUCK THIS,0056
000560159,WAVE/SPEAKER0056/000560159.WAV,BY YOUR LEAVE,0056
000560162,WAVE/SPEAKER0056/000560162.WAV,WHO CAN COUNT TO THREE,0056
000560172,WAVE/SPEAKER0056/000560172.WAV,BEAR GOT HIS BALL,0056
000700008,WAVE/SPEAKER0070/000700008.WAV,KATE HAS NOT THE MANGO,0070
000700010,WAVE/SPEAKER0070/000700010.WAV,THE CUTE ELEPHANT,0070
000700012,WAVE/SPEAKER0070/000700012.WAV,THANK YOU DEAR GOT,0070
000700015,WAVE/SPEAKER0070/000700015.WAV,LILLY IS GOING TO SEE PIG,0070
000700019,WAVE/SPEAKER0070/000700019.WAV,DORA CAN DRAW THE ZEBRA,0070
000700034,WAVE/SPEAKER0070/000700034.WAV,SEVEN THREE NINE FOUR,0070
000700037,WAVE/SPEAKER0070/000700037.WAV,THREE EIGHT ONE SEVEN,0070
000700046,WAVE/SPEAKER0070/000700046.WAV,NINE SEVEN FIVE FOUR,0070
000700048,WAVE/SPEAKER0070/000700048.WAV,TWO TWO NINE ONE,0070
000700053,WAVE/SPEAKER0070/000700053.WAV,EIGHT FIVE FIVE SEVEN,0070
000700063,WAVE/SPEAKER0070/000700063.WAV,SHOES OLYMPIA SHOES,0070
000700065,WAVE/SPEAKER0070/000700065.WAV,CINEMA FRIDAY FANS,0070
000700082,WAVE/SPEAKER0070/000700082.WAV,JOHN LIKES RICE,0070
000700109,WAVE/SPEAKER0070/000700109.WAV,LISA CAN SEE THE YET,0070
000700120,WAVE/SPEAKER0070/000700120.WAV,LISA CAN SEE THE CLASSROOM,0070
000700123,WAVE/SPEAKER0070/000700123.WAV,MANDY WANTS WALKING TO BEDROOM,0070
000700130,WAVE/SPEAKER0070/000700130.WAV,DAD GOES THE CARROT,0070
000700151,WAVE/SPEAKER0070/000700151.WAV,YOU ARE MOST WELCOME,0070
000700156,WAVE/SPEAKER0070/000700156.WAV,WELL MOTHER,0070
000700174,WAVE/SPEAKER0070/000700174.WAV,WHAT'S HER NAME,0070
000750005,WAVE/SPEAKER0075/000750005.WAV,BORN LIKES GREEN,0075
000750015,WAVE/SPEAKER0075/000750015.WAV,TOM IS GOING TO SEE COW,0075
000750020,WAVE/SPEAKER0075/000750020.WAV,SINGER IS COMING FROM AUSTRALIAN,0075
000750024,WAVE/SPEAKER0075/000750024.WAV,ANDY LOVES FRANCE,0075
000750026,WAVE/SPEAKER0075/000750026.WAV,FIVE FIVE ZERO SIX,0075
000750029,WAVE/SPEAKER0075/000750029.WAV,FIVE SEVEN SIX SIX,0075
000750045,WAVE/SPEAKER0075/000750045.WAV,FIVE NINE ZERO FOUR,0075
000750068,WAVE/SPEAKER0075/000750068.WAV,MARY LIKES TENNIS,0075
000750080,WAVE/SPEAKER0075/000750080.WAV,DO YOU KNOW THE NOODLES,0075
000750082,WAVE/SPEAKER0075/000750082.WAV,AND LIKES HAMBURGER,0075
000750085,WAVE/SPEAKER0075/000750085.WAV,JOHN HOT SOME MEAT,0075
000750091,WAVE/SPEAKER0075/000750091.WAV,MARK HAS A BEAUTIFUL SHORTS,0075
000750101,WAVE/SPEAKER0075/000750101.WAV,LOOK AT JOHN'S COAT,0075
000750106,WAVE/SPEAKER0075/000750106.WAV,LAYLA CAN SEE THE BUS,0075
000750108,WAVE/SPEAKER0075/000750108.WAV,THE PLANE IS NEAR,0075
000750123,WAVE/SPEAKER0075/000750123.WAV,BILLY WAS WALKING TO FARM,0075
000750128,WAVE/SPEAKER0075/000750128.WAV,LAYLA HOT THE PEAR,0075
000750134,WAVE/SPEAKER0075/000750134.WAV,TINA LIKES EYE,0075
000750140,WAVE/SPEAKER0075/000750140.WAV,MARY IS NOT SINGER,0075
000750149,WAVE/SPEAKER0075/000750149.WAV,TIM LIVES IN MOST ROOM NOW,0075
001030008,WAVE/SPEAKER0103/001030008.WAV,JACK HAS GOT SOME LEMON,0103
001030013,WAVE/SPEAKER0103/001030013.WAV,JOHN CAN DRAW THE HORSE,0103
001030032,WAVE/SPEAKER0103/001030032.WAV,EIGHT ONE ZERO SIX,0103
001030048,WAVE/SPEAKER0103/001030048.WAV,ZERO NINE THREE,0103
001030053,WAVE/SPEAKER0103/001030053.WAV,TWO FOUR SEVEN,0103
001030054,WAVE/SPEAKER0103/001030054.WAV,ONE FIVE THREE,0103
001030060,WAVE/SPEAKER0103/001030060.WAV,RELATIVES N U S A,0103
001030061,WAVE/SPEAKER0103/001030061.WAV,DRESSING HOCKEY P,0103
001030065,WAVE/SPEAKER0103/001030065.WAV,GIRL DINNER FAIRY,0103
001030077,WAVE/SPEAKER0103/001030077.WAV,JIM ATE A LITTLE TOLL FULL,0103
001030078,WAVE/SPEAKER0103/001030078.WAV,DOES TOM LIKE THE CHICKEN,0103
001030090,WAVE/SPEAKER0103/001030090.WAV,BY TOM'S SHOULDER,0103
001030099,WAVE/SPEAKER0103/001030099.WAV,PETER HAS A BEAUTIFUL HAT,0103
001030102,WAVE/SPEAKER0103/001030102.WAV,DORA NEEDS NEW T SHIRT,0103
001030103,WAVE/SPEAKER0103/001030103.WAV,JOHN LOVES THE NEW GLOVES,0103
001030121,WAVE/SPEAKER0103/001030121.WAV,THEN KATE WALKS TO BANK,0103
001030136,WAVE/SPEAKER0103/001030136.WAV,HE WANTS TO BE A FARMER,0103
001030143,WAVE/SPEAKER0103/001030143.WAV,BILL LIKES THE P E CLASS,0103
001030144,WAVE/SPEAKER0103/001030144.WAV,MANDY WENT TO THE ART CLASS,0103
001030155,WAVE/SPEAKER0103/001030155.WAV,SHALL WE GO HOME,0103
001040022,WAVE/SPEAKER0104/001040022.WAV,MANDY LIVES IN LAOS,0104
001040026,WAVE/SPEAKER0104/001040026.WAV,FIVE SIX FIVE SIX,0104
001040038,WAVE/SPEAKER0104/001040038.WAV,TWO FIVE ZERO FIVE,0104
001040050,WAVE/SPEAKER0104/001040050.WAV,FOUR FOUR SEVEN TWO,0104
001040062,WAVE/SPEAKER0104/001040062.WAV,CARDS BIRD LISTEN,0104
001040067,WAVE/SPEAKER0104/001040067.WAV,LAYLA IS GOOD AT SURFING,0104
001040069,WAVE/SPEAKER0104/001040069.WAV,LILLY GIVES UP HOCKEY,0104
001040071,WAVE/SPEAKER0104/001040071.WAV,MARY LIKES RUNNING,0104
001040073,WAVE/SPEAKER0104/001040073.WAV,MARK GIVES UP HANDBALL,0104
001040100,WAVE/SPEAKER0104/001040100.WAV,JOHN LIKES YOUR BLUE JACKET,0104
001040104,WAVE/SPEAKER0104/001040104.WAV,JOHN GOT THE SOCKS,0104
001040106,WAVE/SPEAKER0104/001040106.WAV,BILLY CAN SEE THE VAN,0104
001040108,WAVE/SPEAKER0104/001040108.WAV,I CAN PAINT MY SUBWAY,0104
001040115,WAVE/SPEAKER0104/001040115.WAV,THEN MANDY WHAT TO TOILET,0104
001040120,WAVE/SPEAKER0104/001040120.WAV,MARY CAN SEE THE BOOKSTORE,0104
001040122,WAVE/SPEAKER0104/001040122.WAV,SO BILLY WENT ON TO HOME,0104
001040134,WAVE/SPEAKER0104/001040134.WAV,SANDY LIKE THE TOMATO,0104
001040136,WAVE/SPEAKER0104/001040136.WAV,HE WANT TO BE A SINGER,0104
001040149,WAVE/SPEAKER0104/001040149.WAV,MIKE LIKE THE BIG GEN GEN CITY NEW YORK,0104
001040173,WAVE/SPEAKER0104/001040173.WAV,NO I AM NOT,0104
001310020,WAVE/SPEAKER0131/001310020.WAV,LYNDA LOVES AUSTRALIA,0131
001310022,WAVE/SPEAKER0131/001310022.WAV,ANDY LOVES CANADA,0131
001310023,WAVE/SPEAKER0131/001310023.WAV,BETTER LIVED IN CHINA,0131
001310061,WAVE/SPEAKER0131/001310061.WAV,DOES MIKE LIKE THE BEEF,0131
001310062,WAVE/SPEAKER0131/001310062.WAV,ANDY LIKES MEAT,0131
001310076,WAVE/SPEAKER0131/001310076.WAV,PLEASE CLOSE YOUR NEW T SHIRT,0131
001310078,WAVE/SPEAKER0131/001310078.WAV,MIKE LIKES YOUR BLUE JEANS,0131
001310081,WAVE/SPEAKER0131/001310081.WAV,BILLY GOT THE SKIRT,0131
001310096,WAVE/SPEAKER0131/001310096.WAV,JIM CAN SEE THE T V ROOM,0131
001310122,WAVE/SPEAKER0131/001310122.WAV,MARY WENT TO THE MATCH CLASS,0131
001310123,WAVE/SPEAKER0131/001310123.WAV,DADDY LIKES THE SCIENCE CLASS AT SCHOOL,0131
001310129,WAVE/SPEAKER0131/001310129.WAV,HOW DID YOU COME HERE,0131
001310144,WAVE/SPEAKER0131/001310144.WAV,HADI FRIEND,0131
001310148,WAVE/SPEAKER0131/001310148.WAV,CAR,0131
001310152,WAVE/SPEAKER0131/001310152.WAV,IT IS A LONG JOURNEY,0131
001310154,WAVE/SPEAKER0131/001310154.WAV,THEN WHY ARE YOU HERE,0131
001310155,WAVE/SPEAKER0131/001310155.WAV,HE ASKED,0131
001310162,WAVE/SPEAKER0131/001310162.WAV,STEP UP,0131
001310165,WAVE/SPEAKER0131/001310165.WAV,I GOAT UP THIS MORNING,0131
001310168,WAVE/SPEAKER0131/001310168.WAV,COME OVER HERE,0131
001350002,WAVE/SPEAKER0135/001350002.WAV,THIS MONTH IS OVER FOR ME,0135
001350091,WAVE/SPEAKER0135/001350091.WAV,WAR AFTER ALL IS FAR FROM AN EXACT SCIENCE,0135
001350119,WAVE/SPEAKER0135/001350119.WAV,THESE MATCHES ARE GOING TO BE GREAT,0135
001350124,WAVE/SPEAKER0135/001350124.WAV,I WORK FOR LIVING AND HAVE TO GET UP EARLY,0135
001350134,WAVE/SPEAKER0135/001350134.WAV,HE IS A BIG BOY,0135
001350163,WAVE/SPEAKER0135/001350163.WAV,I NEVER WANTED TO BE COOL,0135
001350174,WAVE/SPEAKER0135/001350174.WAV,REALLY WASHING I COULD WATCH A BREAK,0135
001350180,WAVE/SPEAKER0135/001350180.WAV,ITS TOO MANY FISH IN THE SEA TO BE JEALOUS,0135
001350194,WAVE/SPEAKER0135/001350194.WAV,THE GOOD THING IS THAT WE CAN SEE THE GAME,0135
001350216,WAVE/SPEAKER0135/001350216.WAV,AT THE TOP OF THE CHARTS,0135
001350219,WAVE/SPEAKER0135/001350219.WAV,NO ONE WANTS TO TALK TO ME TONIGHT,0135
001350243,WAVE/SPEAKER0135/001350243.WAV,READY TO BE AT THE LAKE,0135
001350285,WAVE/SPEAKER0135/001350285.WAV,ALWAYS WAITING FOR THE NEXT SEASON,0135
001350312,WAVE/SPEAKER0135/001350312.WAV,THE OLD MAN WILL NOT ALLOW THIS,0135
001350317,WAVE/SPEAKER0135/001350317.WAV,BUCKET WANTED NERVOUSLY IN THE WINGS,0135
001350318,WAVE/SPEAKER0135/001350318.WAV,THE NIGHT IS COOL AND ROAD IS LONG,0135
001350343,WAVE/SPEAKER0135/001350343.WAV,I PUT MY ELBOWS ON THE TABLE,0135
001350350,WAVE/SPEAKER0135/001350350.WAV,WHY YES TO BE SURE,0135
001350356,WAVE/SPEAKER0135/001350356.WAV,BETTER TO BE VAGUE HE THOUGHT,0135
001350375,WAVE/SPEAKER0135/001350375.WAV,IT'S ONLY FOR HER THAT I ASKED,0135
001450037,WAVE/SPEAKER0145/001450037.WAV,FOUR THREE THREE EIGHT,0145
001450043,WAVE/SPEAKER0145/001450043.WAV,FIVE FOUR FIVE ONE,0145
001450049,WAVE/SPEAKER0145/001450049.WAV,DIVER IS NOT GOOD AT FOOTBALL,0145
001450051,WAVE/SPEAKER0145/001450051.WAV,MIDDLE LIKES RETURNS BOWING,0145
001450063,WAVE/SPEAKER0145/001450063.WAV,TINA LIKES PORK,0145
001450070,WAVE/SPEAKER0145/001450070.WAV,LISTEN LIKES THE OLD,0145
001450083,WAVE/SPEAKER0145/001450083.WAV,BILLY LIKES YOUR RED SWEATER,0145
001450090,WAVE/SPEAKER0145/001450090.WAV,SO JAM WANTS IT TO THE HOUSE,0145
001450094,WAVE/SPEAKER0145/001450094.WAV,DAVID CAN SEE THE ME PARK,0145
001450098,WAVE/SPEAKER0145/001450098.WAV,JACK WAS WALK TO THE THEM PARK,0145
001450109,WAVE/SPEAKER0145/001450109.WAV,TINA WASHED CLEAN,0145
001450116,WAVE/SPEAKER0145/001450116.WAV,BUTTER WANTS TO BE A GOOD ART,0145
001450140,WAVE/SPEAKER0145/001450140.WAV,OFFER IS BEST,0145
001450142,WAVE/SPEAKER0145/001450142.WAV,PITS,0145
001450146,WAVE/SPEAKER0145/001450146.WAV,AND I'M A CAT,0145
001450159,WAVE/SPEAKER0145/001450159.WAV,AND TO A LIGHTER HOUSE,0145
001450170,WAVE/SPEAKER0145/001450170.WAV,HOW BEAUTIFUL THEY FIT,0145
001450171,WAVE/SPEAKER0145/001450171.WAV,THIS IS TODAY PIG'S OFFICER,0145
001450172,WAVE/SPEAKER0145/001450172.WAV,YES IT'S VERY PRETTY,0145
001450173,WAVE/SPEAKER0145/001450173.WAV,VERY,0145
004820005,WAVE/SPEAKER0482/004820005.WAV,OUR WISH IS TO LIVE THROUGH THIS SEASON,0482
004820015,WAVE/SPEAKER0482/004820015.WAV,WE HAVE OTHERS WHO CAN DO THE SAME THING,0482
004820041,WAVE/SPEAKER0482/004820041.WAV,BUT AGAIN HE HAS MADE A VERY CLEAR STATEMENT,0482
004820045,WAVE/SPEAKER0482/004820045.WAV,THIS IS A GOOD STEP,0482
004820055,WAVE/SPEAKER0482/004820055.WAV,THOSE COULD HAPPEN TO ANYONE,0482
004820114,WAVE/SPEAKER0482/004820114.WAV,YOUR SECOND SHOT WILL BE A CHOICE OF TWO OPTIONS,0482
004820119,WAVE/SPEAKER0482/004820119.WAV,TIME TO MAKE A STATEMENT CAPTAINS,0482
004820144,WAVE/SPEAKER0482/004820144.WAV,TONIGHT HE WAS WORSE THAN ANYONE,0482
004820201,WAVE/SPEAKER0482/004820201.WAV,I FALL IN LOVE WITH MORE AND MORE EVERYDAY,0482
004820214,WAVE/SPEAKER0482/004820214.WAV,MUSIC WILL BE HERE FOREVER,0482
004820220,WAVE/SPEAKER0482/004820220.WAV,THAT'S NOT A BAD DEAL,0482
004820239,WAVE/SPEAKER0482/004820239.WAV,CHEATING IS FOR THE CHILDISH,0482
004820258,WAVE/SPEAKER0482/004820258.WAV,SECRETARY OF ENERGY IS WRONG,0482
004820265,WAVE/SPEAKER0482/004820265.WAV,JUST TELL ME IF YOU FEEL THE SAME WAY TOO,0482
004820268,WAVE/SPEAKER0482/004820268.WAV,I HAVE THE HEART OF A LION,0482
004820329,WAVE/SPEAKER0482/004820329.WAV,BUT THE CITY WAS ALREADY DIRTY,0482
004820353,WAVE/SPEAKER0482/004820353.WAV,SHE MIGHT PUSH HIM OFF INTO THE DEEPS,0482
004820370,WAVE/SPEAKER0482/004820370.WAV,I SHUT MY EYES FOR ONE BREATH,0482
004820371,WAVE/SPEAKER0482/004820371.WAV,SO THERE IS REALLY NO ROOM FOR DOUBT,0482
004820378,WAVE/SPEAKER0482/004820378.WAV,I SHALL NEVER FORGIVE MYSELF FOR THIS EXPOSURE,0482
005600015,WAVE/SPEAKER0560/005600015.WAV,A LIGHT RAIN WAS FALLING AT THE TIME,0560
005600060,WAVE/SPEAKER0560/005600060.WAV,HIS EYES WERE ROLLING AROUND,0560
005600065,WAVE/SPEAKER0560/005600065.WAV,I GO ON THE FIELD AND I PLAY,0560
005600129,WAVE/SPEAKER0560/005600129.WAV,CAN I JUST FALL OFF THE FACE OF THE EARTH,0560
005600145,WAVE/SPEAKER0560/005600145.WAV,WHAT'S THE MATTER WITH US,0560
005600146,WAVE/SPEAKER0560/005600146.WAV,COVER OF A COVER A,0560
005600153,WAVE/SPEAKER0560/005600153.WAV,I BILL NOT AFRAID,0560
005600154,WAVE/SPEAKER0560/005600154.WAV,I WILL INFORMED PEOPLE SHOULD NOT BE ALONG TO VOTE,0560
005600180,WAVE/SPEAKER0560/005600180.WAV,MORE OF US ARE COMING,0560
005600199,WAVE/SPEAKER0560/005600199.WAV,PLUS THEY CAN BE FUN,0560
005600205,WAVE/SPEAKER0560/005600205.WAV,AND THANK YOU FOR POINTING THIS OUT TO US,0560
005600212,WAVE/SPEAKER0560/005600212.WAV,AND IT SEEMS TO BE MOSTLY PHONES,0560
005600214,WAVE/SPEAKER0560/005600214.WAV,FEELING IS STILL THE SAME,0560
005600268,WAVE/SPEAKER0560/005600268.WAV,I WANT A COUPLE OF WEEKS OFF,0560
005600294,WAVE/SPEAKER0560/005600294.WAV,YOU A FAN OF THEM,0560
005600296,WAVE/SPEAKER0560/005600296.WAV,YES BECAUSE IT IS THE NEXT GAME,0560
005600298,WAVE/SPEAKER0560/005600298.WAV,SO WHY ARE YOU BREATH,0560
005600318,WAVE/SPEAKER0560/005600318.WAV,HE WAS A MAN AND SO HE SHOULD KNOW ALL,0560
005600365,WAVE/SPEAKER0560/005600365.WAV,SHE WAS STANDING IN A BOAT,0560
005600370,WAVE/SPEAKER0560/005600370.WAV,BELOW TO THE LEFT WAS THE RIVER,0560
005750059,WAVE/SPEAKER0575/005750059.WAV,IT'S A BOOK THAT WILL ENTERTAIN AS IT INFORMS,0575
005750067,WAVE/SPEAKER0575/005750067.WAV,IT'S EASY TO FEEL ENTHUSIASTIC,0575
005750089,WAVE/SPEAKER0575/005750089.WAV,THE MOVE IS A PART OF PLAN TO INCREASE PROFITS,0575
005750099,WAVE/SPEAKER0575/005750099.WAV,REPORTS ARE EXPECTED BY THE END OF THE YEAR,0575
005750150,WAVE/SPEAKER0575/005750150.WAV,LOVE TO SEE THAT ALL THE TREES ARE DOWN,0575
005750168,WAVE/SPEAKER0575/005750168.WAV,POSSIBLE FOR ME TO MEET YOU,0575
005750178,WAVE/SPEAKER0575/005750178.WAV,WHAT'S ARE YOU GOING AS,0575
005750179,WAVE/SPEAKER0575/005750179.WAV,BEAUTIFUL DAY TO BE A FAN,0575
005750237,WAVE/SPEAKER0575/005750237.WAV,LISTENING TO WANTED ON THE RADIO,0575
005750249,WAVE/SPEAKER0575/005750249.WAV,TIME FOR ME TO MAKE IT PRETTY,0575
005750268,WAVE/SPEAKER0575/005750268.WAV,ALL ABOUT THE CHINA CUP FOR ME,0575
005750270,WAVE/SPEAKER0575/005750270.WAV,RIGHT NOW IS THE TIME TO MAKE THAT MOVE,0575
005750290,WAVE/SPEAKER0575/005750290.WAV,DO YOU BELIEVE IN DREAMS,0575
005750297,WAVE/SPEAKER0575/005750297.WAV,I WILL CONTINUE TO LOOK UP TO HERE,0575
005750298,WAVE/SPEAKER0575/005750298.WAV,HOPE IS IN THE TOUR,0575
005750300,WAVE/SPEAKER0575/005750300.WAV,THE BEAST PACKAGE IS BACK,0575
005750303,WAVE/SPEAKER0575/005750303.WAV,IT IS A GREAT RESOURCE,0575
005750321,WAVE/SPEAKER0575/005750321.WAV,THEY PASS INTO THE STREET,0575
005750330,WAVE/SPEAKER0575/005750330.WAV,THE ANSWER TO THAT WAS ALSO BEGINNING TO COME,0575
005750347,WAVE/SPEAKER0575/005750347.WAV,IT WOULD BE IMPOSSIBLE IN THIS LITTLE FLAT,0575
005940019,WAVE/SPEAKER0594/005940019.WAV,I COULD TAKE NO MORE OF THE FACE OF,0594
005940025,WAVE/SPEAKER0594/005940025.WAV,I HAVE NO CHANCE WHAT TO EXPRESS,0594
005940141,WAVE/SPEAKER0594/005940141.WAV,WHERE ARE YOU PLAYING TO PLAY NOW,0594
005940142,WAVE/SPEAKER0594/005940142.WAV,I NEED TO FIND THAT BOOK,0594
005940164,WAVE/SPEAKER0594/005940164.WAV,I WAS THE FIRST ON THE TAKE YOU,0594
005940174,WAVE/SPEAKER0594/005940174.WAV,GET IN TOUCH I WILL PUT YOU IN THE RIGHT,0594
005940193,WAVE/SPEAKER0594/005940193.WAV,I WANT TO BE OUT IN THE SHOW,0594
005940195,WAVE/SPEAKER0594/005940195.WAV,IT WAS A GREAT NIGHT,0594
005940234,WAVE/SPEAKER0594/005940234.WAV,SURE WE WILL GO WITH THAT,0594
005940237,WAVE/SPEAKER0594/005940237.WAV,A BRIGHT LIGHT AT THE END OF THE,0594
005940238,WAVE/SPEAKER0594/005940238.WAV,THIS HAPPENED TO ME IN COLLEGE,0594
005940252,WAVE/SPEAKER0594/005940252.WAV,DO YOU KNOW SOMEONE WHO WILL,0594
005940263,WAVE/SPEAKER0594/005940263.WAV,WHAT DO YOU NOT WANT TO TALK TALK ABOUT,0594
005940267,WAVE/SPEAKER0594/005940267.WAV,HELP THEM WITHOUT HAVING TO BE,0594
005940271,WAVE/SPEAKER0594/005940271.WAV,I JUST WANT HIM TO LOVE ME,0594
005940283,WAVE/SPEAKER0594/005940283.WAV,I THINK IT'S TIME TO REST,0594
005940304,WAVE/SPEAKER0594/005940304.WAV,I FEEL LIKE GOING FOR A WAKE,0594
005940318,WAVE/SPEAKER0594/005940318.WAV,I FEEL JUST AS IF I WERE IN A BOOK,0594
005940373,WAVE/SPEAKER0594/005940373.WAV,AFTER ALL SHE COULD DO HIM NO INJURE,0594
005940380,WAVE/SPEAKER0594/005940380.WAV,WHERE WERE WE GOING AND THAT WERE WE TO DO,0594
007390013,WAVE/SPEAKER0739/007390013.WAV,BUT IT CERTAINLY IS POSSIBLE,0739
007390019,WAVE/SPEAKER0739/007390019.WAV,THE WOLFS WERE NOT QUITE AS BAD,0739
007390062,WAVE/SPEAKER0739/007390062.WAV,IT WAS A TOUGH POSITION TO BE IN,0739
007390070,WAVE/SPEAKER0739/007390070.WAV,IT'S ABOUT WHAT KIND OF LIVES AMERICAN PEOPLE WILL LEAD,0739
007390072,WAVE/SPEAKER0739/007390072.WAV,AND IT'S AGAINST THE LAW,0739
007390092,WAVE/SPEAKER0739/007390092.WAV,IT SHOULD BE LOST OF RUN,0739
007390119,WAVE/SPEAKER0739/007390119.WAV,NOTHING TO DO WITH HAVING A BABY,0739
007390120,WAVE/SPEAKER0739/007390120.WAV,I HAVE NO TIME FOR GUESSING,0739
007390139,WAVE/SPEAKER0739/007390139.WAV,IT'S MONDAY IN MY NECK OF THE WOODS,0739
007390160,WAVE/SPEAKER0739/007390160.WAV,I'M MORE THAN WHAT THEM WANT TO BELIEVE,0739
007390195,WAVE/SPEAKER0739/007390195.WAV,IT WALL DEPENDS ON WHAT IS IN OUR HEARTS,0739
007390197,WAVE/SPEAKER0739/007390197.WAV,I SHAME TO BE THE ONLY ONE,0739
007390208,WAVE/SPEAKER0739/007390208.WAV,LET US KNOW WHAT YOU THINK OF IT,0739
007390211,WAVE/SPEAKER0739/007390211.WAV,LOST AN HOUR OF SLEEP,0739
007390220,WAVE/SPEAKER0739/007390220.WAV,NOTHING WILL KEEP ME AWAY FROM THIS MUSIC,0739
007390228,WAVE/SPEAKER0739/007390228.WAV,DO WE NEED TO SAY EVERYTHING,0739
007390238,WAVE/SPEAKER0739/007390238.WAV,TIME TO PUT YOUR MIND THE TEST,0739
007390281,WAVE/SPEAKER0739/007390281.WAV,IT'S A VERY AMERICAN VIEW,0739
007390294,WAVE/SPEAKER0739/007390294.WAV,BEAT THE TIGER FOR US,0739
007390355,WAVE/SPEAKER0739/007390355.WAV,BUT WE MUST SPEAK FURTHER OF IN HIS SONGS,0739
008130061,WAVE/SPEAKER0813/008130061.WAV,IT WAS JUST LIKE A SPRING TRAINING PLAY,0813
008130081,WAVE/SPEAKER0813/008130081.WAV,THE JAZZ WERE UNABLE TO GET OFF A FINAL SHOT,0813
008130091,WAVE/SPEAKER0813/008130091.WAV,THREE OF THE VICTIMS WERE LISTED IN SERIOUS CONDITION,0813
008130100,WAVE/SPEAKER0813/008130100.WAV,BUT I WOULD IF HE WERE THE BEST PLAYER,0813
008130153,WAVE/SPEAKER0813/008130153.WAV,LOVE IS IN THE BUILDING,0813
008130196,WAVE/SPEAKER0813/008130196.WAV,I JUST WANT TO BE THERE,0813
008130222,WAVE/SPEAKER0813/008130222.WAV,YOU DIG HELP MAKE IT HAPPEN,0813
008130233,WAVE/SPEAKER0813/008130233.WAV,WHERE ARE YOU GOING TO KEEP IT,0813
008130257,WAVE/SPEAKER0813/008130257.WAV,BUT IT IS GOOD ALONE,0813
008130271,WAVE/SPEAKER0813/008130271.WAV,WE WILL HAVE TO AGREE TO DISAGREE,0813
008130281,WAVE/SPEAKER0813/008130281.WAV,ESPECIALLY AFTER A LONG SESSION,0813
008130282,WAVE/SPEAKER0813/008130282.WAV,I'M SO LUCKY TO LIVE IN SUCH A BEAUTIFUL PLACE,0813
008130283,WAVE/SPEAKER0813/008130283.WAV,LITTLE TOO MUCH TIME ON MY HANDS TODAY,0813
008130288,WAVE/SPEAKER0813/008130288.WAV,THINGS ARE ONLY GOING TO GET WORSE FROM HERE,0813
008130301,WAVE/SPEAKER0813/008130301.WAV,BUT HE WANTS TO COME SOONER,0813
008130339,WAVE/SPEAKER0813/008130339.WAV,THE GIRL WAS FOUR AT THE TIME,0813
008130340,WAVE/SPEAKER0813/008130340.WAV,OH IT IS RICH TO SEE AND HEAR HER,0813
008130346,WAVE/SPEAKER0813/008130346.WAV,IT WAS A SUFFICIENT ANSWER,0813
008130356,WAVE/SPEAKER0813/008130356.WAV,AND THEN HE WILL TAKE IT,0813
008130380,WAVE/SPEAKER0813/008130380.WAV,I BEG TO KNOW IF SUCH WERE THE FACT,0813
009600062,WAVE/SPEAKER0960/009600062.WAV,THE GAME IS FILLED WITH THIS,0960
009600113,WAVE/SPEAKER0960/009600113.WAV,HE'S UP AGAINST SOMETHING THAT IS NOT GOING TO YIELD,0960
009600118,WAVE/SPEAKER0960/009600118.WAV,IS IT POSSIBLE YOU ARE IN THE WRONG ACCOUNT,0960
009600120,WAVE/SPEAKER0960/009600120.WAV,JUST A PIECE OF TODAY,0960
009600127,WAVE/SPEAKER0960/009600127.WAV,THE ONLY THING YOU NEED TO SEE TODAY,0960
009600129,WAVE/SPEAKER0960/009600129.WAV,NEED TO INVEST IN YOUR FUTURE,0960
009600133,WAVE/SPEAKER0960/009600133.WAV,BUT WERE DEPENDENCE ON THE IMPORTANCE OF THE GAME,0960
009600140,WAVE/SPEAKER0960/009600140.WAV,IT'S GOOD TO BE THE CAPTAIN,0960
009600186,WAVE/SPEAKER0960/009600186.WAV,FEEL FOR HIS WIFE AND SONGS,0960
009600190,WAVE/SPEAKER0960/009600190.WAV,ONCE YOU LOSE THE PASSION IT IS A WRAP,0960
009600205,WAVE/SPEAKER0960/009600205.WAV,IS LOOKING FORWARD TO THE TENNIS TOMORROW,0960
009600215,WAVE/SPEAKER0960/009600215.WAV,DAY ONE IN THE BAG,0960
009600262,WAVE/SPEAKER0960/009600262.WAV,IT'S GOOD TO BE WHITE,0960
009600267,WAVE/SPEAKER0960/009600267.WAV,YOU HAVE NO IDEA HOW WRONG YOU ARE,0960
009600270,WAVE/SPEAKER0960/009600270.WAV,THINKING OF HIS FAMILY AND FRIENDS,0960
009600287,WAVE/SPEAKER0960/009600287.WAV,I KNOW I AM GOING TO BED,0960
009600335,WAVE/SPEAKER0960/009600335.WAV,AND THIS IS MY OPINION AND IT'S A FINAL ONE,0960
009600337,WAVE/SPEAKER0960/009600337.WAV,I MADE HIS ACQUAINTANCE HERE,0960
009600338,WAVE/SPEAKER0960/009600338.WAV,THE NEXT STOP WAS AT THE MUSEUM,0960
009600343,WAVE/SPEAKER0960/009600343.WAV,WHAT A DAY FOR A BATHE,0960
010120008,WAVE/SPEAKER1012/010120008.WAV,IT'S SOMETHING TO WATCH FOR,1012
010120059,WAVE/SPEAKER1012/010120059.WAV,HE ALLOWED FIVE WRONGS AND EIGHT HITS OVER FIVE INNINGS,1012
010120071,WAVE/SPEAKER1012/010120071.WAV,I WAS ALL OVER HIM IN THE SECOND SET,1012
010120128,WAVE/SPEAKER1012/010120128.WAV,HE'S A DOCTOR OF EVERYTHING,1012
010120148,WAVE/SPEAKER1012/010120148.WAV,I HAVE A FEELING THIS IS ONLY THE BEGINNING,1012
010120166,WAVE/SPEAKER1012/010120166.WAV,I THINK THAT'S WHAT YOU WANT TO BE,1012
010120180,WAVE/SPEAKER1012/010120180.WAV,I GO WITH THE FOLLOW,1012
010120193,WAVE/SPEAKER1012/010120193.WAV,WELCOME TO THE NEW BOSS,1012
010120200,WAVE/SPEAKER1012/010120200.WAV,YOU WILL FEEL A LOT OF PAIN,1012
010120208,WAVE/SPEAKER1012/010120208.WAV,JUST GETTING READY TO GO OUT AND YOU,1012
010120212,WAVE/SPEAKER1012/010120212.WAV,NOT IN THE MOOD OF ANY OF THEM,1012
010120219,WAVE/SPEAKER1012/010120219.WAV,DO YOU THINK IT WILL BE CONFIRMED,1012
010120243,WAVE/SPEAKER1012/010120243.WAV,IT'S BASED OF WHAT HAPPENED TO ME AND MY COUSIN,1012
010120255,WAVE/SPEAKER1012/010120255.WAV,HE TRYING TO GET BACK IN THE HOUSE,1012
010120265,WAVE/SPEAKER1012/010120265.WAV,IRON BANNER CONTROL IS BACK,1012
010120269,WAVE/SPEAKER1012/010120269.WAV,SPENDING TOO MUCH TIME ON A GAME,1012
010120303,WAVE/SPEAKER1012/010120303.WAV,DOING THE LITTLE THINGS CAN MAKE A BIG DIFFERENCE,1012
010120334,WAVE/SPEAKER1012/010120334.WAV,I HAD JUST COME IN FROM THE STREET,1012
010120335,WAVE/SPEAKER1012/010120335.WAV,IT WAS SO WELL PRINTED ON SUCH GOOD PAPER,1012
010120374,WAVE/SPEAKER1012/010120374.WAV,THAT WAS DIFFICULT TO SAY,1012
010270117,WAVE/SPEAKER1027/010270117.WAV,YELL THE VERY SAME THING,1027
010270124,WAVE/SPEAKER1027/010270124.WAV,HOW CAN THEY BE ALLOWED TO TRADE,1027
010270131,WAVE/SPEAKER1027/010270131.WAV,TIME TO BUY A NEW HOME,1027
010270140,WAVE/SPEAKER1027/010270140.WAV,WE HAVE TO GET IT OUT OF OR CULTURE,1027
010270170,WAVE/SPEAKER1027/010270170.WAV,YOU COMING BACK FOR THE GAMES,1027
010270198,WAVE/SPEAKER1027/010270198.WAV,SOME OF US ARE NOT HERE TO BE LOVED,1027
010270226,WAVE/SPEAKER1027/010270226.WAV,THAT SEEMS TO WORK FOR THEM,1027
010270238,WAVE/SPEAKER1027/010270238.WAV,MAYBE THIS WILL BE THE DAY,1027
010270265,WAVE/SPEAKER1027/010270265.WAV,THIS IS NOT A SERIOUS PROBLEM,1027
010270268,WAVE/SPEAKER1027/010270268.WAV,I WANT TO BE ABLE TO START MY OWN PROJECTS,1027
010270294,WAVE/SPEAKER1027/010270294.WAV,AND YES AT THE SAME TIME,1027
010270301,WAVE/SPEAKER1027/010270301.WAV,YOU HAVE TO LEAVE THE HOUSE PLEASE,1027
010270306,WAVE/SPEAKER1027/010270306.WAV,THEN HE RETURNED TO HER AND DEMANDED SOMETHING TO EAT,1027
010270314,WAVE/SPEAKER1027/010270314.WAV,HE WANTED ME ON THIS JOB,1027
010270349,WAVE/SPEAKER1027/010270349.WAV,THE UNCLE MUST BE VERY RICH INDEED,1027
010270354,WAVE/SPEAKER1027/010270354.WAV,I THINK IT'S QUITE PROPER,1027
010270356,WAVE/SPEAKER1027/010270356.WAV,HERE WE ARE CAUGHT JUST AS THEY WERE BEFORE,1027
010270366,WAVE/SPEAKER1027/010270366.WAV,IT WAS A TREAT TO SEE HER AT HER WORK,1027
010270368,WAVE/SPEAKER1027/010270368.WAV,HER EYES MY DEAR BOY ARE SO BEAUTIFUL,1027
010270377,WAVE/SPEAKER1027/010270377.WAV,AND THEY WOULD GET A FORMAL END TO THE CONFLICT,1027
010290003,WAVE/SPEAKER1029/010290003.WAV,BUT THERE HAD BETTER NOT BE,1029
010290066,WAVE/SPEAKER1029/010290066.WAV,HE LEFT BEHIND A WIFE AND A YOUNG SON,1029
010290094,WAVE/SPEAKER1029/010290094.WAV,IT'S REALLY A GOOD ONE,1029
010290096,WAVE/SPEAKER1029/010290096.WAV,A BLACK TRUCK STOPS IN FRONT OF YOU,1029
010290123,WAVE/SPEAKER1029/010290123.WAV,THANK YOU FOR MAKING ME FEEL SO ALIVE,1029
010290152,WAVE/SPEAKER1029/010290152.WAV,THIS ELECTION IS GOING TO BE A TURNING POINT,1029
010290179,WAVE/SPEAKER1029/010290179.WAV,THIS ONE IS FOR THE ARMY,1029
010290189,WAVE/SPEAKER1029/010290189.WAV,YOU THINK THAT THIS IS OKAY,1029
010290229,WAVE/SPEAKER1029/010290229.WAV,TO SWIM OR NOT TO SWIM,1029
010290236,WAVE/SPEAKER1029/010290236.WAV,BUT IT'S NOT THE LIGHT TIME IS IT,1029
010290252,WAVE/SPEAKER1029/010290252.WAV,ROUGH STAR TO THE YEAR BUT IT WILL GET BETTER,1029
010290260,WAVE/SPEAKER1029/010290260.WAV,THIS IS VERY BIG DEAL,1029
010290276,WAVE/SPEAKER1029/010290276.WAV,DO YOU KNOW WHY THEY CLOSED,1029
010290287,WAVE/SPEAKER1029/010290287.WAV,WHY IS THE BEST PLACE TO WORK,1029
010290294,WAVE/SPEAKER1029/010290294.WAV,MOVE ON TO THE NEXT FISH,1029
010290320,WAVE/SPEAKER1029/010290320.WAV,I MUST MAKE THE ATTACK FROM THE OTHER SIDE,1029
010290330,WAVE/SPEAKER1029/010290330.WAV,BUT YOU MUST WAIT TILL HE COMES BACK,1029
010290341,WAVE/SPEAKER1029/010290341.WAV,NOTHING COMES FROM A SINGLE CAUSE BUT FROM MANY,1029
010290361,WAVE/SPEAKER1029/010290361.WAV,BUT THE WORK WAS VERY HARD AND HOT,1029
010290362,WAVE/SPEAKER1029/010290362.WAV,THAT'S THE WAY IT IS MY SON,1029
010330026,WAVE/SPEAKER1033/010330026.WAV,WE HAD ONE DRIVE THE WHOLE GAME FOR SCORE,1033
010330033,WAVE/SPEAKER1033/010330033.WAV,THERE'S NO TIME TO WASTE,1033
010330035,WAVE/SPEAKER1033/010330035.WAV,IT MAKES MORE SENSE THAN GOING TO WAR,1033
010330052,WAVE/SPEAKER1033/010330052.WAV,CONGRESS WOULD MAKE THE FINAL DESIGNATION,1033
010330053,WAVE/SPEAKER1033/010330053.WAV,SHE KNOWS HE LOVES HER AND SHE LOVES HIM,1033
010330085,WAVE/SPEAKER1033/010330085.WAV,PRIDE IN THE COUNTRY WAS ALSO DOWN,1033
010330103,WAVE/SPEAKER1033/010330103.WAV,SOMETHING ALWAYS SEEM TO HAPPEN TO HER,1033
010330129,WAVE/SPEAKER1033/010330129.WAV,BECAUSE I KNOW I NEED MORE THAN WHAT I HAVE,1033
010330139,WAVE/SPEAKER1033/010330139.WAV,IN ORDER TO WORK EFFECTIVELY YOU NEED TO BE ORGANIZE,1033
010330147,WAVE/SPEAKER1033/010330147.WAV,CAN WE GET BACK TO THEN,1033
010330197,WAVE/SPEAKER1033/010330197.WAV,IT'S A GOOD THING THAT THE GOVERNMENT IS LISTENING,1033
010330206,WAVE/SPEAKER1033/010330206.WAV,WAS THERE REASON FOR THAT PARTICULAR AMOUNT OF VIEWINGS,1033
010330235,WAVE/SPEAKER1033/010330235.WAV,HIT THE HEAD ON THE NAIL,1033
010330241,WAVE/SPEAKER1033/010330241.WAV,ABOUT TO GET IN MY BED,1033
010330257,WAVE/SPEAKER1033/010330257.WAV,IF HE WANTED TO BE HERE HE WOULD BE,1033
010330268,WAVE/SPEAKER1033/010330268.WAV,SO A LONG TIME AGO THIS HAPPENED,1033
010330277,WAVE/SPEAKER1033/010330277.WAV,IT WOULD BE FUNNY IF IT WERE NOT SO SAD,1033
010330325,WAVE/SPEAKER1033/010330325.WAV,EVERY ONE AT SAME MOMENT LOOKED AT IT,1033
010330345,WAVE/SPEAKER1033/010330345.WAV,GIVE ME SOMETHING TO GO ON,1033
010330346,WAVE/SPEAKER1033/010330346.WAV,AND NO ONE WOULD CARE ENOUGH TO COME LOOKING,1033
010420022,WAVE/SPEAKER1042/010420022.WAV,BITTER LIVED IN FANS,1042
010420023,WAVE/SPEAKER1042/010420023.WAV,JACK IS FROM AUSTRALIA,1042
010420025,WAVE/SPEAKER1042/010420025.WAV,ALISA IS FROM CHINA,1042
010420034,WAVE/SPEAKER1042/010420034.WAV,ONE SEVEN FIVE FIVE,1042
010420040,WAVE/SPEAKER1042/010420040.WAV,NINE SIX FOUR ONE,1042
010420047,WAVE/SPEAKER1042/010420047.WAV,TWO TWO NINE,1042
010420059,WAVE/SPEAKER1042/010420059.WAV,LOVES SMELL FRESH BUFF,1042
010420060,WAVE/SPEAKER1042/010420060.WAV,TINA GOT SOME TURKEY,1042
010420064,WAVE/SPEAKER1042/010420064.WAV,DAVID GOT SOME LAMB,1042
010420102,WAVE/SPEAKER1042/010420102.WAV,LYNDA GOT ON MATTER CARES,1042
010420105,WAVE/SPEAKER1042/010420105.WAV,JACK WAS WALKING TO FAT,1042
010420107,WAVE/SPEAKER1042/010420107.WAV,SO LYNDA WHEN ON TO COMPANY,1042
010420129,WAVE/SPEAKER1042/010420129.WAV,HE LOVES BACK MUSHROOM,1042
010420133,WAVE/SPEAKER1042/010420133.WAV,DAVID THIS IS CLEAR,1042
010420134,WAVE/SPEAKER1042/010420134.WAV,HENNY GOT THE EGGPLANT,1042
010420143,WAVE/SPEAKER1042/010420143.WAV,ALICE WILL ARRIVE IN JANUARY SIXTH,1042
010420151,WAVE/SPEAKER1042/010420151.WAV,THAT IS YOUR NAME,1042
010420157,WAVE/SPEAKER1042/010420157.WAV,BEAUTIFUL THE NAME IS,1042
010420167,WAVE/SPEAKER1042/010420167.WAV,I HAVE NO ONE BUT YOU,1042
010420175,WAVE/SPEAKER1042/010420175.WAV,DO YOU LIKE IT TOO,1042
010440006,WAVE/SPEAKER1044/010440006.WAV,MANDY IS GOING TO SEE SHARK,1044
010440008,WAVE/SPEAKER1044/010440008.WAV,DAVID CAN PAINT THE DONKEY,1044
010440012,WAVE/SPEAKER1044/010440012.WAV,ANDY RAN AWAY FROM THE SQUID,1044
010440017,WAVE/SPEAKER1044/010440017.WAV,TIM WENT TO SEE KILLER,1044
010440038,WAVE/SPEAKER1044/010440038.WAV,SEVEN FOUR ONE TWO,1044
010440039,WAVE/SPEAKER1044/010440039.WAV,THREE SIX FOUR SEVEN,1044
010440053,WAVE/SPEAKER1044/010440053.WAV,DAVID IS AN EXPERT AT AMERICAN FOOTBALL,1044
010440064,WAVE/SPEAKER1044/010440064.WAV,DOES NEIL LIKE THE NOODLES,1044
010440077,WAVE/SPEAKER1044/010440077.WAV,LET'S DRAW JACK'S ARM,1044
010440093,WAVE/SPEAKER1044/010440093.WAV,HERE IS LAYLA'S CLOTH,1044
010440099,WAVE/SPEAKER1044/010440099.WAV,WHAT OUT THE CAR,1044
010440106,WAVE/SPEAKER1044/010440106.WAV,SO NEIL WENT ON TO STUDY,1044
010440107,WAVE/SPEAKER1044/010440107.WAV,THEN PETER WALKED TO THEM PARK,1044
010440117,WAVE/SPEAKER1044/010440117.WAV,THEN DAVID WALKED TO PARK,1044
010440119,WAVE/SPEAKER1044/010440119.WAV,TINA IS DRAWING THE MUSHROOM,1044
010440120,WAVE/SPEAKER1044/010440120.WAV,JAYME LOVES POTATO,1044
010440127,WAVE/SPEAKER1044/010440127.WAV,LOWEN THIS IS CARROT,1044
010440149,WAVE/SPEAKER1044/010440149.WAV,CAN I SEE YOUR BOY,1044
010440150,WAVE/SPEAKER1044/010440150.WAV,LOOK AT THE OLD HOUSE,1044
010440154,WAVE/SPEAKER1044/010440154.WAV,YOU ARE NOT GOING,1044
010640005,WAVE/SPEAKER1064/010640005.WAV,I HAD TO LOVE HERE SIX YEAR TO DO IT,1064
010640017,WAVE/SPEAKER1064/010640017.WAV,IF YOU HAVE TO ORDER HE WILL MISS THE SEASON,1064
010640028,WAVE/SPEAKER1064/010640028.WAV,I WAS SICK AND TRIED OF HEARING ABOUT IT,1064
010640034,WAVE/SPEAKER1064/010640034.WAV,NINE PEOPLE ON THE GROUND WE KID,1064
010640036,WAVE/SPEAKER1064/010640036.WAV,BUT I HAVE TO LOOK FOR SOMETHING ELSE TO DO,1064
010640056,WAVE/SPEAKER1064/010640056.WAV,WHAT KIND OF EXPERIENCE IS THAT FOR A KID,1064
010640082,WAVE/SPEAKER1064/010640082.WAV,WHY IS THIS A GOOD IDEA,1064
010640098,WAVE/SPEAKER1064/010640098.WAV,THAT'S PART OF MY JOB,1064
010640166,WAVE/SPEAKER1064/010640166.WAV,COFFEE IN THE MORNING IS A BEAUTIFUL THING,1064
010640210,WAVE/SPEAKER1064/010640210.WAV,YOU WILL ALWAYS BE TO BEST FOR ME,1064
010640212,WAVE/SPEAKER1064/010640212.WAV,FALL IN LOVE WITH YOUR PURPOSE,1064
010640242,WAVE/SPEAKER1064/010640242.WAV,AND IT WAS TOO FUNNY,1064
010640250,WAVE/SPEAKER1064/010640250.WAV,MY TIME TO DO IN RIGHT TIME,1064
010640277,WAVE/SPEAKER1064/010640277.WAV,FALL IN LOVE WITH NOW YOU,1064
010640280,WAVE/SPEAKER1064/010640280.WAV,I THINK IT'S TIME WE HAVE ALMOST IN ON SEE,1064
010640284,WAVE/SPEAKER1064/010640284.WAV,TODAY MIGHT BIT GOOD DAY,1064
010640286,WAVE/SPEAKER1064/010640286.WAV,IT'S GOING TO BE A WORD ONE,1064
010640297,WAVE/SPEAKER1064/010640297.WAV,HOPE YOU WILL LET ME DO IT FOR YOU,1064
010640314,WAVE/SPEAKER1064/010640314.WAV,IT'S YOU O'CLOCK IN THE AFTERNOON,1064
010640366,WAVE/SPEAKER1064/010640366.WAV,WHY CHILD THERE WAS NO MORE HARM IN THE THAN,1064
010920012,WAVE/SPEAKER1092/010920012.WAV,LILLY CAN SEE THE PANDA,1092
010920024,WAVE/SPEAKER1092/010920024.WAV,MANDY LIVE IN BRITAIN,1092
010920025,WAVE/SPEAKER1092/010920025.WAV,TIM IS A FRIEND FROM GERMAN,1092
010920030,WAVE/SPEAKER1092/010920030.WAV,EIGHT FIVE THREE TWO,1092
010920032,WAVE/SPEAKER1092/010920032.WAV,FIVE NINE SEVEN SEVEN,1092
010920033,WAVE/SPEAKER1092/010920033.WAV,ONE FIVE FOUR EIGHT,1092
010920043,WAVE/SPEAKER1092/010920043.WAV,FOUR THREE SEVEN ZERO,1092
010920044,WAVE/SPEAKER1092/010920044.WAV,FOUR NINE ONE THREE,1092
010920065,WAVE/SPEAKER1092/010920065.WAV,JAYME SMELLS FRESH FISH,1092
010920070,WAVE/SPEAKER1092/010920070.WAV,JACK SMELLS FRESH CHICKEN,1092
010920075,WAVE/SPEAKER1092/010920075.WAV,TINA HAS A BIG TEA,1092
010920101,WAVE/SPEAKER1092/010920101.WAV,LAYLA CAN SEE THE VAN,1092
010920105,WAVE/SPEAKER1092/010920105.WAV,THEN JACK WALKED TO HOSPITAL,1092
010920125,WAVE/SPEAKER1092/010920125.WAV,HENNY WOULD YOU LIKE TO GROW CARROT,1092
010920126,WAVE/SPEAKER1092/010920126.WAV,MARY WOULD YOU LIKE TO GREY LEEK,1092
010920138,WAVE/SPEAKER1092/010920138.WAV,LYNDA WASHED THE CHINESE CABBAGE,1092
010920141,WAVE/SPEAKER1092/010920141.WAV,MARY IS NOT A REALLY ACTOR,1092
010920153,WAVE/SPEAKER1092/010920153.WAV,AM I YOUR BIRD,1092
010920159,WAVE/SPEAKER1092/010920159.WAV,MY MOTHER IS IN A RED DRESS,1092
010920165,WAVE/SPEAKER1092/010920165.WAV,I CAN DO IT,1092
011970004,WAVE/SPEAKER1197/011970004.WAV,JACK CAN PAIN THE DEER,1197
011970006,WAVE/SPEAKER1197/011970006.WAV,SO BETTY WENT TO FIND THE SHEEP,1197
011970019,WAVE/SPEAKER1197/011970019.WAV,LISA CAN PEN THE BEAR,1197
011970023,WAVE/SPEAKER1197/011970023.WAV,LYNDA IS A FRIEND FROM BRITAIN,1197
011970036,WAVE/SPEAKER1197/011970036.WAV,SIX NINE THREE,1197
011970042,WAVE/SPEAKER1197/011970042.WAV,NINE SIX SIX ONE,1197
011970075,WAVE/SPEAKER1197/011970075.WAV,LOOK AT MANDY'S NECK,1197
011970081,WAVE/SPEAKER1197/011970081.WAV,LET'S DRAW JIM'S EYE,1197
011970087,WAVE/SPEAKER1197/011970087.WAV,JAYME NEEDS NEW BOOTS,1197
011970088,WAVE/SPEAKER1197/011970088.WAV,LYNDA NEEDS NEW SHOES,1197
011970092,WAVE/SPEAKER1197/011970092.WAV,LOOK AT MARY'S COAT,1197
011970095,WAVE/SPEAKER1197/011970095.WAV,JACK LIKES YOUR RED JACKET,1197
011970107,WAVE/SPEAKER1197/011970107.WAV,SO LISA WENT ON TO PLAYGROUND,1197
011970132,WAVE/SPEAKER1197/011970132.WAV,LOWEN IS DRAWING THE PUMPKIN,1197
011970141,WAVE/SPEAKER1197/011970141.WAV,I'M NOT A REAL SALESPERSON,1197
011970142,WAVE/SPEAKER1197/011970142.WAV,MARY IS NOT A REAL ACTOR,1197
011970145,WAVE/SPEAKER1197/011970145.WAV,JACK LIKES THE SCIENCE CLASS AT SCHOOL,1197
011970165,WAVE/SPEAKER1197/011970165.WAV,ARE YOU GOING IN NOW,1197
011970173,WAVE/SPEAKER1197/011970173.WAV,THAT WE'RE HAPPY,1197
011970175,WAVE/SPEAKER1197/011970175.WAV,AND HERE AM I AND HERE ARE YOU,1197
012030007,WAVE/SPEAKER1203/012030007.WAV,LILLY WENT TO SEE FISH,1203
012030010,WAVE/SPEAKER1203/012030010.WAV,LUCY RAN AWAY FROM THE FISH,1203
012030013,WAVE/SPEAKER1203/012030013.WAV,SANDY CAN PAINT THE CAT,1203
012030024,WAVE/SPEAKER1203/012030024.WAV,PETER LOVES CANADA,1203
012030027,WAVE/SPEAKER1203/012030027.WAV,CASEY IS A FRIEND FROM CANADA,1203
012030031,WAVE/SPEAKER1203/012030031.WAV,FOUR TWO ONE THREE,1203
012030032,WAVE/SPEAKER1203/012030032.WAV,NINE NINE TWO SIX,1203
012030036,WAVE/SPEAKER1203/012030036.WAV,FIVE NINE FIVE THREE,1203
012030043,WAVE/SPEAKER1203/012030043.WAV,SIX ONE SEVEN SIX,1203
012030044,WAVE/SPEAKER1203/012030044.WAV,SIX THREE SEVEN NINE,1203
012030053,WAVE/SPEAKER1203/012030053.WAV,LILLY IS AN EXPERT AT GOLF,1203
012030055,WAVE/SPEAKER1203/012030055.WAV,HE IS GOOD AT AMERICAN FOOTBALL,1203
012030058,WAVE/SPEAKER1203/012030058.WAV,MARY AT A LITTLE EGG,1203
012030072,WAVE/SPEAKER1203/012030072.WAV,LOOK AT MY MOUTH,1203
012030078,WAVE/SPEAKER1203/012030078.WAV,BY CASEY MOUTH,1203
012030083,WAVE/SPEAKER1203/012030083.WAV,BET LIKES YOUR BLUE JAZZ,1203
012030093,WAVE/SPEAKER1203/012030093.WAV,HERE IS BETTY'S SCARE,1203
012030097,WAVE/SPEAKER1203/012030097.WAV,MISS GOT ON THE SHIP,1203
012030116,WAVE/SPEAKER1203/012030116.WAV,SO PETER WAIT INTO THE HOSPITAL,1203
012030138,WAVE/SPEAKER1203/012030138.WAV,LUCY LOVE POT TOWEL,1203
012600017,WAVE/SPEAKER1260/012600017.WAV,A NEW TRACK IS PLANNED FOR THE FUTURE,1260
012600072,WAVE/SPEAKER1260/012600072.WAV,WE WILL CONTINUE TO FIGHT THIS,1260
012600082,WAVE/SPEAKER1260/012600082.WAV,THE UNITED STATES IS LIVING ON ITS PASTS,1260
012600129,WAVE/SPEAKER1260/012600129.WAV,THAT PUT ME IN SUCH A GOOD MOOD,1260
012600131,WAVE/SPEAKER1260/012600131.WAV,HAVE A LITTLE BIT OF FAITH LOVE,1260
012600177,WAVE/SPEAKER1260/012600177.WAV,SHE IS OUT OF THIS WORLD,1260
012600186,WAVE/SPEAKER1260/012600186.WAV,WELL THAT WAS A BAD PERIOD,1260
012600210,WAVE/SPEAKER1260/012600210.WAV,APRIL IS OVER THEY OVER AND THEY RESULTS ARE IN,1260
012600219,WAVE/SPEAKER1260/012600219.WAV,FEELING A LITTLE TOO SAD,1260
012600224,WAVE/SPEAKER1260/012600224.WAV,WAIT YOU HAVE A CALLED,1260
012600251,WAVE/SPEAKER1260/012600251.WAV,LESS THAN A WEEK AGO,1260
012600252,WAVE/SPEAKER1260/012600252.WAV,PRIDE IS A HUGE PROBLEM,1260
012600263,WAVE/SPEAKER1260/012600263.WAV,HE IS GOING TO END UP DEAD,1260
012600281,WAVE/SPEAKER1260/012600281.WAV,REPEAT COULD HAPPEN TO ANY OF US,1260
012600295,WAVE/SPEAKER1260/012600295.WAV,WHAT'S UP WITH THE CALLS,1260
012600330,WAVE/SPEAKER1260/012600330.WAV,HE PUSHED THE IDEA AWAY,1260
012600338,WAVE/SPEAKER1260/012600338.WAV,NOT BY A GOOD DEAL,1260
012600345,WAVE/SPEAKER1260/012600345.WAV,WE PROFIT FROM THE WORK OF THE SPECIALISTS,1260
012600357,WAVE/SPEAKER1260/012600357.WAV,AMONG RUSSIANS THERE ARE MANY SUCH,1260
012600368,WAVE/SPEAKER1260/012600368.WAV,SHE'S ONE OF THESE WILD FELLOWS,1260
013090018,WAVE/SPEAKER1309/013090018.WAV,SO OF COURSE I WAS PICKED ON,1309
013090027,WAVE/SPEAKER1309/013090027.WAV,IT IS A CONTRADICTION IN TERMS,1309
013090041,WAVE/SPEAKER1309/013090041.WAV,SHE HAD SUFFERED STROKES AND HEART FAILURE,1309
013090051,WAVE/SPEAKER1309/013090051.WAV,HOWEVER THAT WAS THEN AND THIS IS NOW,1309
013090076,WAVE/SPEAKER1309/013090076.WAV,AND WITHOUT FEAR OF BEING ARRESTED,1309
013090105,WAVE/SPEAKER1309/013090105.WAV,I JUST WANT MY MONEY,1309
013090128,WAVE/SPEAKER1309/013090128.WAV,THAT WAS THE BEFORE THIS IS THE AFTER,1309
013090147,WAVE/SPEAKER1309/013090147.WAV,TOMORROW IS GOING TO BE A BIG DAY FOR ME,1309
013090148,WAVE/SPEAKER1309/013090148.WAV,HOW DO YOU WIDE THE GAMES,1309
013090160,WAVE/SPEAKER1309/013090160.WAV,I HAVE TO KEEP TELLING MYSELF THAT,1309
013090179,WAVE/SPEAKER1309/013090179.WAV,SHE IS HIGH AS A KITE MOST OF THE TIME,1309
013090181,WAVE/SPEAKER1309/013090181.WAV,COME BACK TO THE PARTY MAN,1309
013090184,WAVE/SPEAKER1309/013090184.WAV,PASSED HALF A MILLION VIEWS,1309
013090185,WAVE/SPEAKER1309/013090185.WAV,MAINLY THOSE WHO WERE NOT WORKING,1309
013090202,WAVE/SPEAKER1309/013090202.WAV,WHERE ARE THE BELLES FROM,1309
013090232,WAVE/SPEAKER1309/013090232.WAV,PEOPLE ARE NOT READY FOR IT,1309
013090267,WAVE/SPEAKER1309/013090267.WAV,THEN WOULD STOP WORKING IN THE MIDDLE OF THE NIGHT,1309
013090287,WAVE/SPEAKER1309/013090287.WAV,CHEESE IS ON THE ATTACK,1309
013090339,WAVE/SPEAKER1309/013090339.WAV,BUT I WANTED TO KNOW SO BADLY,1309
013090364,WAVE/SPEAKER1309/013090364.WAV,LOVE TO THROW YOURSELF ON THE EARTH AND KISS IT,1309
013360001,WAVE/SPEAKER1336/013360001.WAV,OUR FUTURE IS NEVER TRAPPED IN THE HANDS OF FATE,1336
013360002,WAVE/SPEAKER1336/013360002.WAV,HE HAD A HEART OF GOD,1336
013360016,WAVE/SPEAKER1336/013360016.WAV,WE COME IN WITH A CANDIDATE,1336
013360082,WAVE/SPEAKER1336/013360082.WAV,IT IS THE RESULT OF MAJOR REFORM IN THE COUNTRY,1336
013360123,WAVE/SPEAKER1336/013360123.WAV,IT IS A GOOD POINT,1336
013360130,WAVE/SPEAKER1336/013360130.WAV,BUT EVEN THAT IS PART OF THE POINT,1336
013360140,WAVE/SPEAKER1336/013360140.WAV,HOW IS IT MARCH ALREADY,1336
013360145,WAVE/SPEAKER1336/013360145.WAV,A MEN A CAMERA A BOOK,1336
013360146,WAVE/SPEAKER1336/013360146.WAV,SO I CAN TAKE A LISTEN,1336
013360161,WAVE/SPEAKER1336/013360161.WAV,WANT TO BE THE FIRST TO HEAR THE NEWS,1336
013360162,WAVE/SPEAKER1336/013360162.WAV,THIS IS A WASTE OF MONEY,1336
013360171,WAVE/SPEAKER1336/013360171.WAV,I HOPE YOU WILL HAVE THE BEST BIRTHDAY,1336
013360226,WAVE/SPEAKER1336/013360226.WAV,WHAT TIME WOULD YOU LIKE TO DO,1336
013360234,WAVE/SPEAKER1336/013360234.WAV,TRYING TO GET UP AND GET READY FOR WORK,1336
013360235,WAVE/SPEAKER1336/013360235.WAV,THIS IS THE BEST LUNCH,1336
013360257,WAVE/SPEAKER1336/013360257.WAV,THEN WE HAVE A WINNER,1336
013360263,WAVE/SPEAKER1336/013360263.WAV,THE PICTURE OF THE NIGHT,1336
013360268,WAVE/SPEAKER1336/013360268.WAV,BUT WE HAVE THE BRAINS,1336
013360360,WAVE/SPEAKER1336/013360360.WAV,THERE HE IS ON THE BACK SEAT,1336
013360363,WAVE/SPEAKER1336/013360363.WAV,HE SEEMED TO SHAKE HIMSELF,1336
013620027,WAVE/SPEAKER1362/013620027.WAV,IT IS A WORLD PROBLEM,1362
013620030,WAVE/SPEAKER1362/013620030.WAV,HE'S A TRUE TIME PLAYER ON THE OFF AN FLIGHT,1362
013620106,WAVE/SPEAKER1362/013620106.WAV,IF YOU MISS THERE'S A RARELY CONSEQUENCE,1362
013620108,WAVE/SPEAKER1362/013620108.WAV,BUT THERE WAS NO ONE WHO COULD HELP,1362
013620128,WAVE/SPEAKER1362/013620128.WAV,GOING TO GIVE A GO,1362
013620137,WAVE/SPEAKER1362/013620137.WAV,WE NEED YOU HELP TO KEEP IT UP,1362
013620140,WAVE/SPEAKER1362/013620140.WAV,I CAN SEE IT BEING A NEW TURNED,1362
013620143,WAVE/SPEAKER1362/013620143.WAV,SHOULD BE FUN TO SEE THE RESULTS,1362
013620146,WAVE/SPEAKER1362/013620146.WAV,IT'S A LIE OF COURSE,1362
013620162,WAVE/SPEAKER1362/013620162.WAV,ARE YOU AT THE CONCERT,1362
013620175,WAVE/SPEAKER1362/013620175.WAV,BUT HE'S NOT SUPPOSED TO BE GOOD,1362
013620184,WAVE/SPEAKER1362/013620184.WAV,FIRST ONE OF THE EVENING,1362
013620185,WAVE/SPEAKER1362/013620185.WAV,LIVING IN THE BAY WITH A WIN IN THE BAY,1362
013620210,WAVE/SPEAKER1362/013620210.WAV,WELCOME TO THE START OF THE WORK WEEK,1362
013620241,WAVE/SPEAKER1362/013620241.WAV,NEED TO GET THE REST,1362
013620257,WAVE/SPEAKER1362/013620257.WAV,MAKE THE RIGHT CHOICE PARENTS,1362
013620258,WAVE/SPEAKER1362/013620258.WAV,DO YOU KNOW THE ANSWER,1362
013620292,WAVE/SPEAKER1362/013620292.WAV,THAT'S THE TRADE TIME I ASK,1362
013620361,WAVE/SPEAKER1362/013620361.WAV,BUT IT WAS SLOW WORK,1362
013620366,WAVE/SPEAKER1362/013620366.WAV,THEN HE MADE FOR HOME,1362
013720023,WAVE/SPEAKER1372/013720023.WAV,I HAD A GREAT TIME,1372
013720051,WAVE/SPEAKER1372/013720051.WAV,THAT WAS CERTAINLY AS TOUGH DAY IN MY LIFE,1372
013720070,WAVE/SPEAKER1372/013720070.WAV,AND OF COURSE IT HAPPENS THAT WAY,1372
013720082,WAVE/SPEAKER1372/013720082.WAV,THERE WAS NO REASON TO TAKE HIM OUT,1372
013720140,WAVE/SPEAKER1372/013720140.WAV,AND IF SO WILL IS THE REAL ONE,1372
013720152,WAVE/SPEAKER1372/013720152.WAV,AM I NOT ALLOWED TO LEAVE MY HOUSE,1372
013720153,WAVE/SPEAKER1372/013720153.WAV,READY TO GET DOWN TO BUSINESS,1372
013720167,WAVE/SPEAKER1372/013720167.WAV,GET ME OUT OF HERE PLEASE,1372
013720182,WAVE/SPEAKER1372/013720182.WAV,WE CAN NEVER HAVE TOO MANY FRIENDS,1372
013720189,WAVE/SPEAKER1372/013720189.WAV,MY GOAL IN LIFE IS TO BE BETTER THAN YOU,1372
013720198,WAVE/SPEAKER1372/013720198.WAV,GREAT TO SEE YOU BANK ON ILL,1372
013720199,WAVE/SPEAKER1372/013720199.WAV,GOING TO APPLY FOR A JOB TODAY,1372
013720201,WAVE/SPEAKER1372/013720201.WAV,ANYTHING TO HAVE YOU HERE AGAIN,1372
013720215,WAVE/SPEAKER1372/013720215.WAV,LET'S GO TO THE FARM,1372
013720233,WAVE/SPEAKER1372/013720233.WAV,THAT WAS THE MESSAGE RIGHT,1372
013720256,WAVE/SPEAKER1372/013720256.WAV,BUT YOU KNOW WHAT THIS MEAN RIGHT,1372
013720274,WAVE/SPEAKER1372/013720274.WAV,I WANT TO SEE YOU IN THE QUARTER FINALS,1372
013720275,WAVE/SPEAKER1372/013720275.WAV,IN THE MEAN TIME ENJOY THE JOURNEY,1372
013720311,WAVE/SPEAKER1372/013720311.WAV,BUT YOU HAVE TO LISTEN DARLING,1372
013720360,WAVE/SPEAKER1372/013720360.WAV,HOW GOOD IT IS OF YOU TO BE HERE,1372
014070040,WAVE/SPEAKER1407/014070040.WAV,MY WORK IS GOING TO BE CUT OUT FOR ME,1407
014070080,WAVE/SPEAKER1407/014070080.WAV,THE PEOPLE WERE VERY FRIENDLY,1407
014070092,WAVE/SPEAKER1407/014070092.WAV,THAT'S A VERY SMALL AMOUNT OF MONEY,1407
014070101,WAVE/SPEAKER1407/014070101.WAV,THE NEED IS TO MAKE THIS MORE EFFECTIVE,1407
014070159,WAVE/SPEAKER1407/014070159.WAV,I KNOW A LOT OF THOSE,1407
014070207,WAVE/SPEAKER1407/014070207.WAV,WELCOME AND HAVE A GREAT WEEKEND,1407
014070217,WAVE/SPEAKER1407/014070217.WAV,LET'S GO TO THE SHIP,1407
014070239,WAVE/SPEAKER1407/014070239.WAV,FUN TO PRACTICE IN GARDEN,1407
014070248,WAVE/SPEAKER1407/014070248.WAV,LOVE AS MUCH AS WE DO,1407
014070265,WAVE/SPEAKER1407/014070265.WAV,THAT'S HOW THEY SAY IT IN SOUTH,1407
014070270,WAVE/SPEAKER1407/014070270.WAV,BATS NEED TO GET GOING,1407
014070281,WAVE/SPEAKER1407/014070281.WAV,GOOD LUCK TO EVERYONE ELSE IN THE THIS,1407
014070297,WAVE/SPEAKER1407/014070297.WAV,GOOD MORNING HOPE YOU HAVE A WONDERFUL DAY TODAY,1407
014070304,WAVE/SPEAKER1407/014070304.WAV,WILL THE KINGS HAVE A CHANCE TO REPEAT,1407
014070308,WAVE/SPEAKER1407/014070308.WAV,THAT IS I ASK QUESTIONS AND GOD ANSWERS,1407
014070336,WAVE/SPEAKER1407/014070336.WAV,NEXT YEAR WILL BE DIFFERENT SHE THOUGHT,1407
014070341,WAVE/SPEAKER1407/014070341.WAV,OF ALL SUBJECTS OF DISCUSSION THIS IS THE MOST DIFFICULT,1407
014070343,WAVE/SPEAKER1407/014070343.WAV,NOW HE WAS BORED AND ALSO ANGRY,1407
014070349,WAVE/SPEAKER1407/014070349.WAV,HE IS NOT USED TALKING THIS WAY WITH A WOMAN,1407
014070358,WAVE/SPEAKER1407/014070358.WAV,THAT'S WHAT'S THE MATTER WITH HIM NOW,1407
014180002,WAVE/SPEAKER1418/014180002.WAV,SOME MANDY WANTS TO FIND THE AUNT,1418
014180008,WAVE/SPEAKER1418/014180008.WAV,LILLY CAN PLANT THE FISH,1418
014180011,WAVE/SPEAKER1418/014180011.WAV,DO CAN DRAW THE COW,1418
014180013,WAVE/SPEAKER1418/014180013.WAV,MARY CAN SEE THE SAY,1418
014180044,WAVE/SPEAKER1418/014180044.WAV,SEVEN FOUR NINE FIVE,1418
014180051,WAVE/SPEAKER1418/014180051.WAV,PETER LIKES ICE SKATING,1418
014180063,WAVE/SPEAKER1418/014180063.WAV,HONEY LIKES CAKE,1418
014180077,WAVE/SPEAKER1418/014180077.WAV,LET'S DRAW NACY'S EYE,1418
014180084,WAVE/SPEAKER1418/014180084.WAV,BITTY LIKES YOUR RIGHT SWEATER,1418
014180088,WAVE/SPEAKER1418/014180088.WAV,LOOK AT ALICE CHOOSE,1418
014180100,WAVE/SPEAKER1418/014180100.WAV,JACK ME GOT ON THE BUS,1418
014180131,WAVE/SPEAKER1418/014180131.WAV,MIKE WASHED THE EGYPT PLANT,1418
014180139,WAVE/SPEAKER1418/014180139.WAV,TIM WHAT'S TO BE A GOOD A STUDENT,1418
014180143,WAVE/SPEAKER1418/014180143.WAV,LUCY WILL A READ IN JUNE SIXTH SEE,1418
014180150,WAVE/SPEAKER1418/014180150.WAV,WHAT ARE YOU DOING THIS FOR,1418
014180155,WAVE/SPEAKER1418/014180155.WAV,HOW CAN YOU HERE,1418
014180158,WAVE/SPEAKER1418/014180158.WAV,YOU TO BUY SURE,1418
014180160,WAVE/SPEAKER1418/014180160.WAV,OH NOT THAT NO,1418
014180165,WAVE/SPEAKER1418/014180165.WAV,BE TO BUG TO BACK,1418
014180166,WAVE/SPEAKER1418/014180166.WAV,YES I SEE THE HOUSE,1418
014190006,WAVE/SPEAKER1419/014190006.WAV,LAYLA CAN DRAW THE MONKEY,1419
014190025,WAVE/SPEAKER1419/014190025.WAV,LUCY IS A FRIEND FROM CANADA,1419
014190027,WAVE/SPEAKER1419/014190027.WAV,MANDY LIVES IN JAPAN,1419
014190030,WAVE/SPEAKER1419/014190030.WAV,SIX TWO THREE THREE,1419
014190055,WAVE/SPEAKER1419/014190055.WAV,NEIL IS GOOD AT BASKETBALL,1419
014190059,WAVE/SPEAKER1419/014190059.WAV,MIKE ATE A LITTLE RICE,1419
014190060,WAVE/SPEAKER1419/014190060.WAV,NEIL LIKES CAKE,1419
014190062,WAVE/SPEAKER1419/014190062.WAV,NEIL LIKES SAUSAGE,1419
014190064,WAVE/SPEAKER1419/014190064.WAV,HENNY SMELLS FRESH BREAD,1419
014190071,WAVE/SPEAKER1419/014190071.WAV,BY MY MOUTH,1419
014190073,WAVE/SPEAKER1419/014190073.WAV,LET'S DRAW JAYME'S TOE,1419
014190081,WAVE/SPEAKER1419/014190081.WAV,LET'S DRAW NEIL'S ARM,1419
014190088,WAVE/SPEAKER1419/014190088.WAV,SANDY HAS A BEAUTIFUL SHORTS,1419
014190095,WAVE/SPEAKER1419/014190095.WAV,BETTY NEEDS NEW SKIRT,1419
014190098,WAVE/SPEAKER1419/014190098.WAV,JAYME GOT ON THE UNDERGROUND,1419
014190107,WAVE/SPEAKER1419/014190107.WAV,SO HE WENT ON TO TEACHER'S OFFICE,1419
014190108,WAVE/SPEAKER1419/014190108.WAV,THE LAYLA WALKED TO BUS STOP,1419
014190114,WAVE/SPEAKER1419/014190114.WAV,HENNY CAN SEE THE KITCHEN,1419
014190128,WAVE/SPEAKER1419/014190128.WAV,LAYLA LOVES COOL,1419
014190172,WAVE/SPEAKER1419/014190172.WAV,AND MY NAME TOO,1419
014350004,WAVE/SPEAKER1435/014350004.WAV,BILLY RAN AWAY FROM THE GOAT,1435
014350012,WAVE/SPEAKER1435/014350012.WAV,TIM RAN AWAY FROM THE BIRD,1435
014350016,WAVE/SPEAKER1435/014350016.WAV,CASEY IS GOING TO SEE SQUID,1435
014350017,WAVE/SPEAKER1435/014350017.WAV,STEEVEN IS GOING TO SEE WHALE,1435
014350018,WAVE/SPEAKER1435/014350018.WAV,ALISA IS GOING TO SEE ANT,1435
014350020,WAVE/SPEAKER1435/014350020.WAV,MIKE IS GOING TO SEE SHARK,1435
014350022,WAVE/SPEAKER1435/014350022.WAV,HENNY LIVED IN AUSTRALIA,1435
014350028,WAVE/SPEAKER1435/014350028.WAV,ONE FOUR EIGHT SEVEN,1435
014350085,WAVE/SPEAKER1435/014350085.WAV,ALISA HAS A BEAUTIFUL SNEAKERS,1435
014350094,WAVE/SPEAKER1435/014350094.WAV,DAVID LOVES THE NEW T SHIRT,1435
014350103,WAVE/SPEAKER1435/014350103.WAV,HENNY GOT ON THE YACHT,1435
014350110,WAVE/SPEAKER1435/014350110.WAV,SO DAVID WENT ON TO CITY,1435
014350127,WAVE/SPEAKER1435/014350127.WAV,STEEVEN GOT THE CUCUMBER,1435
014350133,WAVE/SPEAKER1435/014350133.WAV,BETTY GOT THE CELERY,1435
014350146,WAVE/SPEAKER1435/014350146.WAV,BETTY LIKES THE EDUCATION CLASS AT SCHOOL,1435
014350153,WAVE/SPEAKER1435/014350153.WAV,IS IT THIS ONE,1435
014350157,WAVE/SPEAKER1435/014350157.WAV,HOW ARE WE GOING,1435
014350158,WAVE/SPEAKER1435/014350158.WAV,SO I HAVE COME HERE,1435
014350163,WAVE/SPEAKER1435/014350163.WAV,AND THE DOG TOO,1435
014350165,WAVE/SPEAKER1435/014350165.WAV,I CAN DO NO GOOD HERE,1435
014390008,WAVE/SPEAKER1439/014390008.WAV,TIM IS GOING TO SEE BIRD,1439
014390009,WAVE/SPEAKER1439/014390009.WAV,DAVID RAN AWAY FROM THE CAT,1439
014390045,WAVE/SPEAKER1439/014390045.WAV,FIVE FIVE SEVEN ONE,1439
014390051,WAVE/SPEAKER1439/014390051.WAV,ALISA IS NOT VERY GOOD AT VOLLEYBALL,1439
014390052,WAVE/SPEAKER1439/014390052.WAV,LUCY IS NOT VERY GOOD AT SWIMMING,1439
014390057,WAVE/SPEAKER1439/014390057.WAV,PETER LIKES FRENCH FRIES,1439
014390064,WAVE/SPEAKER1439/014390064.WAV,DOES JIM LIKE THE CAKE,1439
014390068,WAVE/SPEAKER1439/014390068.WAV,DOES BETTY LIKE THE HAMBURGER,1439
014390076,WAVE/SPEAKER1439/014390076.WAV,LILLY HAS A BIG TOE,1439
014390086,WAVE/SPEAKER1439/014390086.WAV,JIM HAS A BEAUTIFUL SWEATER,1439
014390090,WAVE/SPEAKER1439/014390090.WAV,JIM LIKE THE OLD SOCKS,1439
014390117,WAVE/SPEAKER1439/014390117.WAV,SO SANDY WENT ON TO LIVING ROOM,1439
014390124,WAVE/SPEAKER1439/014390124.WAV,JAYME THIS IS MUSHROOM,1439
014390133,WAVE/SPEAKER1439/014390133.WAV,TEDDY IS DRAWING THE SWEET POTATO,1439
014390134,WAVE/SPEAKER1439/014390134.WAV,MARY IS DRAWING THE CHINESE CABBAGE,1439
014390135,WAVE/SPEAKER1439/014390135.WAV,DAVID WORD YOU LIKE TO GROW LEEK,1439
014390143,WAVE/SPEAKER1439/014390143.WAV,PETER WILL ARRIVE IN MARCH SIXTH,1439
014390154,WAVE/SPEAKER1439/014390154.WAV,HOW CAN I DO THAT,1439
014390156,WAVE/SPEAKER1439/014390156.WAV,IT IS NOT HERE YOU SEE,1439
014390163,WAVE/SPEAKER1439/014390163.WAV,BUT WHAT CAN ONE DO,1439
014470007,WAVE/SPEAKER1447/014470007.WAV,IT IS A VERY BOSSY TURKEY,1447
014470017,WAVE/SPEAKER1447/014470017.WAV,CASEY WENT TO SEE SQUIRREL,1447
014470026,WAVE/SPEAKER1447/014470026.WAV,MARY LOVES FRANCE,1447
014470028,WAVE/SPEAKER1447/014470028.WAV,NINE NINE FIVE ZERO,1447
014470031,WAVE/SPEAKER1447/014470031.WAV,EIGHT EIGHT FIVE,1447
014470038,WAVE/SPEAKER1447/014470038.WAV,THREE EIGHT EIGHT FOUR,1447
014470039,WAVE/SPEAKER1447/014470039.WAV,ONE NINE THREE FOUR,1447
014470048,WAVE/SPEAKER1447/014470048.WAV,ANDY LIKES SURFING,1447
014470053,WAVE/SPEAKER1447/014470053.WAV,LUCY LIKES RUNNING,1447
014470060,WAVE/SPEAKER1447/014470060.WAV,HE LIKES CAKE,1447
014470063,WAVE/SPEAKER1447/014470063.WAV,I CAN SMELL THE TOFU,1447
014470072,WAVE/SPEAKER1447/014470072.WAV,LOOK AT NEIL'S SINGER,1447
014470084,WAVE/SPEAKER1447/014470084.WAV,PETER HAS A BEAUTIFUL BOOT,1447
014470100,WAVE/SPEAKER1447/014470100.WAV,TINA IS CLEANING THE CAR,1447
014470109,WAVE/SPEAKER1447/014470109.WAV,THEN LYNDA WALKED TO NATURE PARK,1447
014470124,WAVE/SPEAKER1447/014470124.WAV,NEIL THIS IS GREEN BEAN,1447
014470140,WAVE/SPEAKER1447/014470140.WAV,REPORTER TINA IS NOT A REAL T V REPORTER,1447
014470141,WAVE/SPEAKER1447/014470141.WAV,JACK IS NOT A REAL BASEBALL PLAYER,1447
014470149,WAVE/SPEAKER1447/014470149.WAV,BUT WHERE ARE WE,1447
014470150,WAVE/SPEAKER1447/014470150.WAV,IS IT SO FATHER,1447
020220021,WAVE/SPEAKER2022/020220021.WAV,FRIENDS PLANNED TO VISIT LATER IN THE AFTERNOON,2022
020220023,WAVE/SPEAKER2022/020220023.WAV,A MAN APPROACHED THE CAR AND AN EXCHANGE WAS MADE,2022
020220033,WAVE/SPEAKER2022/020220033.WAV,SURGERY GIVE THEM THE OPPORTUNITY TO CHANGE THAT,2022
020220048,WAVE/SPEAKER2022/020220048.WAV,WE NEED A NEW COACH,2022
020220056,WAVE/SPEAKER2022/020220056.WAV,WE NEED TO GET ON THE BOARD,2022
020220060,WAVE/SPEAKER2022/020220060.WAV,I WANT TO ENJOY LIFE,2022
020220072,WAVE/SPEAKER2022/020220072.WAV,WHY DO I THINK THE WAY I DO,2022
020220091,WAVE/SPEAKER2022/020220091.WAV,SEVERAL HAVE CALLED ME TO DISCUSS THIS,2022
020220120,WAVE/SPEAKER2022/020220120.WAV,HAD ONE OF THOSE LAST WEEKEND,2022
020220122,WAVE/SPEAKER2022/020220122.WAV,I HAVE TO PUT IT DOWN,2022
020220139,WAVE/SPEAKER2022/020220139.WAV,MAYBE THAT SOMEONE WILL BE ME,2022
020220141,WAVE/SPEAKER2022/020220141.WAV,WHAT IS GOING ON IN,2022
020220176,WAVE/SPEAKER2022/020220176.WAV,SOME GOOD NEWS FOR ROD TODAY,2022
020220200,WAVE/SPEAKER2022/020220200.WAV,THIS GOING TO BE THE SECOND STREAM,2022
020220221,WAVE/SPEAKER2022/020220221.WAV,SMILE EVERY TIME HE TALKED,2022
020220232,WAVE/SPEAKER2022/020220232.WAV,THAT WOULD BE GREAT MAN,2022
020220259,WAVE/SPEAKER2022/020220259.WAV,THAT'S THE ONLY WAY TO BE FAIR,2022
020220264,WAVE/SPEAKER2022/020220264.WAV,WE ARE FIRED UP AND READY TO DO BATTLE,2022
020220295,WAVE/SPEAKER2022/020220295.WAV,BIKE CHOICE IS GOING TO BE TOUGH,2022
020220366,WAVE/SPEAKER2022/020220366.WAV,IF YOU COULD KNOW IT ALL,2022
020340016,WAVE/SPEAKER2034/020340016.WAV,MINDER IS GOING TO SEE SPARE,2034
020340019,WAVE/SPEAKER2034/020340019.WAV,AND IS GOING TO SEE DUCK,2034
020340029,WAVE/SPEAKER2034/020340029.WAV,EIGHT ONE SIX NINE,2034
020340043,WAVE/SPEAKER2034/020340043.WAV,TWO ONE THEY EIGHT,2034
020340055,WAVE/SPEAKER2034/020340055.WAV,LOOK AT STEVEN'S SWEATER,2034
020340056,WAVE/SPEAKER2034/020340056.WAV,DATE LIKES YOUR BLUE SUNS GLASSES,2034
020340063,WAVE/SPEAKER2034/020340063.WAV,LOOK AT JOY'S JEANS,2034
020340065,WAVE/SPEAKER2034/020340065.WAV,SAND NEEDS NEW COAT,2034
020340071,WAVE/SPEAKER2034/020340071.WAV,PETER NEEDS NEW SHOES,2034
020340096,WAVE/SPEAKER2034/020340096.WAV,SO MIKE WIT INTO THE WASHROOM,2034
020340098,WAVE/SPEAKER2034/020340098.WAV,SO JACK WIT INTO THE HOSPITAL,2034
020340109,WAVE/SPEAKER2034/020340109.WAV,THEN THE KANGAROO JUMPED REALLY REALLY HIGH,2034
020340113,WAVE/SPEAKER2034/020340113.WAV,THEN YOU HAVE TO BITTER IT FROM THE TOOLED,2034
020340124,WAVE/SPEAKER2034/020340124.WAV,I LIKE PANDAS TOY PANDAS,2034
020340140,WAVE/SPEAKER2034/020340140.WAV,MY TIME IS YOURS,2034
020340144,WAVE/SPEAKER2034/020340144.WAV,HOW CAN MY BE SO HAPPY DAY AFTER DAY,2034
020340156,WAVE/SPEAKER2034/020340156.WAV,ONE TWO THREE AND THERE YOU ARE,2034
020340162,WAVE/SPEAKER2034/020340162.WAV,THESE ARE YOUR BAN PETS,2034
020340166,WAVE/SPEAKER2034/020340166.WAV,GIVE ME YOUR HANDS,2034
020340169,WAVE/SPEAKER2034/020340169.WAV,COME TO ME IN THE MORNING,2034
020360017,WAVE/SPEAKER2036/020360017.WAV,WE ALL HAD A GOOD TIME,2036
020360019,WAVE/SPEAKER2036/020360019.WAV,THEY COULD NOT HELP BUT NOTICE,2036
020360036,WAVE/SPEAKER2036/020360036.WAV,AND WE KNOW THAT WE ARE LOVED,2036
020360055,WAVE/SPEAKER2036/020360055.WAV,THAT'S THE WAY THE SYSTEM IS SUPPOSED TO WORK,2036
020360089,WAVE/SPEAKER2036/020360089.WAV,DOCTORS HAVE NOT SET A DATE FOR HIS DISCHARGE,2036
020360097,WAVE/SPEAKER2036/020360097.WAV,THEIR CHILD'S DEATH IS NOT IN VAIN,2036
020360100,WAVE/SPEAKER2036/020360100.WAV,THIS IS A STEP BACKWARDS FOR US,2036
020360131,WAVE/SPEAKER2036/020360131.WAV,JUST WANT TO CONTINUE TO MIX THINGS UP A BIT,2036
020360136,WAVE/SPEAKER2036/020360136.WAV,THIS WILL BE SO GOOD,2036
020360143,WAVE/SPEAKER2036/020360143.WAV,BUT BACK TO NORMAL NOW,2036
020360202,WAVE/SPEAKER2036/020360202.WAV,I THOUGHT I HAD LOST MY PHONE,2036
020360211,WAVE/SPEAKER2036/020360211.WAV,WANT TO TALK ABOUT TO WORK,2036
020360220,WAVE/SPEAKER2036/020360220.WAV,WILL HAVE TO WAIT AND SEE,2036
020360228,WAVE/SPEAKER2036/020360228.WAV,I HAD A GREAT DAY,2036
020360245,WAVE/SPEAKER2036/020360245.WAV,DO I REALLY WANT TO STILL,2036
020360299,WAVE/SPEAKER2036/020360299.WAV,SHOULD BE INTERESTING TO SEE HOW THEY HANDLE IT,2036
020360301,WAVE/SPEAKER2036/020360301.WAV,HOW WAS I TO KNOW,2036
020360302,WAVE/SPEAKER2036/020360302.WAV,HE PUT A SMILE ON MY FACE TONIGHT,2036
020360312,WAVE/SPEAKER2036/020360312.WAV,IT REMAINS THE STANDARD THE RULE THE TERM OF COMPARISON,2036
020360329,WAVE/SPEAKER2036/020360329.WAV,I GLANCE OVER AT THE DOOR,2036
020590022,WAVE/SPEAKER2059/020590022.WAV,THIS WAR IS OVER EXISTENCE,2059
020590026,WAVE/SPEAKER2059/020590026.WAV,LIGHTING A FIRE IS AN EASY WAY TO GET FOUND,2059
020590047,WAVE/SPEAKER2059/020590047.WAV,AT LEAST NOT FOR NOW,2059
020590077,WAVE/SPEAKER2059/020590077.WAV,I WAS PROBABLY FEELING SORRY FOR MYSELF MORE THAN ANYTHING,2059
020590103,WAVE/SPEAKER2059/020590103.WAV,THAT'S A LOT MORE COMPLICATED,2059
020590121,WAVE/SPEAKER2059/020590121.WAV,THANKS FOR THE JOY OF OWNERSHIP,2059
020590122,WAVE/SPEAKER2059/020590122.WAV,WALKED IN THE PARK TODAY,2059
020590123,WAVE/SPEAKER2059/020590123.WAV,WE WISH YOU COULD BE TOO,2059
020590144,WAVE/SPEAKER2059/020590144.WAV,CAN YOU PUT A STOP TO THIS MADNESS,2059
020590151,WAVE/SPEAKER2059/020590151.WAV,NO YOU GO TO BED,2059
020590164,WAVE/SPEAKER2059/020590164.WAV,I KNOW HOW TO PROGRAM,2059
020590181,WAVE/SPEAKER2059/020590181.WAV,BOOK A PARTY WITH A DIFFERENCE,2059
020590228,WAVE/SPEAKER2059/020590228.WAV,GUN DEATH AT THE BOTTOM OF THE LIST,2059
020590265,WAVE/SPEAKER2059/020590265.WAV,WE ARE SO HAPPY TO HAVE HELPED,2059
020590274,WAVE/SPEAKER2059/020590274.WAV,THIS WAS ONLY THE START OF THE TRAIL,2059
020590276,WAVE/SPEAKER2059/020590276.WAV,TODAY I HAVE SO MUCH TO BE THANKFUL FOR,2059
020590290,WAVE/SPEAKER2059/020590290.WAV,THANK YOU FOR THE POINTS,2059
020590322,WAVE/SPEAKER2059/020590322.WAV,WE WERE ALWAYS DOING SOMETHING AS IT WAS,2059
020590359,WAVE/SPEAKER2059/020590359.WAV,DRIVE THE CAR WOULD YOU,2059
020590376,WAVE/SPEAKER2059/020590376.WAV,THE REBELS HAD COME UPON HIS LAND,2059
020610010,WAVE/SPEAKER2061/020610010.WAV,I LOST BY ONE VOTE,2061
020610014,WAVE/SPEAKER2061/020610014.WAV,SHE WAS AMONG THE DEAD,2061
020610061,WAVE/SPEAKER2061/020610061.WAV,PLANS WERE BEING MADE FOR A MEMORIAL SERVICE,2061
020610090,WAVE/SPEAKER2061/020610090.WAV,THEY BEAT US ON THE FIELD,2061
020610122,WAVE/SPEAKER2061/020610122.WAV,THIS IS A NATURAL PART OF LIFE,2061
020610134,WAVE/SPEAKER2061/020610134.WAV,MAYBE I WILL BE SAFE,2061
020610166,WAVE/SPEAKER2061/020610166.WAV,TOGETHER WE WILL DO THIS,2061
020610168,WAVE/SPEAKER2061/020610168.WAV,DECIDE TO LIVE IN A BEAUTIFUL STATE,2061
020610174,WAVE/SPEAKER2061/020610174.WAV,HOPE IT'S JUST A EUROPE ISSUE,2061
020610175,WAVE/SPEAKER2061/020610175.WAV,WHAT ARE YOU HOPING TO GAIN,2061
020610194,WAVE/SPEAKER2061/020610194.WAV,YES IT WAS AN INTERESTING HOUSE,2061
020610201,WAVE/SPEAKER2061/020610201.WAV,THANK YOU FOR THE ASSIST,2061
020610206,WAVE/SPEAKER2061/020610206.WAV,NOT THAT KIND OF STORY,2061
020610207,WAVE/SPEAKER2061/020610207.WAV,WAS IS AND ALWAYS WILL BE,2061
020610291,WAVE/SPEAKER2061/020610291.WAV,DO YOU HAVE A BATHROOM,2061
020610302,WAVE/SPEAKER2061/020610302.WAV,QUESTION IS WHERE DO YOU LAND,2061
020610316,WAVE/SPEAKER2061/020610316.WAV,IT WAS ABOUT THAT PLAN OF ESCAPE,2061
020610328,WAVE/SPEAKER2061/020610328.WAV,HE TAPPED ON THE GLASS,2061
020610341,WAVE/SPEAKER2061/020610341.WAV,THEY USED TO BEAT US TO STEAL OUR BRUSHES,2061
020610343,WAVE/SPEAKER2061/020610343.WAV,I REMEMBER THAT SOME BUT STILL NOTHING OF HER,2061
020890003,WAVE/SPEAKER2089/020890003.WAV,IT WAS SOMETHING THAT NEVER HAPPENED TO US BEFORE,2089
020890037,WAVE/SPEAKER2089/020890037.WAV,IT'S STILL THERE FOR ME,2089
020890112,WAVE/SPEAKER2089/020890112.WAV,BUT THOSE ARE NOT MY DECISIONS,2089
020890134,WAVE/SPEAKER2089/020890134.WAV,SHOULD BE A WAKE UP CALL,2089
020890156,WAVE/SPEAKER2089/020890156.WAV,WHAT YOU KNOW ABOUT DREAMS,2089
020890165,WAVE/SPEAKER2089/020890165.WAV,AS PART OF THE RUN UP TO RELEASE,2089
020890206,WAVE/SPEAKER2089/020890206.WAV,TRUST ME THERE IS PLENTY OF BREAD,2089
020890207,WAVE/SPEAKER2089/020890207.WAV,OFTEN NOT SO EASY TO DO,2089
020890215,WAVE/SPEAKER2089/020890215.WAV,UNTIL YOU SIT AND LISTEN TO IT,2089
020890219,WAVE/SPEAKER2089/020890219.WAV,DO YOU HAVE THE GLASSES,2089
020890259,WAVE/SPEAKER2089/020890259.WAV,GLAD YOU ARE HAVING A GOOD TIME,2089
020890260,WAVE/SPEAKER2089/020890260.WAV,WINDOWS OPEN TRANSFORMERS IN BED,2089
020890267,WAVE/SPEAKER2089/020890267.WAV,BEST TWO MONTHS OF THE YEAR,2089
020890274,WAVE/SPEAKER2089/020890274.WAV,I THOUGHT THIS WOULD BE SO EASY TO DRAW,2089
020890306,WAVE/SPEAKER2089/020890306.WAV,THERE WERE TWO NEW LIVES IN THE HOUSE,2089
020890313,WAVE/SPEAKER2089/020890313.WAV,BUT HE WOULD NOT LET ME GO,2089
020890326,WAVE/SPEAKER2089/020890326.WAV,PREDICTION IS AS CLEAR AS DAY IS IT NOT,2089
020890340,WAVE/SPEAKER2089/020890340.WAV,GO AND GET READY IF YOU WANT TO COME,2089
020890346,WAVE/SPEAKER2089/020890346.WAV,WHAT WAS SO SPECIAL ABOUT THIS SONG,2089
020890371,WAVE/SPEAKER2089/020890371.WAV,I KNOW WHO THEY ARE,2089
021290009,WAVE/SPEAKER2129/021290009.WAV,THE RACE IS TOO CLOSE TO CALL,2129
021290011,WAVE/SPEAKER2129/021290011.WAV,IT CAN ONLY CONTINUE TO GROW,2129
021290068,WAVE/SPEAKER2129/021290068.WAV,EVERYONE MIGHT AS WELL GET READY FOR IT,2129
021290121,WAVE/SPEAKER2129/021290121.WAV,WAKE UP AND MAKE IT HAPPEN,2129
021290134,WAVE/SPEAKER2129/021290134.WAV,YOU HAVE THE RIGHT TO GROW,2129
021290144,WAVE/SPEAKER2129/021290144.WAV,MENTALLY READY FOR A FULL DAY OF TRAVEL,2129
021290148,WAVE/SPEAKER2129/021290148.WAV,IT'S WAY TOO MUCH FOR ME ALREADY,2129
021290160,WAVE/SPEAKER2129/021290160.WAV,SOMETIMES THE TRUTH IS DISGUSTING,2129
021290169,WAVE/SPEAKER2129/021290169.WAV,DRIVING TO THE MOON IN STYLE,2129
021290173,WAVE/SPEAKER2129/021290173.WAV,ALL THE BEST FOR THE MOVIE,2129
021290200,WAVE/SPEAKER2129/021290200.WAV,PLEASE GO BACK TO THE STARS SYSTEM,2129
021290209,WAVE/SPEAKER2129/021290209.WAV,AT THE END OF THE DAY EVERYBODY LOST,2129
021290235,WAVE/SPEAKER2129/021290235.WAV,KNOW ANYONE THAT WOULD BE A GOOD CANDIDATE,2129
021290261,WAVE/SPEAKER2129/021290261.WAV,WHEN ARE YOU WORKING WITH AGAIN,2129
021290282,WAVE/SPEAKER2129/021290282.WAV,COULD YOU SEE ON THE BIG SCREEN SOON,2129
021290291,WAVE/SPEAKER2129/021290291.WAV,AND I HAVE NO IDEA WHO THEY ARE,2129
021290319,WAVE/SPEAKER2129/021290319.WAV,DO NOT FEAR TO GIVE YOURSELF TO ME,2129
021290324,WAVE/SPEAKER2129/021290324.WAV,SHE STEPPED INTO THE PASSAGE,2129
021290326,WAVE/SPEAKER2129/021290326.WAV,I NEVER TO SEE THEM AGAIN,2129
021290371,WAVE/SPEAKER2129/021290371.WAV,FEAR MUST HAVE TURNED MY HEAD,2129
021680007,WAVE/SPEAKER2168/021680007.WAV,I HAD HOPED TO DO BETTER,2168
021680016,WAVE/SPEAKER2168/021680016.WAV,NOT BECAUSE THERE WAS A CROSS THERE,2168
021680048,WAVE/SPEAKER2168/021680048.WAV,HE WILL BE EXPECTED TO IMPROVE IN BOTH AREAS,2168
021680052,WAVE/SPEAKER2168/021680052.WAV,STRESS AFTER ALL IS THE ROOT OF DISEASE,2168
021680122,WAVE/SPEAKER2168/021680122.WAV,I WANT TO TAKE A PICTURE WITH YOU,2168
021680154,WAVE/SPEAKER2168/021680154.WAV,INTERESTED TO GET YOUR TAKE,2168
021680169,WAVE/SPEAKER2168/021680169.WAV,I WILL BE AT WORK TOMORROW,2168
021680190,WAVE/SPEAKER2168/021680190.WAV,FAILURE IS NOT AN OPTION SUCCESS IS JUST A PROCESS,2168
021680237,WAVE/SPEAKER2168/021680237.WAV,ANY REPORTS ON THE CONTENTS OF THE PIE,2168
021680246,WAVE/SPEAKER2168/021680246.WAV,MAN PILLAR IS THE BEST,2168
021680249,WAVE/SPEAKER2168/021680249.WAV,FACTS ARE OF NO IMPORTANCE TO THEM,2168
021680251,WAVE/SPEAKER2168/021680251.WAV,MAYBE IT'S THE SAME MENU,2168
021680266,WAVE/SPEAKER2168/021680266.WAV,LOVE COMING TO THE BRAVES GAME,2168
021680288,WAVE/SPEAKER2168/021680288.WAV,UNLUCKY NOT TO GO ON AND WIN THE GAME TODAY,2168
021680297,WAVE/SPEAKER2168/021680297.WAV,WE HAD A LITTLE TROUBLE FINDING YOU,2168
021680318,WAVE/SPEAKER2168/021680318.WAV,OH HE'S A NICE MAN IS YOUR FATHER,2168
021680332,WAVE/SPEAKER2168/021680332.WAV,THAT WAS WHY WE SHIFTED,2168
021680369,WAVE/SPEAKER2168/021680369.WAV,HERE IT IS YOU SEE SIR,2168
021680379,WAVE/SPEAKER2168/021680379.WAV,HENCE THE CYCLE OF THE GAMES IS BRIEF,2168
021680380,WAVE/SPEAKER2168/021680380.WAV,I TURNED AND THE FRENCH WINDOW WAS OPEN BEHIND ME,2168
021700029,WAVE/SPEAKER2170/021700029.WAV,A LOT OF PEOPLE REMEMBER THAT ROLE,2170
021700034,WAVE/SPEAKER2170/021700034.WAV,BUT THE SITUATION WAS ALSO UNCOMFORTABLE,2170
021700062,WAVE/SPEAKER2170/021700062.WAV,THE TEARS WERE JUST RUNNING OUT OF MY EYES,2170
021700077,WAVE/SPEAKER2170/021700077.WAV,FOR HER IT'S PRAISE,2170
021700120,WAVE/SPEAKER2170/021700120.WAV,YOU HAVE TO RESPECT THE OFFICE OF THE PRESIDENT,2170
021700131,WAVE/SPEAKER2170/021700131.WAV,I WAS TRYING TO FORGET,2170
021700139,WAVE/SPEAKER2170/021700139.WAV,I GET SOME OF THE CRITICISM,2170
021700153,WAVE/SPEAKER2170/021700153.WAV,THIS IS PROBABLY GOING TO BE THE BEST MOVIE EVER,2170
021700176,WAVE/SPEAKER2170/021700176.WAV,I DO IT FOR US,2170
021700211,WAVE/SPEAKER2170/021700211.WAV,WHICH WAS A STUPID THING TO DO,2170
021700224,WAVE/SPEAKER2170/021700224.WAV,MAJORITY OF THE DAY WITH MY LOVE,2170
021700232,WAVE/SPEAKER2170/021700232.WAV,THEY ARE STILL VERY MUCH U S CITIZENS,2170
021700236,WAVE/SPEAKER2170/021700236.WAV,THANKS TO ALL WHO VOTED FOR US IN THE AWARDS,2170
021700240,WAVE/SPEAKER2170/021700240.WAV,VERY IMPORTANT VICTORY WE ARE ON THE RIGHT WAY,2170
021700277,WAVE/SPEAKER2170/021700277.WAV,GOING TO DO SOME WORK IN A BIT,2170
021700287,WAVE/SPEAKER2170/021700287.WAV,I LEAVE THE HOUSE IN THE DARK,2170
021700291,WAVE/SPEAKER2170/021700291.WAV,THAT WAS A GREAT CHAPTER,2170
021700300,WAVE/SPEAKER2170/021700300.WAV,ALL I CAN DO IS SIT BACK AND LAUGH,2170
021700362,WAVE/SPEAKER2170/021700362.WAV,AND THE ANSWER IS YES,2170
021700379,WAVE/SPEAKER2170/021700379.WAV,MARK IS A BAD CORRESPONDENT,2170
021790008,WAVE/SPEAKER2179/021790008.WAV,JIM WENT TO SEE KANGAROO,2179
021790025,WAVE/SPEAKER2179/021790025.WAV,LANA CAN PAINT THE BIRD,2179
021790030,WAVE/SPEAKER2179/021790030.WAV,THREE FOUR TWO EIGHT,2179
021790035,WAVE/SPEAKER2179/021790035.WAV,TWO ONE ONE SEVEN,2179
021790039,WAVE/SPEAKER2179/021790039.WAV,NINE SIX THREE SEVEN,2179
021790040,WAVE/SPEAKER2179/021790040.WAV,FIVE SIX ONE ONE,2179
021790043,WAVE/SPEAKER2179/021790043.WAV,SEVEN NINE ZERO,2179
021790055,WAVE/SPEAKER2179/021790055.WAV,LYNDA LOVES THE NEW SANDALS,2179
021790075,WAVE/SPEAKER2179/021790075.WAV,LOOK AT TINA'S SHIRT,2179
021790081,WAVE/SPEAKER2179/021790081.WAV,SO LAYLA WENT INTO THE BANK,2179
021790083,WAVE/SPEAKER2179/021790083.WAV,ELSA WAS WALKING TO SCHOOL,2179
021790084,WAVE/SPEAKER2179/021790084.WAV,THEN JIM WALK TO ART ROOM,2179
021790108,WAVE/SPEAKER2179/021790108.WAV,THAT'S MY BRAVE LITTLE MOUNTAIN CLIMBER,2179
021790112,WAVE/SPEAKER2179/021790112.WAV,CAN I KEEP THEM,2179
021790125,WAVE/SPEAKER2179/021790125.WAV,I HAVE A GOOD IDEA FOR YOU,2179
021790149,WAVE/SPEAKER2179/021790149.WAV,I HAD TWO SISTERS,2179
021790152,WAVE/SPEAKER2179/021790152.WAV,I WISH WE HAVE A LIGHT,2179
021790168,WAVE/SPEAKER2179/021790168.WAV,BUT NOT USE GOING OVER THAT,2179
021790169,WAVE/SPEAKER2179/021790169.WAV,HE WOULD GO OUT BUT WHEN,2179
021790173,WAVE/SPEAKER2179/021790173.WAV,YOU HAVE NO IDEAS HAVE YOU,2179
022080028,WAVE/SPEAKER2208/022080028.WAV,I THOUGHT IT WAS PRETTY SIMPLE,2208
022080038,WAVE/SPEAKER2208/022080038.WAV,I THINK THE KEY WORD IS PROBABLY,2208
022080085,WAVE/SPEAKER2208/022080085.WAV,THERE WAS NO RECORD OF ADOPTION,2208
022080100,WAVE/SPEAKER2208/022080100.WAV,I WANT TO WIN IT VERY MUCH,2208
022080116,WAVE/SPEAKER2208/022080116.WAV,NOT THE SAME BUT IT IS DELICIOUS,2208
022080124,WAVE/SPEAKER2208/022080124.WAV,LET'S TRY AND MAKE IT TO THE NEXT ROUND,2208
022080146,WAVE/SPEAKER2208/022080146.WAV,WHAT ARE YOU DOING TO GET BETTER,2208
022080179,WAVE/SPEAKER2208/022080179.WAV,IT'S THE PERFECT TIME TO GET READY FOR THE BEACH,2208
022080181,WAVE/SPEAKER2208/022080181.WAV,ANY HOPE FOR IT IN THE FUTURE,2208
022080186,WAVE/SPEAKER2208/022080186.WAV,LOVE THE IDEA OF IT ALL,2208
022080187,WAVE/SPEAKER2208/022080187.WAV,SO AS SOON AS THAT HAPPENS,2208
022080189,WAVE/SPEAKER2208/022080189.WAV,AND THERE IS NO ANSWER,2208
022080192,WAVE/SPEAKER2208/022080192.WAV,WE WANT TO PLAY A LITTLE GAME,2208
022080202,WAVE/SPEAKER2208/022080202.WAV,TIGERS ARE ON THE BOARD,2208
022080204,WAVE/SPEAKER2208/022080204.WAV,UNTIL THEN YOU ARE BLOCKED,2208
022080210,WAVE/SPEAKER2208/022080210.WAV,ARE YOU SUPPOSED TO BE PART OF THE CHRISTIAN RIGHT,2208
022080294,WAVE/SPEAKER2208/022080294.WAV,AND WHO IS THE JUDGE,2208
022080299,WAVE/SPEAKER2208/022080299.WAV,I'D LOVE TO PARTICIPATE IN THE NEXT ONE,2208
022080340,WAVE/SPEAKER2208/022080340.WAV,BECAUSE WHY WOULD ANYBODY CHOOSE TO BE UNHAPPY,2208
022080341,WAVE/SPEAKER2208/022080341.WAV,HIS FIRST BOW TO THE PUBLIC,2208
022360092,WAVE/SPEAKER2236/022360092.WAV,SO THAT IS PROBABLY AN UPPER LIMIT,2236
022360126,WAVE/SPEAKER2236/022360126.WAV,THE ONLY THING HAVE TO PAY IS ATTENTION,2236
022360147,WAVE/SPEAKER2236/022360147.WAV,YOU ALL IN MY PRAYERS,2236
022360159,WAVE/SPEAKER2236/022360159.WAV,ARE YOU NOT GOING TO TOUR,2236
022360185,WAVE/SPEAKER2236/022360185.WAV,WHAT A GREAT FRIDAY EVENING,2236
022360186,WAVE/SPEAKER2236/022360186.WAV,GLAD YOU LIKE THE SONG,2236
022360221,WAVE/SPEAKER2236/022360221.WAV,THIS WOULD BE MY LAST WISH,2236
022360222,WAVE/SPEAKER2236/022360222.WAV,PARKING WOULD SEEM TO ISSUE,2236
022360227,WAVE/SPEAKER2236/022360227.WAV,WE NEED TO PRAY BADLY,2236
022360231,WAVE/SPEAKER2236/022360231.WAV,INTERESTING FIRST HALF OF GAMES,2236
022360253,WAVE/SPEAKER2236/022360253.WAV,I HAVE NOTHING BUT UTMOST RESPECT FOR YOU,2236
022360259,WAVE/SPEAKER2236/022360259.WAV,WHO'S GOING TO APRIL PARTY,2236
022360262,WAVE/SPEAKER2236/022360262.WAV,OF COURSE YOU CAN SEEM,2236
022360265,WAVE/SPEAKER2236/022360265.WAV,AND WHAT WILL YOU DO TO GET THERE,2236
022360293,WAVE/SPEAKER2236/022360293.WAV,I WAS SO PROUD OF MYSELF,2236
022360310,WAVE/SPEAKER2236/022360310.WAV,HER MOTHER WHO HAD MADE HER WAS NO HUMAN,2236
022360311,WAVE/SPEAKER2236/022360311.WAV,COME TO THE HOUSE AND STAY,2236
022360321,WAVE/SPEAKER2236/022360321.WAV,THERE'S NOTHING THAT UNUSUAL ABOUT THE STRUCTURE OF THE PLAN,2236
022360326,WAVE/SPEAKER2236/022360326.WAV,WILL FIND THIS OUT SOME DAY,2236
022360350,WAVE/SPEAKER2236/022360350.WAV,I WILL GO AND LOOK FOR IT,2236
022420015,WAVE/SPEAKER2242/022420015.WAV,IT MADE ME FEEL GOOD,2242
022420045,WAVE/SPEAKER2242/022420045.WAV,ONLY THE BOATS ARE ARMED LIGHTLY,2242
022420067,WAVE/SPEAKER2242/022420067.WAV,IT'S NOT GOING TO KILL THEM,2242
022420073,WAVE/SPEAKER2242/022420073.WAV,YET ALL IT TAKES IS THREE TWO ONE,2242
022420086,WAVE/SPEAKER2242/022420086.WAV,SATURDAY WINNING COLORS WILL BECOME THE SECOND,2242
022420106,WAVE/SPEAKER2242/022420106.WAV,EVERYONE CAN WIN AT HOME,2242
022420129,WAVE/SPEAKER2242/022420129.WAV,STILL ONE OF MY FEARS,2242
022420138,WAVE/SPEAKER2242/022420138.WAV,IF YOU NEED A REMINDER,2242
022420146,WAVE/SPEAKER2242/022420146.WAV,THE SPRING MARKET IS STRONG,2242
022420164,WAVE/SPEAKER2242/022420164.WAV,SURE IT COULD HAPPEN TO ANYONE,2242
022420168,WAVE/SPEAKER2242/022420168.WAV,IT'S NICE TO GET BACK INTO IT AGAIN,2242
022420172,WAVE/SPEAKER2242/022420172.WAV,BLUE WAS READY TO GO,2242
022420273,WAVE/SPEAKER2242/022420273.WAV,HOW ARE YOU GETTING ON WITH YOUR BIKE,2242
022420288,WAVE/SPEAKER2242/022420288.WAV,WE HAVE TO MAKE A STAND NOW,2242
022420292,WAVE/SPEAKER2242/022420292.WAV,MY HOME IS IN THE STARS,2242
022420306,WAVE/SPEAKER2242/022420306.WAV,IT IS MY LOVE THAT IS BOLD,2242
022420342,WAVE/SPEAKER2242/022420342.WAV,WAS HE NOT HAPPY TOO,2242
022420346,WAVE/SPEAKER2242/022420346.WAV,WE NEITHER OF US KNOW MUCH ABOUT IT,2242
022420348,WAVE/SPEAKER2242/022420348.WAV,THERE WAS ALWAYS A DAY WHEN SHE CALLED TIME,2242
022420362,WAVE/SPEAKER2242/022420362.WAV,THEY BOTH LAUGHED AND FOR A LONG TIME,2242
022440038,WAVE/SPEAKER2244/022440038.WAV,INSURANCE IS A MAJOR CONSIDERATION IN MOVING,2244
022440039,WAVE/SPEAKER2244/022440039.WAV,HE KNOWS BETTER THAN TO TELL ME ABOUT THOSE THINGS,2244
022440062,WAVE/SPEAKER2244/022440062.WAV,AFTER THAT COMES THE UNITED STATES AND THE WORLD,2244
022440073,WAVE/SPEAKER2244/022440073.WAV,THE DANGERS OF HANGING OUT IN PUBLIC PLACES,2244
022440126,WAVE/SPEAKER2244/022440126.WAV,SO YOU SHOULD BE FINE,2244
022440134,WAVE/SPEAKER2244/022440134.WAV,THEY HAVE HAD THEIR CHANCE FOR MONTHS,2244
022440139,WAVE/SPEAKER2244/022440139.WAV,POP IT ON THE LIST,2244
022440144,WAVE/SPEAKER2244/022440144.WAV,SO YOU KNOW THE USUAL,2244
022440165,WAVE/SPEAKER2244/022440165.WAV,SEEING YOU LIKE THIS IS NOT PRETTY,2244
022440180,WAVE/SPEAKER2244/022440180.WAV,NOTHING BETTER THAN A DAY AT THE BEACH,2244
022440189,WAVE/SPEAKER2244/022440189.WAV,IT'S UP TO YOU TO MAKE SURE THEY NEVER FORGET,2244
022440215,WAVE/SPEAKER2244/022440215.WAV,YOU WILL BE THERE IN SPIRIT,2244
022440277,WAVE/SPEAKER2244/022440277.WAV,PLEASE KEEP IN TOUCH WITH ME,2244
022440286,WAVE/SPEAKER2244/022440286.WAV,WHAT'S THE BEST WAY TO GET A HOLD OF YOU,2244
022440312,WAVE/SPEAKER2244/022440312.WAV,IT'S AS STEADY AS A ROCK,2244
022440337,WAVE/SPEAKER2244/022440337.WAV,WHEN SHE LOOKED UP SHE BEAMED,2244
022440340,WAVE/SPEAKER2244/022440340.WAV,THE TRAIL THOUGH WOULD BE EXTENSIVE,2244
022440352,WAVE/SPEAKER2244/022440352.WAV,A THOUSAND YEARS AGO IT SEEMED,2244
022440361,WAVE/SPEAKER2244/022440361.WAV,BUT ONLY IF SHE COULD HANDLE THE HEAT,2244
022440362,WAVE/SPEAKER2244/022440362.WAV,AS IF SHE WANTED HIM TO LEAVE,2244
022510066,WAVE/SPEAKER2251/022510066.WAV,BUT WE WOULD ASK MORE OF YOU,2251
022510069,WAVE/SPEAKER2251/022510069.WAV,THAT'S WHY IT IS SO DIFFICULT,2251
022510089,WAVE/SPEAKER2251/022510089.WAV,BUT WE ARE NOT RESPONSIBLE FOR THIS,2251
022510093,WAVE/SPEAKER2251/022510093.WAV,WE MIGHT GET BEAT AND WE MIGHT WIN,2251
022510095,WAVE/SPEAKER2251/022510095.WAV,THEY ALL LIVED IN THE SAME STREET,2251
022510122,WAVE/SPEAKER2251/022510122.WAV,YOU KNOW THIS COULD BE TRUE,2251
022510152,WAVE/SPEAKER2251/022510152.WAV,TAG A FRIEND YOU WISH YOU WERE HERE WITH,2251
022510166,WAVE/SPEAKER2251/022510166.WAV,FASHION IS IN A TERRIBLE STATE,2251
022510190,WAVE/SPEAKER2251/022510190.WAV,IT'S A BIT OF A FEAR FOR ME THAT,2251
022510211,WAVE/SPEAKER2251/022510211.WAV,HOW ABOUT THIS FOR A CHANGE,2251
022510230,WAVE/SPEAKER2251/022510230.WAV,THAT WAY PEOPLE WOULD LOVE TO SEE IT LIVE,2251
022510237,WAVE/SPEAKER2251/022510237.WAV,I THINK WE SHOULD GET HIM ON THE SHOW,2251
022510255,WAVE/SPEAKER2251/022510255.WAV,I MAY STILL BE TIRED,2251
022510266,WAVE/SPEAKER2251/022510266.WAV,VIDEO ABOUT THE NEW LOCATION,2251
022510276,WAVE/SPEAKER2251/022510276.WAV,REMEMBER THAT WE ARE ALL EQUAL,2251
022510291,WAVE/SPEAKER2251/022510291.WAV,MATCH OF THE YEAR SO FAR,2251
022510300,WAVE/SPEAKER2251/022510300.WAV,I THINK IT IS TIME,2251
022510320,WAVE/SPEAKER2251/022510320.WAV,KEEPING MY HAND IN MY POCKET,2251
022510323,WAVE/SPEAKER2251/022510323.WAV,SHE WANTS TO GET CAUGHT,2251
022510368,WAVE/SPEAKER2251/022510368.WAV,BUT HOW MANY WILL NEVER SEE IT,2251
022820020,WAVE/SPEAKER2282/022820020.WAV,THE MAN YOU ARE TALKING ABOUT HAD A BROWN JACKET,2282
022820021,WAVE/SPEAKER2282/022820021.WAV,SOME WORKERS WERE BACK ON THE JOB,2282
022820026,WAVE/SPEAKER2282/022820026.WAV,THEY WOULD NOT STAND FOR IT,2282
022820042,WAVE/SPEAKER2282/022820042.WAV,SOMEBODY WHO CAN HIT HOME RUNS AND DRIVE IN RUNS,2282
022820062,WAVE/SPEAKER2282/022820062.WAV,HE PROBABLY IS THE MOST TALENTED IN THE SECONDARY,2282
022820072,WAVE/SPEAKER2282/022820072.WAV,IF THERE WERE GAMES WE WOULD BENEFIT FROM THEM,2282
022820079,WAVE/SPEAKER2282/022820079.WAV,I WAS WATCHING BACK AND FIRTH BACK AND FIRTH,2282
022820106,WAVE/SPEAKER2282/022820106.WAV,MANY OF THE TROOPS WERE BADLY BURNED,2282
022820107,WAVE/SPEAKER2282/022820107.WAV,I JUST WANTED TO PLAY STEADY,2282
022820121,WAVE/SPEAKER2282/022820121.WAV,ANIMAL KINGDOM DAY AND NIGHT,2282
022820134,WAVE/SPEAKER2282/022820134.WAV,WHAT A GREAT SUNDAY MORNING,2282
022820142,WAVE/SPEAKER2282/022820142.WAV,THEY HAD A GOOD SEASON,2282
022820155,WAVE/SPEAKER2282/022820155.WAV,QUICK CHANGE HOW DO YOU DO IT,2282
022820191,WAVE/SPEAKER2282/022820191.WAV,GOING TO TRY AND MAKE IT,2282
022820197,WAVE/SPEAKER2282/022820197.WAV,FIRST GAME DAY OF THE YEAR,2282
022820281,WAVE/SPEAKER2282/022820281.WAV,WE ARE IN THE BACK,2282
022820291,WAVE/SPEAKER2282/022820291.WAV,I READ A LOT OF FICTION,2282
022820293,WAVE/SPEAKER2282/022820293.WAV,EDGE OF TOMORROW IS GOOD TIME,2282
022820317,WAVE/SPEAKER2282/022820317.WAV,WE CAN TALK ABOUT THIS LATER,2282
022820357,WAVE/SPEAKER2282/022820357.WAV,HERE'S THE GREAT MAN HIMSELF,2282
023800015,WAVE/SPEAKER2380/023800015.WAV,I AM SO SORRY TO ALL OF YOU,2380
023800042,WAVE/SPEAKER2380/023800042.WAV,THE OTHERS WERE TREATED IN THE EMERGENCY ROOM,2380
023800056,WAVE/SPEAKER2380/023800056.WAV,HE MAY HAVE ALREADY STARTED,2380
023800093,WAVE/SPEAKER2380/023800093.WAV,THAT'S A GOOD WAY TO APPROACH IT I THINK,2380
023800114,WAVE/SPEAKER2380/023800114.WAV,HE SHOULD HAVE LET THE ORGANIZATION AND THE MANAGER KNOW,2380
023800124,WAVE/SPEAKER2380/023800124.WAV,WE HAVE TO LET THEM KNOW THEY ARE SPECIAL,2380
023800160,WAVE/SPEAKER2380/023800160.WAV,GOING TO ANY OTHER GAMES,2380
023800186,WAVE/SPEAKER2380/023800186.WAV,I MADE IT TO THE FINALE,2380
023800242,WAVE/SPEAKER2380/023800242.WAV,CERTAINLY YOU CAN BE MORE SPECIFIC,2380
023800260,WAVE/SPEAKER2380/023800260.WAV,HOW MUCH TIME DO YOU SPEND DOING,2380
023800277,WAVE/SPEAKER2380/023800277.WAV,BUT NO NEED FOR THAT NOW,2380
023800278,WAVE/SPEAKER2380/023800278.WAV,I WAS ABLE TO DEFEND AGAINST IT SUCCESSFULLY,2380
023800280,WAVE/SPEAKER2380/023800280.WAV,HOPE SHE HAD A GOOD DAY MATE,2380
023800298,WAVE/SPEAKER2380/023800298.WAV,PLANTS GROW TO THE SIZE OF THE POT,2380
023800326,WAVE/SPEAKER2380/023800326.WAV,THAT KID HAD NOTHING TO DO WITH IT,2380
023800330,WAVE/SPEAKER2380/023800330.WAV,IT WAS PROBABLY ABOUT FIVE O'CLOCK IN THE MORNING,2380
023800338,WAVE/SPEAKER2380/023800338.WAV,THIS IS NO FANCY SKETCH BUT THE TRUTH,2380
023800352,WAVE/SPEAKER2380/023800352.WAV,SHE WAS LARGE AND SHE WAS KIND,2380
023800363,WAVE/SPEAKER2380/023800363.WAV,THUS FAR THEREFORE ALL WAS WELL,2380
023800368,WAVE/SPEAKER2380/023800368.WAV,THE HOUSE WAS VERY STILL,2380
024020047,WAVE/SPEAKER2402/024020047.WAV,ARE YOU GOING TO HAVE ANOTHER DRINK,2402
024020051,WAVE/SPEAKER2402/024020051.WAV,AS OF MONDAY MORNING THE POST IS STILL UP,2402
024020053,WAVE/SPEAKER2402/024020053.WAV,THAT'S A LONG WAY TO RUN,2402
024020069,WAVE/SPEAKER2402/024020069.WAV,THERE WAS NO REQUEST MADE FOR THE GUARD TODAY,2402
024020084,WAVE/SPEAKER2402/024020084.WAV,HE'S HONEST TO BE THE BONE,2402
024020142,WAVE/SPEAKER2402/024020142.WAV,INTERESTED IN LEARNING MORE ABOUT THE EVENTS I PRODUCE,2402
024020158,WAVE/SPEAKER2402/024020158.WAV,WELL TIME FOR ME TO GO TO SLEEP,2402
024020175,WAVE/SPEAKER2402/024020175.WAV,ALCOHOL IS ALWAYS THE ANSWER,2402
024020176,WAVE/SPEAKER2402/024020176.WAV,PUMPED FOR THE RETURN OF THE KING TODAY,2402
024020205,WAVE/SPEAKER2402/024020205.WAV,IT SHOULD BE A GOOD NIGHT,2402
024020233,WAVE/SPEAKER2402/024020233.WAV,SO THIS SEEMS LIKE A PRETTY BIG DEAL,2402
024020238,WAVE/SPEAKER2402/024020238.WAV,SEE ALL I HAD TO DO WAS COMPLAIN,2402
024020253,WAVE/SPEAKER2402/024020253.WAV,SPIRITUAL FORMATION IS NOT SOMETHING WE MASTER,2402
024020256,WAVE/SPEAKER2402/024020256.WAV,WINNING IS SO MUCH FUN,2402
024020260,WAVE/SPEAKER2402/024020260.WAV,BLESS SUGAR RAY AND HIS FAMILY,2402
024020265,WAVE/SPEAKER2402/024020265.WAV,HANGING OUT AT THE BEACH,2402
024020291,WAVE/SPEAKER2402/024020291.WAV,THE MOST BEAUTIFUL WOMAN IN THE UNIVERSE,2402
024020321,WAVE/SPEAKER2402/024020321.WAV,IT IS NOW TWO O'CLOCK,2402
024020328,WAVE/SPEAKER2402/024020328.WAV,HE WAS TWENTY WHEN HE LEARNED THE TRUTH ABOUT HIMSELF,2402
024020337,WAVE/SPEAKER2402/024020337.WAV,I WISH YOU TO TAKE CARE OF THESE TWO LETTERS,2402
024270011,WAVE/SPEAKER2427/024270011.WAV,MORE SNOW WAS IN THE FORECAST FOR MONDAY NIGHT,2427
024270019,WAVE/SPEAKER2427/024270019.WAV,IN THIS CASE IT'S NOT NECESSARY,2427
024270028,WAVE/SPEAKER2427/024270028.WAV,TODAY THEY ARE MORE DYNAMIC AND MORE HUMANE,2427
024270051,WAVE/SPEAKER2427/024270051.WAV,OTHERS ARE NOT QUITE SO SURE HOWEVER,2427
024270053,WAVE/SPEAKER2427/024270053.WAV,THEY ARE SO DEEP IN TALENT,2427
024270057,WAVE/SPEAKER2427/024270057.WAV,EACH TEAM STARTS AT THE SAME TIME,2427
024270077,WAVE/SPEAKER2427/024270077.WAV,BUT I SAW IT AGAIN,2427
024270127,WAVE/SPEAKER2427/024270127.WAV,WE WERE TALKING ABOUT SOCCER,2427
024270155,WAVE/SPEAKER2427/024270155.WAV,BACK AND AT JUST THE RIGHT TIME,2427
024270168,WAVE/SPEAKER2427/024270168.WAV,WHAT DO YOU THINK THOSE ARE,2427
024270176,WAVE/SPEAKER2427/024270176.WAV,STILL WAITING FOR IT TO HAPPEN,2427
024270178,WAVE/SPEAKER2427/024270178.WAV,LOOKS TO BE WORTH THE WAIT,2427
024270183,WAVE/SPEAKER2427/024270183.WAV,FEELS SO GOOD TO BE BACK TOGETHER,2427
024270197,WAVE/SPEAKER2427/024270197.WAV,LISTEN TO IT IN ALL ITS GLORY,2427
024270206,WAVE/SPEAKER2427/024270206.WAV,MASKS ARE PART OF UNIFORM,2427
024270245,WAVE/SPEAKER2427/024270245.WAV,WHEN IS IT TIME TO TALK ABOUT GUNS,2427
024270270,WAVE/SPEAKER2427/024270270.WAV,THIS IS NOT A NICE STORY IT'S TRUE,2427
024270292,WAVE/SPEAKER2427/024270292.WAV,WE SHOULD TOTALLY GO FOR A WALK,2427
024270313,WAVE/SPEAKER2427/024270313.WAV,BUT THEY MUST DO IT,2427
024270336,WAVE/SPEAKER2427/024270336.WAV,AND NOW IT'S MY TURN,2427
024300001,WAVE/SPEAKER2430/024300001.WAV,THERE MAY BE A WAY TO CHANGE ALL THAT,2430
024300052,WAVE/SPEAKER2430/024300052.WAV,NOW HE'S OPEN HE CAN SELL IT TO YOU,2430
024300061,WAVE/SPEAKER2430/024300061.WAV,IT WAS A NEW MARKET,2430
024300063,WAVE/SPEAKER2430/024300063.WAV,COULD YOU PUT HIM ON THE BOARD,2430
024300065,WAVE/SPEAKER2430/024300065.WAV,HE WAS NOT SUPPORTED BY THE PARTY THERE,2430
024300068,WAVE/SPEAKER2430/024300068.WAV,SO THEY HAVE TO GO WITH MORE SOPHISTICATE POSITIONING,2430
024300080,WAVE/SPEAKER2430/024300080.WAV,BUT IS NOT NOW,2430
024300082,WAVE/SPEAKER2430/024300082.WAV,NOW BECAUSE OF DRAGONS LOOK WHERE HE IS TODAY,2430
024300093,WAVE/SPEAKER2430/024300093.WAV,THERE IS ALWAYS THE QUESTION OF WHAT WILL FOLLOW,2430
024300099,WAVE/SPEAKER2430/024300099.WAV,THE ECONOMY IS FAR FROM SOUND,2430
024300118,WAVE/SPEAKER2430/024300118.WAV,KEEP IN TOUCH HAVE A GREAT WEEKEND,2430
024300131,WAVE/SPEAKER2430/024300131.WAV,I MEAN IT WAS THE LAST SUPPER,2430
024300132,WAVE/SPEAKER2430/024300132.WAV,WELL THANKS FOR THE CONSIDERATION,2430
024300135,WAVE/SPEAKER2430/024300135.WAV,HE ALWAYS KNOWS HOW TO MAKE ME FEEL BETTER,2430
024300189,WAVE/SPEAKER2430/024300189.WAV,IT'S WEDNESDAY YOU KNOW THE DRILL,2430
024300221,WAVE/SPEAKER2430/024300221.WAV,ENOUGH OF THE TIME LOOP,2430
024300270,WAVE/SPEAKER2430/024300270.WAV,IT IS SUCH A GOOD FIRM,2430
024300330,WAVE/SPEAKER2430/024300330.WAV,AT FIRST HE COULD NOT SPEAK,2430
024300345,WAVE/SPEAKER2430/024300345.WAV,AND NOW I GO DOWN TO LOOK AT IT,2430
024300360,WAVE/SPEAKER2430/024300360.WAV,SHE WAS BROAD AT THIS SHOULDERS,2430
024500006,WAVE/SPEAKER2450/024500006.WAV,THREE AND FOUR ARE THE BEST,2450
024500021,WAVE/SPEAKER2450/024500021.WAV,HE AND HIS PARENTS SAY THEY ARE NO LONGER SPEAKING,2450
024500033,WAVE/SPEAKER2450/024500033.WAV,ENOUGH OF THE TECHNICAL STUFF,2450
024500095,WAVE/SPEAKER2450/024500095.WAV,WE ALL KNOW THIS IS A TOUGH RACE TRACK,2450
024500126,WAVE/SPEAKER2450/024500126.WAV,YOU MUST HAVE A LOT,2450
024500139,WAVE/SPEAKER2450/024500139.WAV,BUT I KNOW WHAT YOU ARE,2450
024500141,WAVE/SPEAKER2450/024500141.WAV,THIS WOULD BE A VERY BUSY DAY,2450
024500147,WAVE/SPEAKER2450/024500147.WAV,I COME FROM A FAMILY OF TEACHERS,2450
024500151,WAVE/SPEAKER2450/024500151.WAV,SORRY FOR BEING A PLASTIC,2450
024500156,WAVE/SPEAKER2450/024500156.WAV,WHAT DO YOU SAY THE MOST,2450
024500164,WAVE/SPEAKER2450/024500164.WAV,WHAT AND HOW DO YOU SING,2450
024500228,WAVE/SPEAKER2450/024500228.WAV,WHERE ARE YOU GOING TO BE READY TO PLAY,2450
024500250,WAVE/SPEAKER2450/024500250.WAV,DO YOU LIKE THE COLOR OF THE SKY,2450
024500268,WAVE/SPEAKER2450/024500268.WAV,WHY IN THE WORLD AM I NOT IN THE BED,2450
024500284,WAVE/SPEAKER2450/024500284.WAV,IT'S SUNDAY NIGHT NOT THE END OF THE WORLD,2450
024500317,WAVE/SPEAKER2450/024500317.WAV,AND IN A SENSE YOU WERE RIGHT,2450
024500327,WAVE/SPEAKER2450/024500327.WAV,AND IT IS MY OWN HAND,2450
024500333,WAVE/SPEAKER2450/024500333.WAV,AS FOR THE FINAL THREE,2450
024500350,WAVE/SPEAKER2450/024500350.WAV,HE STARED AT THE STUDENTS,2450
024500363,WAVE/SPEAKER2450/024500363.WAV,THERE'S NOTHING TO DO BUT GET DRUNK,2450
026210005,WAVE/SPEAKER2621/026210005.WAV,THANK YOU AND GOD BLESS YOU ALL,2621
026210047,WAVE/SPEAKER2621/026210047.WAV,YOU TRY NOT TO THINK ABOUT THOSE KIND OF THINGS,2621
026210096,WAVE/SPEAKER2621/026210096.WAV,IT'S A VICTORY LAP FOR ME,2621
026210123,WAVE/SPEAKER2621/026210123.WAV,JUST WONDERING WHAT TO DO WITH THE CAT,2621
026210132,WAVE/SPEAKER2621/026210132.WAV,AND WHAT HAVE YOU LEARNED SO FAR,2621
026210135,WAVE/SPEAKER2621/026210135.WAV,COULD NOT BE SO PROUD,2621
026210136,WAVE/SPEAKER2621/026210136.WAV,LET'S TAKE A LOOK AT THAT,2621
026210141,WAVE/SPEAKER2621/026210141.WAV,LOT MORE TO LIFE THAN FOOTBALL,2621
026210157,WAVE/SPEAKER2621/026210157.WAV,HI ANGEL YOU NEVER KNOW WHAT WILL HAPPEN,2621
026210177,WAVE/SPEAKER2621/026210177.WAV,WAIT YOU CAN SEE THAT CAN YOU,2621
026210185,WAVE/SPEAKER2621/026210185.WAV,HOPELESSNESS IS A GREAT SIGH,2621
026210203,WAVE/SPEAKER2621/026210203.WAV,IT WAS SO GREAT TO SEE EVERYONE,2621
026210213,WAVE/SPEAKER2621/026210213.WAV,THEY TALK A LOT OF SENSE,2621
026210220,WAVE/SPEAKER2621/026210220.WAV,IT'S NOT AS SWEET WHEN YOU HAVE TO SHARE,2621
026210231,WAVE/SPEAKER2621/026210231.WAV,A LIGHT IN THE SHADOW,2621
026210242,WAVE/SPEAKER2621/026210242.WAV,HOPE TO SEE MUCH MORE OF YOU,2621
026210262,WAVE/SPEAKER2621/026210262.WAV,GREAT FIRST GAME OF THE SEASON,2621
026210287,WAVE/SPEAKER2621/026210287.WAV,IT USED TO BE CALLED A HAPPY ENDING,2621
026210299,WAVE/SPEAKER2621/026210299.WAV,AND I GET TO HEAR A LOT OF IT,2621
026210302,WAVE/SPEAKER2621/026210302.WAV,IT WAS A GREAT FUN,2621
027990028,WAVE/SPEAKER2799/027990028.WAV,HE RUNS HE BLOCKS HE CATCHES THE BALL,2799
027990046,WAVE/SPEAKER2799/027990046.WAV,WE HAVE THE EARLY SIGNS,2799
027990056,WAVE/SPEAKER2799/027990056.WAV,ON SUNDAY NONE OF THAT COUNTED FOR ANYTHING,2799
027990059,WAVE/SPEAKER2799/027990059.WAV,PEOPLE ARE GETTING BACK TO WORK,2799
027990066,WAVE/SPEAKER2799/027990066.WAV,IT SHOW THE WEAKNESS OF THE MOVEMENTS,2799
027990153,WAVE/SPEAKER2799/027990153.WAV,IN A WORLD CUP GAIN,2799
027990156,WAVE/SPEAKER2799/027990156.WAV,LOOKING FORWARD TO SEEING WHAT YOU HAVE TO OFFER,2799
027990160,WAVE/SPEAKER2799/027990160.WAV,I HAVE A NEW THING ON THE FRIDGE,2799
027990162,WAVE/SPEAKER2799/027990162.WAV,TIME TO THINK ABOUT SOMETHING ELSE FOR A WHILE,2799
027990167,WAVE/SPEAKER2799/027990167.WAV,YOU TALKED YOU CAUGHT YOU SCORED,2799
027990201,WAVE/SPEAKER2799/027990201.WAV,WHAT TO EAT IF YOU HAVE NO MONEY,2799
027990232,WAVE/SPEAKER2799/027990232.WAV,YOU SHOULD KEEP AN EYE OUT FOR THEM,2799
027990242,WAVE/SPEAKER2799/027990242.WAV,LOOKING FOR A GOOD GIFTS,2799
027990247,WAVE/SPEAKER2799/027990247.WAV,JOY CAN BE HARD TO FIND SOMETIMES,2799
027990264,WAVE/SPEAKER2799/027990264.WAV,I WILL NOT HESITATE TO CALL THE POLICE,2799
027990309,WAVE/SPEAKER2799/027990309.WAV,THE HOUSE WAS TOO BIG,2799
027990328,WAVE/SPEAKER2799/027990328.WAV,THE TOP OF ITS HEAD WAS STILL OPEN,2799
027990330,WAVE/SPEAKER2799/027990330.WAV,THE DOOR WAS OPENED WITH DIFFICULTY,2799
027990341,WAVE/SPEAKER2799/027990341.WAV,HE MARKED THEIR PROGRESS ON THE CHART,2799
027990358,WAVE/SPEAKER2799/027990358.WAV,BUT PERHAPS FOR HIM IT WAS NOT TOO LATE,2799
029810020,WAVE/SPEAKER2981/029810020.WAV,IT WOULD BE QUITE A CHALLENGE,2981
029810027,WAVE/SPEAKER2981/029810027.WAV,IT'S SORT A BIT A LITTLE BIT FORWARD AND BACK,2981
029810135,WAVE/SPEAKER2981/029810135.WAV,AND THANK YOU FOR BEING SO STRONG,2981
029810139,WAVE/SPEAKER2981/029810139.WAV,FOUND THIS IN THE COLLECTION,2981
029810147,WAVE/SPEAKER2981/029810147.WAV,HE IS IN THE HOSPITAL,2981
029810158,WAVE/SPEAKER2981/029810158.WAV,PROOF WE HAVE A GOOD TIME,2981
029810200,WAVE/SPEAKER2981/029810200.WAV,VIA WHAT DO YOU THINK,2981
029810204,WAVE/SPEAKER2981/029810204.WAV,IT'S ALL ABOUT THE CHOCOLATE,2981
029810216,WAVE/SPEAKER2981/029810216.WAV,I WOULD LIKE TO KNOW YOU,2981
029810221,WAVE/SPEAKER2981/029810221.WAV,WEIGHT IS THE ENEMY OF PERFORMANCE,2981
029810234,WAVE/SPEAKER2981/029810234.WAV,WHATEVER THE DIFFICULTY THERE'S A SOLUTION,2981
029810235,WAVE/SPEAKER2981/029810235.WAV,PRAYER IS A SOURCE OF STRENGTH AND SPIRIT,2981
029810243,WAVE/SPEAKER2981/029810243.WAV,I KNOW HOW TO DO ALL OF THEM,2981
029810283,WAVE/SPEAKER2981/029810283.WAV,BUT LOOK AT MY PARENTS,2981
029810294,WAVE/SPEAKER2981/029810294.WAV,TEXT ME IF YOU SINGLE SINGE,2981
029810301,WAVE/SPEAKER2981/029810301.WAV,HOPE WE GET TO SEE MORE,2981
029810315,WAVE/SPEAKER2981/029810315.WAV,THAT A HAT WAS NOT NECESSARY,2981
029810349,WAVE/SPEAKER2981/029810349.WAV,IT WAS ALL FOR YOU THAT I THOUGHT,2981
029810350,WAVE/SPEAKER2981/029810350.WAV,LOOK BOY VIOLENCE IS THE RESORT OF THE VIOLENT,2981
029810360,WAVE/SPEAKER2981/029810360.WAV,WHY AM I A GHOST,2981
030020008,WAVE/SPEAKER3002/030020008.WAV,DO I TAKE YOU WITH ME,3002
030020012,WAVE/SPEAKER3002/030020012.WAV,WHY NOT DO AS SHE WISHED,3002
030020022,WAVE/SPEAKER3002/030020022.WAV,SHE WAS NOT HERE,3002
030020047,WAVE/SPEAKER3002/030020047.WAV,HAVE YOU SOMETHING TO SAY,3002
030020048,WAVE/SPEAKER3002/030020048.WAV,DO YOU NOT NOW YEAH KNOW IT,3002
030020065,WAVE/SPEAKER3002/030020065.WAV,SHE IS HIS MOTHER,3002
030020077,WAVE/SPEAKER3002/030020077.WAV,AND THEY WERE RIGHT,3002
030020092,WAVE/SPEAKER3002/030020092.WAV,DO NOT GO THERE MY LOVE,3002
030020100,WAVE/SPEAKER3002/030020100.WAV,I KNOW THAT HE IS SURE OF IT,3002
030020112,WAVE/SPEAKER3002/030020112.WAV,TAKE ME WITH YOU,3002
030020117,WAVE/SPEAKER3002/030020117.WAV,EVERY ONE LOVES HER,3002
030020126,WAVE/SPEAKER3002/030020126.WAV,IT'S WAS A WARM MORNING AFTER RAIN,3002
030020136,WAVE/SPEAKER3002/030020136.WAV,I WANT TO JOINING ON,3002
030020138,WAVE/SPEAKER3002/030020138.WAV,THIS WAS HER WORK,3002
030020144,WAVE/SPEAKER3002/030020144.WAV,SHE WOULD HAVE LOVED YOU,3002
030020152,WAVE/SPEAKER3002/030020152.WAV,I KNOW THE NAME TOO,3002
030020159,WAVE/SPEAKER3002/030020159.WAV,I DO KNOW OF ONE NOW,3002
030020161,WAVE/SPEAKER3002/030020161.WAV,CAN YOU GUESS HIS NAME,3002
030020162,WAVE/SPEAKER3002/030020162.WAV,THEY LOVED HER AND SHE LOVED THEM,3002
030020172,WAVE/SPEAKER3002/030020172.WAV,TOO MUCH TO BE HAPPY,3002
030200005,WAVE/SPEAKER3020/030200005.WAV,WELL IN THAT CARS TO BE SURE LET THEM GO,3020
030200011,WAVE/SPEAKER3020/030200011.WAV,THE BABY WAS HUNGRY,3020
030200016,WAVE/SPEAKER3020/030200016.WAV,THIS WAS THE ROOM,3020
030200018,WAVE/SPEAKER3020/030200018.WAV,COME WITH ME TOMORROW,3020
030200019,WAVE/SPEAKER3020/030200019.WAV,THE WITH YOU TAKE A DRINK,3020
030200021,WAVE/SPEAKER3020/030200021.WAV,OH I HAD LOVED YOU FAR SO LONG A TIME,3020
030200037,WAVE/SPEAKER3020/030200037.WAV,THIS WERE YOUR NAME WAS IT,3020
030200041,WAVE/SPEAKER3020/030200041.WAV,DO YOU WANT A DRINK,3020
030200049,WAVE/SPEAKER3020/030200049.WAV,TELL US WHO YOU ARE,3020
030200057,WAVE/SPEAKER3020/030200057.WAV,SHE LOOKED AS THE CLOCK,3020
030200076,WAVE/SPEAKER3020/030200076.WAV,WILL YOU DO THAT,3020
030200078,WAVE/SPEAKER3020/030200078.WAV,NOW THEN THERE ALL FOR YOU GO TOGETHER,3020
030200087,WAVE/SPEAKER3020/030200087.WAV,THERE COMES ONE OF THEM,3020
030200101,WAVE/SPEAKER3020/030200101.WAV,THIS IS WHY IT DOES SO,3020
030200105,WAVE/SPEAKER3020/030200105.WAV,I AM NOT A POLICEMAN,3020
030200108,WAVE/SPEAKER3020/030200108.WAV,BUT HERE HE COMES AGAIN,3020
030200137,WAVE/SPEAKER3020/030200137.WAV,TELL HER SO WITH MY LOVE,3020
030200151,WAVE/SPEAKER3020/030200151.WAV,WOULD YOU HAVE DONE IT,3020
030200153,WAVE/SPEAKER3020/030200153.WAV,I TAKE PEOPLE YOU KNOW AS I FIND THEM,3020
030200164,WAVE/SPEAKER3020/030200164.WAV,IT WOULD DO YOU A LOT OF GOOD,3020
030210005,WAVE/SPEAKER3021/030210005.WAV,I HEAR THE DOCTOR'S HORSE,3021
030210032,WAVE/SPEAKER3021/030210032.WAV,I AM LISTENING TO YOU,3021
030210041,WAVE/SPEAKER3021/030210041.WAV,I PLAY WITH IT AFTER SCHOOL,3021
030210042,WAVE/SPEAKER3021/030210042.WAV,AND SO IT IS WITH ALL OF US,3021
030210044,WAVE/SPEAKER3021/030210044.WAV,THEN HEAR THEM FATHER,3021
030210045,WAVE/SPEAKER3021/030210045.WAV,THERE YOU ARE THEN,3021
030210047,WAVE/SPEAKER3021/030210047.WAV,HE TURN BACK TO HIS WATCH,3021
030210050,WAVE/SPEAKER3021/030210050.WAV,WAS THERE ANY US,3021
030210060,WAVE/SPEAKER3021/030210060.WAV,HE WILL HELP ME FIND A ROOM,3021
030210074,WAVE/SPEAKER3021/030210074.WAV,WILL YOU TEA TELL HIM,3021
030210079,WAVE/SPEAKER3021/030210079.WAV,I DO NOT WISH TO SEE YOU AGAIN,3021
030210082,WAVE/SPEAKER3021/030210082.WAV,IT IS OVER ALREADY,3021
030210118,WAVE/SPEAKER3021/030210118.WAV,WE WERE ALL SURE OF THAT,3021
030210123,WAVE/SPEAKER3021/030210123.WAV,IS THIS WELL DONE,3021
030210137,WAVE/SPEAKER3021/030210137.WAV,BUT CARE CARE CARE,3021
030210143,WAVE/SPEAKER3021/030210143.WAV,IT IS ONLY FOUR FEET HIGH,3021
030210152,WAVE/SPEAKER3021/030210152.WAV,HE ONLY WRITES TO TELL ME A PLACE OF NEWS,3021
030210164,WAVE/SPEAKER3021/030210164.WAV,WHAT WOMAN WHO REALLY LOVED WOULD,3021
030210165,WAVE/SPEAKER3021/030210165.WAV,TELL ME WHAT YOU WOULD DO,3021
030210175,WAVE/SPEAKER3021/030210175.WAV,WHY WOULD YOU WRITE TO ME,3021
030230003,WAVE/SPEAKER3023/030230003.WAV,BUT IT'S A REALLY NICE PRISON SO,3023
030230018,WAVE/SPEAKER3023/030230018.WAV,AND HE'S NOT IN LOVE WITH ME,3023
030230056,WAVE/SPEAKER3023/030230056.WAV,ONE OF THEM TURNED ON HIM,3023
030230060,WAVE/SPEAKER3023/030230060.WAV,AUTHORITIES CLAIMS THAT THE KILLINGS WERE THE CRIME OF ANGER,3023
030230086,WAVE/SPEAKER3023/030230086.WAV,THE CASE IS STILL ON APPEAL,3023
030230092,WAVE/SPEAKER3023/030230092.WAV,I CALL UPON CONGRESS TO DO THIS IMMEDIATELY,3023
030230119,WAVE/SPEAKER3023/030230119.WAV,HURT A CANCER THINGS WILL NEVER BE THE SAME,3023
030230170,WAVE/SPEAKER3023/030230170.WAV,WHAT A DREAM COME TRUE THAT WOULD BE,3023
030230182,WAVE/SPEAKER3023/030230182.WAV,BASKET IT A LITTLE SMALL,3023
030230194,WAVE/SPEAKER3023/030230194.WAV,THE IDEA THAT THERE IS A LARGE NO,3023
030230209,WAVE/SPEAKER3023/030230209.WAV,THIS IS ALL SORTS OF DUMB,3023
030230253,WAVE/SPEAKER3023/030230253.WAV,I WAS ALL THE WAY IN FRONT,3023
030230260,WAVE/SPEAKER3023/030230260.WAV,WE HAVE TO UNDERSTAND HOW IT AFFECTS US,3023
030230276,WAVE/SPEAKER3023/030230276.WAV,I DO MY BEST WORK ON THE FLOOR,3023
030230280,WAVE/SPEAKER3023/030230280.WAV,YOU WERE SUPPOSED TO BE HERE FOR ME,3023
030230311,WAVE/SPEAKER3023/030230311.WAV,WHAT DO I KNOW ABOUT TEA,3023
030230330,WAVE/SPEAKER3023/030230330.WAV,YET SHE LOVED HIM IN SPITE OF IT ALL,3023
030230336,WAVE/SPEAKER3023/030230336.WAV,YET HE WAS AFRAID TO ACT,3023
030230340,WAVE/SPEAKER3023/030230340.WAV,HE COULD NOT UNDERTAKE TO LIVE ON THAT,3023
030230374,WAVE/SPEAKER3023/030230374.WAV,BUT THE LETTER WAS NEVER FOR HIM,3023
030460032,WAVE/SPEAKER3046/030460032.WAV,AND THIS FROM ME,3046
030460038,WAVE/SPEAKER3046/030460038.WAV,WHAT WHAT DO YOU LOCK AT ME SO HAD FOR,3046
030460048,WAVE/SPEAKER3046/030460048.WAV,THEY WANTING SOMETHING OF HIM,3046
030460051,WAVE/SPEAKER3046/030460051.WAV,WOULD YOU PLEASE TO WAIT,3046
030460052,WAVE/SPEAKER3046/030460052.WAV,WHAT WAS I TO MAKE OF IT,3046
030460071,WAVE/SPEAKER3046/030460071.WAV,WHAT WAS SHE HAS ABOUT,3046
030460085,WAVE/SPEAKER3046/030460085.WAV,WAS IT A BED,3046
030460097,WAVE/SPEAKER3046/030460097.WAV,I I WILL SEEN THAT YOU HAVE WAS YOU WANT,3046
030460106,WAVE/SPEAKER3046/030460106.WAV,WHY DO I KNOW YOU,3046
030460110,WAVE/SPEAKER3046/030460110.WAV,ALL ALL THAT WAS PAST,3046
030460114,WAVE/SPEAKER3046/030460114.WAV,BUT I WOULD LIKE TO TRY,3046
030460126,WAVE/SPEAKER3046/030460126.WAV,HAD A BIG PLACE,3046
030460133,WAVE/SPEAKER3046/030460133.WAV,NOT NOT THAT I LIKED HIM,3046
030460142,WAVE/SPEAKER3046/030460142.WAV,WE HAVE TO TAKE WHAT WE CAN GET,3046
030460146,WAVE/SPEAKER3046/030460146.WAV,HOW WOULD THE THINGS GET DONE HERE,3046
030460147,WAVE/SPEAKER3046/030460147.WAV,THE BIG BOY WERE COMING OVER ALL THE TIME,3046
030460157,WAVE/SPEAKER3046/030460157.WAV,NOR GET BACK TO THE BEGINNING,3046
030460158,WAVE/SPEAKER3046/030460158.WAV,AND THERE WAS THE PLANE,3046
030460160,WAVE/SPEAKER3046/030460160.WAV,DOES HE KNOW YOUR PHONE NUMBER,3046
030460163,WAVE/SPEAKER3046/030460163.WAV,IT WAS A NEW DAY,3046
030490010,WAVE/SPEAKER3049/030490010.WAV,SWEET YOU LOOK SO BEAUTIFUL TODAY,3049
030490013,WAVE/SPEAKER3049/030490013.WAV,ITS WAS REALLY TOO MUCH,3049
030490029,WAVE/SPEAKER3049/030490029.WAV,I LOVE ALL OF THEM,3049
030490040,WAVE/SPEAKER3049/030490040.WAV,WHAT IS ONE REALLY TO CARE FOR,3049
030490055,WAVE/SPEAKER3049/030490055.WAV,AND YOUR WILL SING TO US WILL YOUR NOT,3049
030490062,WAVE/SPEAKER3049/030490062.WAV,WHERE YOU HAVE IT NOW,3049
030490063,WAVE/SPEAKER3049/030490063.WAV,WHAT OF WHERE TO SEE THEM,3049
030490071,WAVE/SPEAKER3049/030490071.WAV,DOES HE GO ABOUT WITH THEM,3049
030490076,WAVE/SPEAKER3049/030490076.WAV,THE STORY WAS NOT NEW,3049
030490078,WAVE/SPEAKER3049/030490078.WAV,WITH THAT THEY HAD TO GO,3049
030490095,WAVE/SPEAKER3049/030490095.WAV,WILL SHE BE AT HOME THIS AFTERNOON,3049
030490126,WAVE/SPEAKER3049/030490126.WAV,THEN THEY LET HER BE,3049
030490127,WAVE/SPEAKER3049/030490127.WAV,MANY HAD COME ONLY FOR THAT DAY,3049
030490130,WAVE/SPEAKER3049/030490130.WAV,BUT WAS THAT ALL,3049
030490138,WAVE/SPEAKER3049/030490138.WAV,BUT WE WHERE TEAR THE READY,3049
030490140,WAVE/SPEAKER3049/030490140.WAV,WHAT ARE YOU DOING WITH HIM,3049
030490142,WAVE/SPEAKER3049/030490142.WAV,IT IS A LONG STORY,3049
030490166,WAVE/SPEAKER3049/030490166.WAV,WHAT WORLD SHE HAVE HAD OF HIM,3049
030490168,WAVE/SPEAKER3049/030490168.WAV,BUT I SEE HIM,3049
030490170,WAVE/SPEAKER3049/030490170.WAV,IT WAS A DRINKING GLASS,3049
030680003,WAVE/SPEAKER3068/030680003.WAV,WE HAVE TO BEGIN ARE OVER AGAIN,3068
030680005,WAVE/SPEAKER3068/030680005.WAV,I KNOW HOW GOOD YOUR ARE TO ME,3068
030680009,WAVE/SPEAKER3068/030680009.WAV,DO YOU CARE FOR BOOKS,3068
030680016,WAVE/SPEAKER3068/030680016.WAV,WHAT WAS MY GOOD NAME TO ME,3068
030680027,WAVE/SPEAKER3068/030680027.WAV,IT WAS NOT TO BE DONE,3068
030680034,WAVE/SPEAKER3068/030680034.WAV,WHO WAS THE BOY,3068
030680037,WAVE/SPEAKER3068/030680037.WAV,LET HIM COME HERE,3068
030680045,WAVE/SPEAKER3068/030680045.WAV,AND THESE WASH NO ONE THERE,3068
030680054,WAVE/SPEAKER3068/030680054.WAV,BUT WHAT DOES SHE WANT HERE,3068
030680056,WAVE/SPEAKER3068/030680056.WAV,HOW WOULD IT BE THEN,3068
030680072,WAVE/SPEAKER3068/030680072.WAV,AFTER THAT YOU MAY GO,3068
030680075,WAVE/SPEAKER3068/030680075.WAV,IT WAS AFTER BREAKFAST,3068
030680090,WAVE/SPEAKER3068/030680090.WAV,THERE IS SO MUCH IN A NAME,3068
030680092,WAVE/SPEAKER3068/030680092.WAV,IT WAS TOO BEAUTIFUL,3068
030680097,WAVE/SPEAKER3068/030680097.WAV,SHE TURNED IT OVER,3068
030680105,WAVE/SPEAKER3068/030680105.WAV,NO TEETH WERE THERE,3068
030680114,WAVE/SPEAKER3068/030680114.WAV,SHE LIKED WAKING ON HIM,3068
030680119,WAVE/SPEAKER3068/030680119.WAV,THEY MAKE ME SO HAPPY,3068
030680140,WAVE/SPEAKER3068/030680140.WAV,I KNOW IT ALL,3068
030680162,WAVE/SPEAKER3068/030680162.WAV,GET ON WITH YOUR BREAKFAST,3068
030830001,WAVE/SPEAKER3083/030830001.WAV,TELL ME WHAT YOU WANT ME TO DO,3083
030830004,WAVE/SPEAKER3083/030830004.WAV,SHE KNOWS I WOULD,3083
030830013,WAVE/SPEAKER3083/030830013.WAV,AND PEOPLE WERE BEGINNING TO SAY ITS OF YOU,3083
030830021,WAVE/SPEAKER3083/030830021.WAV,AND HOW ARE THINGS GOING ON HAIR NOW,3083
030830030,WAVE/SPEAKER3083/030830030.WAV,WE KNOW THAT WELL,3083
030830033,WAVE/SPEAKER3083/030830033.WAV,I WANTS WORK AND ITS IS MY RIGHT,3083
030830043,WAVE/SPEAKER3083/030830043.WAV,I DO NOT KNOW HIM,3083
030830069,WAVE/SPEAKER3083/030830069.WAV,YES I KNOW YOU LOVE ME,3083
030830074,WAVE/SPEAKER3083/030830074.WAV,HOW HAPPY YOU BOTH LOOK,3083
030830093,WAVE/SPEAKER3083/030830093.WAV,SHE WORD NOT SAY WHAT,3083
030830094,WAVE/SPEAKER3083/030830094.WAV,IT ME ALL BE OVER,3083
030830102,WAVE/SPEAKER3083/030830102.WAV,SHE WILL KNOW WHAT'S I WANT,3083
030830116,WAVE/SPEAKER3083/030830116.WAV,LET US GO IN TO IT,3083
030830118,WAVE/SPEAKER3083/030830118.WAV,THEN HE TURNED BACK AND LOOKED AT HER,3083
030830124,WAVE/SPEAKER3083/030830124.WAV,IN ANY CASE HE IS SURE TO LOVE HAIR BEST,3083
030830129,WAVE/SPEAKER3083/030830129.WAV,WHICH DO YOU CARE TO USE,3083
030830135,WAVE/SPEAKER3083/030830135.WAV,AND THERE WE WERE,3083
030830147,WAVE/SPEAKER3083/030830147.WAV,WHAT WERE YOU PARENTS,3083
030830154,WAVE/SPEAKER3083/030830154.WAV,STAY WITH MY MOTHER,3083
030830169,WAVE/SPEAKER3083/030830169.WAV,HE WILL HELP YOU,3083
030880003,WAVE/SPEAKER3088/030880003.WAV,THEN LET IT STAY THERE,3088
030880015,WAVE/SPEAKER3088/030880015.WAV,YOU KNOW WELL THAT,3088
030880018,WAVE/SPEAKER3088/030880018.WAV,I WILL TALK TO THE WATER,3088
030880019,WAVE/SPEAKER3088/030880019.WAV,I AM GOING TO TRY,3088
030880025,WAVE/SPEAKER3088/030880025.WAV,HOW WOULD IT BE WITH HIM THEN,3088
030880041,WAVE/SPEAKER3088/030880041.WAV,THIS WAS THAT THE POOR BOY HAD WANTED TO KNOW,3088
030880049,WAVE/SPEAKER3088/030880049.WAV,THIS IS GETTING INTERESTING,3088
030880057,WAVE/SPEAKER3088/030880057.WAV,YOU HAVE DONE WITH TRAINS,3088
030880058,WAVE/SPEAKER3088/030880058.WAV,OH I KNOW HOW TO MAKE THEM,3088
030880067,WAVE/SPEAKER3088/030880067.WAV,ALL ARE GUESS THAT IT IS DONE,3088
030880086,WAVE/SPEAKER3088/030880086.WAV,I DO NOT KNOW WHERE,3088
030880092,WAVE/SPEAKER3088/030880092.WAV,SHE PUT IT BACK,3088
030880096,WAVE/SPEAKER3088/030880096.WAV,IT WAS ALL TOO WONDERFUL,3088
030880099,WAVE/SPEAKER3088/030880099.WAV,NO GETTING OUT OF THAT,3088
030880105,WAVE/SPEAKER3088/030880105.WAV,SO IT WAS NOW,3088
030880123,WAVE/SPEAKER3088/030880123.WAV,I TURN HIM SEEN IT,3088
030880131,WAVE/SPEAKER3088/030880131.WAV,HELLO THERE WOMAN WOMAN,3088
030880146,WAVE/SPEAKER3088/030880146.WAV,I ONLY GUESSED IT,3088
030880172,WAVE/SPEAKER3088/030880172.WAV,DO NOT I KNOW YOU,3088
030880173,WAVE/SPEAKER3088/030880173.WAV,THIS ONE RIGHT HERE,3088
032080019,WAVE/SPEAKER3208/032080019.WAV,I SEE HIM THERE,3208
032080038,WAVE/SPEAKER3208/032080038.WAV,DOES SHE WANT TO SEE ME,3208
032080043,WAVE/SPEAKER3208/032080043.WAV,HERE I MAY DO SOMETHING,3208
032080056,WAVE/SPEAKER3208/032080056.WAV,GET UP I SAY,3208
032080058,WAVE/SPEAKER3208/032080058.WAV,WELL WHERE IS HE,3208
032080071,WAVE/SPEAKER3208/032080071.WAV,I HAVE HAD NO HOLIDAY,3208
032080078,WAVE/SPEAKER3208/032080078.WAV,AND SO THERE WERE TEN OF THEM,3208
032080079,WAVE/SPEAKER3208/032080079.WAV,IT IS GOOD TO BE LOVED AND TO LOVE,3208
032080083,WAVE/SPEAKER3208/032080083.WAV,BUT THIS IDEA WAS NOT OF TODAY,3208
032080088,WAVE/SPEAKER3208/032080088.WAV,OH THIS IS WONDERFUL,3208
032080092,WAVE/SPEAKER3208/032080092.WAV,THEY WILL SEE THAT YOU ARE NOT THERE,3208
032080093,WAVE/SPEAKER3208/032080093.WAV,WE ARE BOTH TWELVE YEARS OLD,3208
032080099,WAVE/SPEAKER3208/032080099.WAV,TRY YOUR NEW SHOES,3208
032080103,WAVE/SPEAKER3208/032080103.WAV,BUT IT WAS TOO MUCH,3208
032080110,WAVE/SPEAKER3208/032080110.WAV,DO YOU WANT TO KNOW MY WISH,3208
032080119,WAVE/SPEAKER3208/032080119.WAV,SURELY THAT IS NOT TOO LONG TO WAIT,3208
032080132,WAVE/SPEAKER3208/032080132.WAV,SHE HAS THAT FROM ME,3208
032080145,WAVE/SPEAKER3208/032080145.WAV,HE HAD TO DRINK ON ALL FOURS,3208
032080150,WAVE/SPEAKER3208/032080150.WAV,MY SISTER WILL MISS YOU,3208
032080161,WAVE/SPEAKER3208/032080161.WAV,THAT I CAN GIVE HIM,3208
034230011,WAVE/SPEAKER3423/034230011.WAV,WHY HAD HE TURNED,3423
034230034,WAVE/SPEAKER3423/034230034.WAV,YES THAT IS SOMETHING,3423
034230035,WAVE/SPEAKER3423/034230035.WAV,THIS IS THE FIRST,3423
034230043,WAVE/SPEAKER3423/034230043.WAV,YOU CAN PUT BUY TRIES,3423
034230051,WAVE/SPEAKER3423/034230051.WAV,HE WAS HAPPY THIS MORNING LIKE A BOY,3423
034230058,WAVE/SPEAKER3423/034230058.WAV,I HAND A SAY WHICH THEN,3423
034230063,WAVE/SPEAKER3423/034230063.WAV,AND THERE WERE THREE DAYS LIKE THIS,3423
034230072,WAVE/SPEAKER3423/034230072.WAV,THEY WERE LIKE YEARS,3423
034230079,WAVE/SPEAKER3423/034230079.WAV,BUT HE WAS GREAT,3423
034230081,WAVE/SPEAKER3423/034230081.WAV,I GUESSES YOU HAVE,3423
034230083,WAVE/SPEAKER3423/034230083.WAV,THERE USE TO BE,3423
034230085,WAVE/SPEAKER3423/034230085.WAV,NO ONE LOVE ME NOW,3423
034230108,WAVE/SPEAKER3423/034230108.WAV,TO GO ON WITH THE SORRY,3423
034230112,WAVE/SPEAKER3423/034230112.WAV,GIVE IT HERE I TELL YOU,3423
034230115,WAVE/SPEAKER3423/034230115.WAV,HE HAD HE ARM ROUND HER,3423
034230123,WAVE/SPEAKER3423/034230123.WAV,AND HERE AM I WAIT TO FOR,3423
034230141,WAVE/SPEAKER3423/034230141.WAV,BUT HE SHE LOOK UP AND IS NOT AFRAID,3423
034230154,WAVE/SPEAKER3423/034230154.WAV,IT WAS A GREAT DAY THIS,3423
034230164,WAVE/SPEAKER3423/034230164.WAV,THERE WAS NO PLAY FOR HIM NOW,3423
034230168,WAVE/SPEAKER3423/034230168.WAV,BUT GO UP I WILL,3423
036360016,WAVE/SPEAKER3636/036360016.WAV,HE LOVED ME YOU SAY,3636
036360027,WAVE/SPEAKER3636/036360027.WAV,BUT I KNOW I KNOW,3636
036360029,WAVE/SPEAKER3636/036360029.WAV,WHY MY YOU NOT COME WITH ME,3636
036360032,WAVE/SPEAKER3636/036360032.WAV,I US ONLY TWENTY THEN,3636
036360033,WAVE/SPEAKER3636/036360033.WAV,WILL YOU COME WITH ME OR WHAT,3636
036360034,WAVE/SPEAKER3636/036360034.WAV,SHE US AT HOME,3636
036360044,WAVE/SPEAKER3636/036360044.WAV,IT US FROM HER THAT IT HARD ITS BEAST TIE,3636
036360055,WAVE/SPEAKER3636/036360055.WAV,HOW CAN THEY BE RIGHT,3636
036360061,WAVE/SPEAKER3636/036360061.WAV,DO YOU NOT KNOW MY STORY,3636
036360062,WAVE/SPEAKER3636/036360062.WAV,WHY DO YOU NOT GO HOME,3636
036360071,WAVE/SPEAKER3636/036360071.WAV,I WOULD WORK SO HARD TO GET IT DONE,3636
036360106,WAVE/SPEAKER3636/036360106.WAV,YES IT WAS ALL RIGHT THIS TIME,3636
036360111,WAVE/SPEAKER3636/036360111.WAV,WHAT A SWEET SINGER YOU US WHEN YOU FIRST COME,3636
036360114,WAVE/SPEAKER3636/036360114.WAV,WHY THAT'S ALL ONE,3636
036360142,WAVE/SPEAKER3636/036360142.WAV,BUT DO NOT COME TO ME AGAIN,3636
036360151,WAVE/SPEAKER3636/036360151.WAV,I WILL TELL YOU THAT THEY DONE,3636
036360154,WAVE/SPEAKER3636/036360154.WAV,ANY OF IT ON HIM,3636
036360160,WAVE/SPEAKER3636/036360160.WAV,WHERE WHERE THEY TO GO PLEASE,3636
036360167,WAVE/SPEAKER3636/036360167.WAV,I ONLY TELL YOU WHAT I HEAR,3636
036360174,WAVE/SPEAKER3636/036360174.WAV,WILL YOU BE SORRY,3636
038370004,WAVE/SPEAKER3837/038370004.WAV,I HAVE NO IDEA OF WHAT THIS DONE,3837
038370013,WAVE/SPEAKER3837/038370013.WAV,YOU MAY DO WHAT YOU LIKE,3837
038370019,WAVE/SPEAKER3837/038370019.WAV,SHE DOES ALL THAT WOMAN CAN,3837
038370045,WAVE/SPEAKER3837/038370045.WAV,I AM CUTE WILL IN,3837
038370052,WAVE/SPEAKER3837/038370052.WAV,YES THAT IS RIGHT,3837
038370056,WAVE/SPEAKER3837/038370056.WAV,SHE WITCHES TO PLEASE YOU,3837
038370060,WAVE/SPEAKER3837/038370060.WAV,WHERE TO FIND HIM,3837
038370061,WAVE/SPEAKER3837/038370061.WAV,HAVE SOME BANANAS PLEASE,3837
038370068,WAVE/SPEAKER3837/038370068.WAV,WHY HAVE YOU DONE ALL THIS FOR ME,3837
038370070,WAVE/SPEAKER3837/038370070.WAV,HE WOULD HAVE NO ROW,3837
038370081,WAVE/SPEAKER3837/038370081.WAV,YOU KNOW WHAT I DO,3837
038370097,WAVE/SPEAKER3837/038370097.WAV,BUT WAS THIS ALL,3837
038370105,WAVE/SPEAKER3837/038370105.WAV,TAKE IT AND GO,3837
038370107,WAVE/SPEAKER3837/038370107.WAV,WILL YOU LUNCH WITH ME,3837
038370128,WAVE/SPEAKER3837/038370128.WAV,IT IS NOT TO BE DONE,3837
038370142,WAVE/SPEAKER3837/038370142.WAV,WHAT'S WILL ONLY BE THREE MONTH,3837
038370153,WAVE/SPEAKER3837/038370153.WAV,HE LOOK UP WITH AN IDEA IN HIS EYES,3837
038370160,WAVE/SPEAKER3837/038370160.WAV,YES THAT MAY BE,3837
038370167,WAVE/SPEAKER3837/038370167.WAV,BUT GO ON AND LET ME HEAR YOU,3837
038370170,WAVE/SPEAKER3837/038370170.WAV,TELL ME AFTER WHAT,3837
040050015,WAVE/SPEAKER4005/040050015.WAV,I THOUGHT HE WAS A BRILLIANT MAN,4005
040050041,WAVE/SPEAKER4005/040050041.WAV,A CIVIL SUIT AGAINST THE COUNTY IS ALSO A POSSIBILITY,4005
040050060,WAVE/SPEAKER4005/040050060.WAV,IN SPIRITUAL TERMS IT WAS A PRIVILEGE,4005
040050071,WAVE/SPEAKER4005/040050071.WAV,THAT'S VERY IMPORTANT TO ME,4005
040050094,WAVE/SPEAKER4005/040050094.WAV,NO NEED TO GIVE THE ANSWERS THEN,4005
040050107,WAVE/SPEAKER4005/040050107.WAV,SECURITY AROUND THE HOTEL IS TIGHT,4005
040050110,WAVE/SPEAKER4005/040050110.WAV,ALTHOUGH HE HAD ONLY A,4005
040050125,WAVE/SPEAKER4005/040050125.WAV,FINAL RACE OF THE SEASON TODAY,4005
040050142,WAVE/SPEAKER4005/040050142.WAV,WE ARE THE BEGINNING OF NEXT YEAR,4005
040050180,WAVE/SPEAKER4005/040050180.WAV,I LACK THE ABILITY TO GRASP THE CONCEPT OF TIME,4005
040050183,WAVE/SPEAKER4005/040050183.WAV,I NEED TO BE LOVED,4005
040050203,WAVE/SPEAKER4005/040050203.WAV,I HAVE TO LIVE WITH ME,4005
040050205,WAVE/SPEAKER4005/040050205.WAV,BUT THEN YOU COULD BE IN JAIL,4005
040050255,WAVE/SPEAKER4005/040050255.WAV,I WANT TO SEE YOU MAN,4005
040050264,WAVE/SPEAKER4005/040050264.WAV,THAT IS THE LAST TIME,4005
040050271,WAVE/SPEAKER4005/040050271.WAV,TOO LATE TO GO TO THE STORE,4005
040050281,WAVE/SPEAKER4005/040050281.WAV,I CAN HELP YOU WITH THE WEIGHT LOSS,4005
040050295,WAVE/SPEAKER4005/040050295.WAV,WHY ARE YOU GOING TO GET ONE,4005
040050306,WAVE/SPEAKER4005/040050306.WAV,I WAS GRATEFUL TO HER,4005
040050358,WAVE/SPEAKER4005/040050358.WAV,BECAUSE I CAN KEEP YOU SAFE,4005
051950005,WAVE/SPEAKER5195/051950005.WAV,SHALL I OPEN IT AND COME IN,5195
051950011,WAVE/SPEAKER5195/051950011.WAV,ASK HIM TO LOOK IN AND SEE ME,5195
051950018,WAVE/SPEAKER5195/051950018.WAV,THERE WAS A GREAT SURPRISE IN HER FACE ALSO,5195
051950025,WAVE/SPEAKER5195/051950025.WAV,GO AWAY AND LEAVE ME,5195
051950032,WAVE/SPEAKER5195/051950032.WAV,GO AWAY FROM THE TABLE,5195
051950033,WAVE/SPEAKER5195/051950033.WAV,WAS IT IN SIX HOURS THAT THE FRENCH WERE COMING,5195
051950038,WAVE/SPEAKER5195/051950038.WAV,NO THEY MUST SEE NO CHANGE,5195
051950044,WAVE/SPEAKER5195/051950044.WAV,CAN THIS TALE BE TRUE,5195
051950050,WAVE/SPEAKER5195/051950050.WAV,COME COME THIS WON'T DO,5195
051950051,WAVE/SPEAKER5195/051950051.WAV,YOUR FATHER WAS MY FRIEND,5195
051950067,WAVE/SPEAKER5195/051950067.WAV,THE FIRST DAY OF THE WAKE IS NOTHING TO IT,5195
051950075,WAVE/SPEAKER5195/051950075.WAV,I SHALL GO AND LOOK FOR SOME MONEY,5195
051950086,WAVE/SPEAKER5195/051950086.WAV,WHAT BILLS WILL THAT PAY,5195
051950088,WAVE/SPEAKER5195/051950088.WAV,SHE FOLLOWED AND LOOKED,5195
051950096,WAVE/SPEAKER5195/051950096.WAV,THE MONKEY CAN'T TAKE IT HOME,5195
051950138,WAVE/SPEAKER5195/051950138.WAV,BUT WHO ELSE WAS TO DO IT,5195
051950154,WAVE/SPEAKER5195/051950154.WAV,DO THEY BEGIN TO FORGET US,5195
051950163,WAVE/SPEAKER5195/051950163.WAV,BUT NOW THEY WERE PARTED,5195
051950164,WAVE/SPEAKER5195/051950164.WAV,IT WAS QUITE A FAMILY PARTY,5195
051950170,WAVE/SPEAKER5195/051950170.WAV,I ALSO SOON LEARNED THE WAY TO BE HUNGRY,5195
052180017,WAVE/SPEAKER5218/052180017.WAV,AND SHALL I TELL YOU WHY,5218
052180027,WAVE/SPEAKER5218/052180027.WAV,AH I COULD SEE IT,5218
052180028,WAVE/SPEAKER5218/052180028.WAV,I HAD BETTER GO ON WITH THE STORY,5218
052180037,WAVE/SPEAKER5218/052180037.WAV,I'M GOOD FOR TWENTY YEARS,5218
052180041,WAVE/SPEAKER5218/052180041.WAV,I HAVE DONE AS WELL AS I COULD,5218
052180042,WAVE/SPEAKER5218/052180042.WAV,WE SHALL HAVE THE BEST OF EVERYTHING,5218
052180046,WAVE/SPEAKER5218/052180046.WAV,AND HOW COULD HE,5218
052180068,WAVE/SPEAKER5218/052180068.WAV,BUT COULD YOU MAKE IT SO,5218
052180084,WAVE/SPEAKER5218/052180084.WAV,I'M TIRED OF IT,5218
052180090,WAVE/SPEAKER5218/052180090.WAV,WHAT COULD I DO,5218
052180093,WAVE/SPEAKER5218/052180093.WAV,IN HALF AN HOUR THE DOCTOR WOULD BE BACK,5218
052180098,WAVE/SPEAKER5218/052180098.WAV,WELL I WILL TELL YOU HOW I KNOW,5218
052180104,WAVE/SPEAKER5218/052180104.WAV,THEY WILL BEGIN TO KNOW THEMSELVES FOR WHAT THEY ARE,5218
052180112,WAVE/SPEAKER5218/052180112.WAV,I THINK THE SHAKING HURT HIS FEELINGS VERY MUCH,5218
052180117,WAVE/SPEAKER5218/052180117.WAV,VERY GOOD FOR TRAVELERS,5218
052180124,WAVE/SPEAKER5218/052180124.WAV,THEIR LOOKS WERE BIG WITH SOME IMPORTANT NEWS,5218
052180137,WAVE/SPEAKER5218/052180137.WAV,WE SHALL NEVER SEE YOU FACE HERE AGAIN,5218
052180143,WAVE/SPEAKER5218/052180143.WAV,WE HAD BECOME WELL USE TO THE CLOTHES,5218
052180146,WAVE/SPEAKER5218/052180146.WAV,I SHALL NEVER BE WHAT HE WAS,5218
052180160,WAVE/SPEAKER5218/052180160.WAV,THE MORNING THAT WE PARTED TOO,5218
054010004,WAVE/SPEAKER5401/054010004.WAV,THE DOCTOR ASKED LEAVE TO SAY ONE WORD MORE,5401
054010009,WAVE/SPEAKER5401/054010009.WAV,AFTER LUNCH SHE READS NEWSPAPERS,5401
054010014,WAVE/SPEAKER5401/054010014.WAV,WITH MY OWN HAND,5401
054010032,WAVE/SPEAKER5401/054010032.WAV,BETTER LUCK NEXT TIME,5401
054010046,WAVE/SPEAKER5401/054010046.WAV,ELSE WHY SHOULD WE COME,5401
054010051,WAVE/SPEAKER5401/054010051.WAV,I'LL TAKE CARE OF DAD,5401
054010055,WAVE/SPEAKER5401/054010055.WAV,YOU'RE A NICE WOMAN,5401
054010061,WAVE/SPEAKER5401/054010061.WAV,NOT THE SEA SURELY,5401
054010072,WAVE/SPEAKER5401/054010072.WAV,SHALL I JUMP OUT,5401
054010079,WAVE/SPEAKER5401/054010079.WAV,OF THESE THREE ALL DAUGHTERS LIVED TO GROW UP,5401
054010091,WAVE/SPEAKER5401/054010091.WAV,MOTHER AND SON TALKED TOGETHER,5401
054010095,WAVE/SPEAKER5401/054010095.WAV,AND WITHOUT ANY MORE GROUNDS,5401
054010105,WAVE/SPEAKER5401/054010105.WAV,SHE OPEN THE WINDOW EAT,5401
054010107,WAVE/SPEAKER5401/054010107.WAV,FINE FIND FINE COULD BE ONLY BE,5401
054010123,WAVE/SPEAKER5401/054010123.WAV,YOUR DAUGHTER LOVES ME,5401
054010130,WAVE/SPEAKER5401/054010130.WAV,WEST IS THE NAME,5401
054010136,WAVE/SPEAKER5401/054010136.WAV,THESE ARE THINGS WHICH A MAN CANNOT FORGET,5401
054010148,WAVE/SPEAKER5401/054010148.WAV,ALONE IN HIS ROOM,5401
054010155,WAVE/SPEAKER5401/054010155.WAV,WE ARE BORN COUSINS,5401
054010165,WAVE/SPEAKER5401/054010165.WAV,I'M GLAD BECAUSE I LOVE DRIVING,5401
054080004,WAVE/SPEAKER5408/054080004.WAV,THEN EACH LOOKED OUT OF THE WINDOW,5408
054080008,WAVE/SPEAKER5408/054080008.WAV,NOTHING BUT GOOD FROM THIS,5408
054080011,WAVE/SPEAKER5408/054080011.WAV,NOW HE WAS GOING AWAY,5408
054080019,WAVE/SPEAKER5408/054080019.WAV,YOU MAY TAKE HER OR LEAVE HER,5408
054080021,WAVE/SPEAKER5408/054080021.WAV,THEY WERE NEVER AN HOUR ALONE,5408
054080033,WAVE/SPEAKER5408/054080033.WAV,BUT A GREAT STRONG MAN,5408
054080035,WAVE/SPEAKER5408/054080035.WAV,I DON'T WANT PEOPLE TO GIVE ME THEIR MONEY,5408
054080042,WAVE/SPEAKER5408/054080042.WAV,IT WAS FAR FAR AWAY BY THIS TIME,5408
054080065,WAVE/SPEAKER5408/054080065.WAV,AND THE THREE TURNED AWAY,5408
054080081,WAVE/SPEAKER5408/054080081.WAV,YOU HAVE DONE THAT WHICH MUST MAKE A FATHER ANGRY,5408
054080109,WAVE/SPEAKER5408/054080109.WAV,THE LITTLE MAN WAS DOING THE SAME FOR ME,5408
054080123,WAVE/SPEAKER5408/054080123.WAV,SHALL YOU TURN ME OUT,5408
054080138,WAVE/SPEAKER5408/054080138.WAV,WELL THAT WAS TRUE IN PART,5408
054080150,WAVE/SPEAKER5408/054080150.WAV,AND LOOKING UP HE SAW HIM,5408
054080151,WAVE/SPEAKER5408/054080151.WAV,I MUST WASH MY HANDS FIRST,5408
054080154,WAVE/SPEAKER5408/054080154.WAV,BUT WHAT A CAPITAL WORLD IT IS,5408
054080163,WAVE/SPEAKER5408/054080163.WAV,HE MUST LEAVE HIS MONEY TO SOMEBODY,5408
054080165,WAVE/SPEAKER5408/054080165.WAV,I MUST DO SOMETHING FOR MY LIVING,5408
054080167,WAVE/SPEAKER5408/054080167.WAV,THEY CAN ONLY GO BACK ON THEMSELVES,5408
054080174,WAVE/SPEAKER5408/054080174.WAV,THE GREAT WORK IT SHALL BE CARRY ON,5408
054140003,WAVE/SPEAKER5414/054140003.WAV,YOU SHALL GO WITH HIM,5414
054140010,WAVE/SPEAKER5414/054140010.WAV,HOW COULD SHE LIVE AND WHAT WOULD SHE DO,5414
054140015,WAVE/SPEAKER5414/054140015.WAV,I DON'T KNOW THEM,5414
054140019,WAVE/SPEAKER5414/054140019.WAV,WE ARE NOT TOO LATE,5414
054140021,WAVE/SPEAKER5414/054140021.WAV,THAT THEY COULD NOT TELL US,5414
054140039,WAVE/SPEAKER5414/054140039.WAV,THEN SHALL WE LIVE,5414
054140051,WAVE/SPEAKER5414/054140051.WAV,IT IS YOU WHO MUST GO,5414
054140057,WAVE/SPEAKER5414/054140057.WAV,LET ME READ IT TO YOU,5414
054140077,WAVE/SPEAKER5414/054140077.WAV,HOW WAS SHE TO TAKE ANY PRESENT FROM HIM NOW,5414
054140098,WAVE/SPEAKER5414/054140098.WAV,BUT YOU MUST NOT FORGET ME,5414
054140104,WAVE/SPEAKER5414/054140104.WAV,I NEVER PART WITH THEM,5414
054140106,WAVE/SPEAKER5414/054140106.WAV,I MUST HAVE IT,5414
054140113,WAVE/SPEAKER5414/054140113.WAV,I ASKED FOR NOTHING,5414
054140115,WAVE/SPEAKER5414/054140115.WAV,I SHALL HAVE THINGS TO SAY,5414
054140118,WAVE/SPEAKER5414/054140118.WAV,BUT I SHALL SPEAK OF HER AGAIN,5414
054140119,WAVE/SPEAKER5414/054140119.WAV,WHY IS IT TOO LATE,5414
054140122,WAVE/SPEAKER5414/054140122.WAV,YOU HAVE HAD YOUR OWN WAY,5414
054140127,WAVE/SPEAKER5414/054140127.WAV,YOU SHALL NOT BE THE ONE TO GO,5414
054140154,WAVE/SPEAKER5414/054140154.WAV,WHAT ELSE COULD ONE SAY,5414
054140158,WAVE/SPEAKER5414/054140158.WAV,SHE WANTED TO SEE HIS FACE AGAIN,5414
054180014,WAVE/SPEAKER5418/054180014.WAV,DON'T LET GO MY HAND,5418
054180015,WAVE/SPEAKER5418/054180015.WAV,NO CLOTHES NO MONEY,5418
054180021,WAVE/SPEAKER5418/054180021.WAV,YOU LIKE YOUR ART BETTER THAN YOU FRIENDS,5418
054180022,WAVE/SPEAKER5418/054180022.WAV,IT HAS PASSED INTO OTHER HANDS NOW,5418
054180029,WAVE/SPEAKER5418/054180029.WAV,NOTHING FOR NOTHING YOUNG MAN,5418
054180033,WAVE/SPEAKER5418/054180033.WAV,HIS MIND WAS BUSY,5418
054180059,WAVE/SPEAKER5418/054180059.WAV,I CAN'T BE DIFFERENT,5418
054180063,WAVE/SPEAKER5418/054180063.WAV,HIS FACE WAS COLD,5418
054180075,WAVE/SPEAKER5418/054180075.WAV,COULD YOU BEAR IT,5418
054180076,WAVE/SPEAKER5418/054180076.WAV,FOR A TIME HE COULD NOT FIND WORDS,5418
054180077,WAVE/SPEAKER5418/054180077.WAV,WHO ELSE SAYS SO,5418
054180079,WAVE/SPEAKER5418/054180079.WAV,I'M NOT BIG ENOUGH,5418
054180087,WAVE/SPEAKER5418/054180087.WAV,OUR MEETING COULD NOT HAVE HAPPENED BETTER,5418
054180091,WAVE/SPEAKER5418/054180091.WAV,THEN THE STORY WAS FINISHED,5418
054180096,WAVE/SPEAKER5418/054180096.WAV,I LIKE TO MEET HIM,5418
054180111,WAVE/SPEAKER5418/054180111.WAV,I HOPE YOU DON'T MIND DRIVING,5418
054180123,WAVE/SPEAKER5418/054180123.WAV,I HAD LEARNED WHAT I NEEDED,5418
054180126,WAVE/SPEAKER5418/054180126.WAV,NEVER AGAIN COULD SHE CLOSE THEM,5418
054180130,WAVE/SPEAKER5418/054180130.WAV,BUT THEY MUST BE NICE ONES LIKE YOURS YOU KNOW,5418
054180174,WAVE/SPEAKER5418/054180174.WAV,MEET ME HERE AT THE SAME HOUR TOMORROW,5418
054240002,WAVE/SPEAKER5424/054240002.WAV,AT THAT TIME TOO OF ALL OTHERS,5424
054240025,WAVE/SPEAKER5424/054240025.WAV,HIS OWN GIRL MIND YOU,5424
054240038,WAVE/SPEAKER5424/054240038.WAV,IT WAS PART OF OUR WORK,5424
054240039,WAVE/SPEAKER5424/054240039.WAV,IN THE AFTERNOON I SAW HIM,5424
054240048,WAVE/SPEAKER5424/054240048.WAV,AND I DON'T ALWAYS TRY,5424
054240053,WAVE/SPEAKER5424/054240053.WAV,HOW MANY PEOPLE ARE THERE IN MY FAMILY,5424
054240079,WAVE/SPEAKER5424/054240079.WAV,I CANNOT ASK YOU,5424
054240091,WAVE/SPEAKER5424/054240091.WAV,COULD IT SEE HIM,5424
054240093,WAVE/SPEAKER5424/054240093.WAV,WHERE MUST I GO,5424
054240094,WAVE/SPEAKER5424/054240094.WAV,LOOK AT MY FACE,5424
054240097,WAVE/SPEAKER5424/054240097.WAV,HERE IT IS AND YOU CAN READ FOR YOURSELF,5424
054240099,WAVE/SPEAKER5424/054240099.WAV,SHE HAD NOT AGAIN I LEARNED TO LOVE HER COUSIN,5424
054240109,WAVE/SPEAKER5424/054240109.WAV,YOU MUST DO YOU BEST,5424
054240115,WAVE/SPEAKER5424/054240115.WAV,SHE WAS ALONE HIS LIGHT LOST,5424
054240116,WAVE/SPEAKER5424/054240116.WAV,AND CAN YOU TEACH ME THEN,5424
054240117,WAVE/SPEAKER5424/054240117.WAV,I SURE GET MY HAND OUT,5424
054240125,WAVE/SPEAKER5424/054240125.WAV,BUT YOU SHALL LISTEN TO ME,5424
054240126,WAVE/SPEAKER5424/054240126.WAV,BUT THERE WERE OTHERS ALSO PRESENT,5424
054240138,WAVE/SPEAKER5424/054240138.WAV,BUT YOU MUST HAVE SOMETHING TO EAT,5424
054240152,WAVE/SPEAKER5424/054240152.WAV,NO ONE SAW IT FOR A MOMENT OR SO,5424
055510024,WAVE/SPEAKER5551/055510024.WAV,I HAVE LIVED IN THE PLACE,5551
055510029,WAVE/SPEAKER5551/055510029.WAV,WHEN COULD WE DO IT,5551
055510046,WAVE/SPEAKER5551/055510046.WAV,SHE IS BETTER OFF THAN I CAN MAKE HER,5551
055510061,WAVE/SPEAKER5551/055510061.WAV,BUT SHE COULD NEVER BE CROSS WITH HIM,5551
055510067,WAVE/SPEAKER5551/055510067.WAV,HE WOULD BE GOING AWAY,5551
055510070,WAVE/SPEAKER5551/055510070.WAV,FOR AN HOUR THEY WALKED AND TALKED,5551
055510078,WAVE/SPEAKER5551/055510078.WAV,AND NOW GO AWAY,5551
055510079,WAVE/SPEAKER5551/055510079.WAV,YOU MAY SAY THAT TURNED,5551
055510084,WAVE/SPEAKER5551/055510084.WAV,THEN SHE WAS LEFT ALONE,5551
055510088,WAVE/SPEAKER5551/055510088.WAV,WHAT IS BIG AND WHAT IS LITTLE,5551
055510093,WAVE/SPEAKER5551/055510093.WAV,AND YOU'RE THE SAME MAN TOO,5551
055510096,WAVE/SPEAKER5551/055510096.WAV,SHE COULD NOT FACE IT,5551
055510100,WAVE/SPEAKER5551/055510100.WAV,YOU SHALL SOON HAVE HER BACK,5551
055510110,WAVE/SPEAKER5551/055510110.WAV,I COULD NEVER LOVE YOU AGAIN,5551
055510122,WAVE/SPEAKER5551/055510122.WAV,FOURTEEN FIFTEEN EIGHTEEN HOURS A DAY,5551
055510130,WAVE/SPEAKER5551/055510130.WAV,WAS IT NOT BY HIS DONE WILL,5551
055510143,WAVE/SPEAKER5551/055510143.WAV,WHO WOULD HAVE BROKEN THE NEWS TO THE FATHER,5551
055510156,WAVE/SPEAKER5551/055510156.WAV,I SHOULD CALL IT SOMETHING ELSE,5551
055510164,WAVE/SPEAKER5551/055510164.WAV,FATHER IS ALONE YOU WILL BE GLAD TO SEE YOU,5551
055510165,WAVE/SPEAKER5551/055510165.WAV,IT WAS VERY IMPORTANT,5551
060100004,WAVE/SPEAKER6010/060100004.WAV,SHE TURNED ROUND AS THEY ENTERED,6010
060100009,WAVE/SPEAKER6010/060100009.WAV,THE VOICE CAME FROM ABOVE THEM,6010
060100031,WAVE/SPEAKER6010/060100031.WAV,HE IS MADE SO AS NOT TO BE AFRAID,6010
060100034,WAVE/SPEAKER6010/060100034.WAV,WHAT WHAT DID HE WANT THERE,6010
060100037,WAVE/SPEAKER6010/060100037.WAV,THAT'S WAS THE DIFFERENCE,6010
060100041,WAVE/SPEAKER6010/060100041.WAV,THERE WHERE NO MEANS OF DOING IT,6010
060100047,WAVE/SPEAKER6010/060100047.WAV,BUT SUCH IS THE WAY ALL THE GREAT,6010
060100066,WAVE/SPEAKER6010/060100066.WAV,THEY ALL SAID GOODBYE,6010
060100081,WAVE/SPEAKER6010/060100081.WAV,I DID MYSELF SO I KNOW WHAT THIS LIKE,6010
060100092,WAVE/SPEAKER6010/060100092.WAV,I WENT OUT LAST,6010
060100100,WAVE/SPEAKER6010/060100100.WAV,WOMEN SAY THOSE THINGS BUT NEVER DO THEM,6010
060100101,WAVE/SPEAKER6010/060100101.WAV,THESE VISITED SHE RETURNED,6010
060100105,WAVE/SPEAKER6010/060100105.WAV,IT IS SO NATURE IS MADE,6010
060100124,WAVE/SPEAKER6010/060100124.WAV,AS I COULD,6010
060100128,WAVE/SPEAKER6010/060100128.WAV,SOME OF THE MEN WHERE TALKING AWAY THE TABLES,6010
060100132,WAVE/SPEAKER6010/060100132.WAV,MY DAUGHTER YOU MUST RETURN TO YOUR PLACE,6010
060100147,WAVE/SPEAKER6010/060100147.WAV,IT WAS MY LAST WEEK THERE,6010
060100154,WAVE/SPEAKER6010/060100154.WAV,HE LOOKED AROUND HIM AND BEGAN,6010
060100159,WAVE/SPEAKER6010/060100159.WAV,THE OTHER HAVE ALL RETURN,6010
060100164,WAVE/SPEAKER6010/060100164.WAV,AND HE WENT BACK FOR MORE,6010
060480005,WAVE/SPEAKER6048/060480005.WAV,FOR THESE HE TOOK THE MONEY,6048
060480008,WAVE/SPEAKER6048/060480008.WAV,WHAT DID YOU NOT LET ASK KNOW,6048
060480012,WAVE/SPEAKER6048/060480012.WAV,IT OFTEN HAPPENS SO IN LIFE,6048
060480018,WAVE/SPEAKER6048/060480018.WAV,BUT YOU SIDE JUST NOW,6048
060480037,WAVE/SPEAKER6048/060480037.WAV,WHAT IS THERE SUCH A PLACE,6048
060480050,WAVE/SPEAKER6048/060480050.WAV,I HAD HIT HIM AT LEST,6048
060480082,WAVE/SPEAKER6048/060480082.WAV,LET US GO SET SHOE,6048
060480084,WAVE/SPEAKER6048/060480084.WAV,HE STOPPED IN HIS WALK AND LOOKED AROUND,6048
060480090,WAVE/SPEAKER6048/060480090.WAV,SHE CAME UP TO MY WITH MY SISTER,6048
060480094,WAVE/SPEAKER6048/060480094.WAV,SHE DID EVERYTHING SO WELL,6048
060480102,WAVE/SPEAKER6048/060480102.WAV,HE THEN WENT AWAY,6048
060480104,WAVE/SPEAKER6048/060480104.WAV,AND SO HER LIFE WAS ONE OF LOVE,6048
060480131,WAVE/SPEAKER6048/060480131.WAV,LITTLE BY LITTLE THE BOYS BEGAN TALKING AGAIN,6048
060480134,WAVE/SPEAKER6048/060480134.WAV,SHE MAY BE PHONE,6048
060480135,WAVE/SPEAKER6048/060480135.WAV,SHE WENT BACK INTO THE LIE LIBRARY,6048
060480145,WAVE/SPEAKER6048/060480145.WAV,WHAT DID YOU WANT TO SEE ME ABOUT,6048
060480147,WAVE/SPEAKER6048/060480147.WAV,WERE STAY AT NINE,6048
060480148,WAVE/SPEAKER6048/060480148.WAV,DECIDE IT WHO CAN I CANNOT,6048
060480168,WAVE/SPEAKER6048/060480168.WAV,HE KIT ME BY THE ARM,6048
060480169,WAVE/SPEAKER6048/060480169.WAV,FOURTEEN FEEL AWAY AND THAT LEFT ONE,6048
061210013,WAVE/SPEAKER6121/061210013.WAV,HOW COULD SHE HAVE THOUGHT THEM,6121
061210031,WAVE/SPEAKER6121/061210031.WAV,NOW IT CAME TO ME,6121
061210059,WAVE/SPEAKER6121/061210059.WAV,BUT HE THOUGHT BETTER OF IT,6121
061210060,WAVE/SPEAKER6121/061210060.WAV,THEY HAD NO ENOUGH SPORT FOR ONE DAY,6121
061210063,WAVE/SPEAKER6121/061210063.WAV,VERY WELL I HAVE NO MORE QUESTIONS TO ASK,6121
061210068,WAVE/SPEAKER6121/061210068.WAV,I TOOK MY HEAD IN MY HANDS AND THOUGHT,6121
061210069,WAVE/SPEAKER6121/061210069.WAV,AFTER A TIME HE TOOK UP HIS STORY,6121
061210071,WAVE/SPEAKER6121/061210071.WAV,WHAT MORE DID SHE SAY,6121
061210075,WAVE/SPEAKER6121/061210075.WAV,GOT THAT HAVE YOU,6121
061210086,WAVE/SPEAKER6121/061210086.WAV,HE DID IT FOR ME,6121
061210095,WAVE/SPEAKER6121/061210095.WAV,THAT MADE ALL THE DIFFERENCE,6121
061210109,WAVE/SPEAKER6121/061210109.WAV,I PASS HALF MY LIFE IN THE WOODS,6121
061210128,WAVE/SPEAKER6121/061210128.WAV,DO I NEED TO TELL YOU THAT I WONDER,6121
061210129,WAVE/SPEAKER6121/061210129.WAV,OF COURSE I KNOW THAT ALL THIS IS VERY SERIOUS,6121
061210140,WAVE/SPEAKER6121/061210140.WAV,HISTORY IT IS NOT,6121
061210141,WAVE/SPEAKER6121/061210141.WAV,THE PRETTY NURSE LOOKED QUITE SORRY,6121
061210142,WAVE/SPEAKER6121/061210142.WAV,HE TOOK UP A BOOK,6121
061210147,WAVE/SPEAKER6121/061210147.WAV,MEN HOPED AND WERE AFRAID TO HOPE,6121
061210148,WAVE/SPEAKER6121/061210148.WAV,AND DID YOU HEAR NOTHING,6121
061210174,WAVE/SPEAKER6121/061210174.WAV,EVERYONE STARTED WITH SURPRISE,6121
064010049,WAVE/SPEAKER6401/064010049.WAV,WHY BREAK EVERY TIE,6401
064010056,WAVE/SPEAKER6401/064010056.WAV,THE CHILDREN PRESENTLY RETURNED,6401
064010057,WAVE/SPEAKER6401/064010057.WAV,THE GIRL STOPED SHORT,6401
064010066,WAVE/SPEAKER6401/064010066.WAV,OR WHY DID NOT JOB GO,6401
064010067,WAVE/SPEAKER6401/064010067.WAV,THE HAND JUST WHERE HE WISHED,6401
064010086,WAVE/SPEAKER6401/064010086.WAV,PROUD OLD FAMILIES I GUESS,6401
064010092,WAVE/SPEAKER6401/064010092.WAV,CAMPED AT OUR OLD PLACE,6401
064010093,WAVE/SPEAKER6401/064010093.WAV,AND THEN MY AUNT USE TO CRY,6401
064010103,WAVE/SPEAKER6401/064010103.WAV,SHE STAMPS HER FOOT,6401
064010107,WAVE/SPEAKER6401/064010107.WAV,OUR TRIP BEGAN BADLY,6401
064010109,WAVE/SPEAKER6401/064010109.WAV,WOULD SHE WIN HIM,6401
064010120,WAVE/SPEAKER6401/064010120.WAV,KNOWING CAME BY SEEING,6401
064010123,WAVE/SPEAKER6401/064010123.WAV,PRESENTLY THE SNOW CAME,6401
064010135,WAVE/SPEAKER6401/064010135.WAV,LIVELY NOW LIVELY MEN,6401
064010141,WAVE/SPEAKER6401/064010141.WAV,THREE MEN IN RED COAT CAME,6401
064010150,WAVE/SPEAKER6401/064010150.WAV,THE BOX WAS LARGE AND IMPORTANT NEAR THE STAGE,6401
064010161,WAVE/SPEAKER6401/064010161.WAV,I WENT TO THE SEA WORLD TO SEE BEAUTIFUL FISHES,6401
064010164,WAVE/SPEAKER6401/064010164.WAV,ALL MEN JUMPPED THEIR HANDS,6401
064010172,WAVE/SPEAKER6401/064010172.WAV,AN EXAMPLE MUST BE MADE,6401
064010173,WAVE/SPEAKER6401/064010173.WAV,MINUTE AFTER MINUTE WENT BY,6401
065040005,WAVE/SPEAKER6504/065040005.WAV,WE CANNOT TAKE FROM THEM WHAT THEY HAVE NOT GOT,6504
065040007,WAVE/SPEAKER6504/065040007.WAV,THEN SHE TURNED AND WENT,6504
065040009,WAVE/SPEAKER6504/065040009.WAV,THERE IS ALREADY A PRETTY LARGER COLLECTION,6504
065040011,WAVE/SPEAKER6504/065040011.WAV,I DID NOT GO NEAR THE TREE,6504
065040028,WAVE/SPEAKER6504/065040028.WAV,I DO NOT WONDER AT HER FLYING FROM HIM,6504
065040042,WAVE/SPEAKER6504/065040042.WAV,FOR YEARS THIS WENT ON,6504
065040044,WAVE/SPEAKER6504/065040044.WAV,YOUR MOTHER WILL RIDE HOME WITH ME,6504
065040045,WAVE/SPEAKER6504/065040045.WAV,SHE WENT OUT WITH DIRTY CAPS,6504
065040049,WAVE/SPEAKER6504/065040049.WAV,YOU MUST DECIDE FOR YOURSELF,6504
065040077,WAVE/SPEAKER6504/065040077.WAV,SO THEY WENT INTO THE LIBRARY,6504
065040112,WAVE/SPEAKER6504/065040112.WAV,YOU FOLLOW MY MEANING,6504
065040118,WAVE/SPEAKER6504/065040118.WAV,HOW ON EARTH DID HE GET THERE,6504
065040124,WAVE/SPEAKER6504/065040124.WAV,THIS IS BECAUSE THEY EAT MEN,6504
065040125,WAVE/SPEAKER6504/065040125.WAV,I ASK FOR THE LAST TIME,6504
065040126,WAVE/SPEAKER6504/065040126.WAV,I WENT UP TO HIM,6504
065040127,WAVE/SPEAKER6504/065040127.WAV,I TOOK THE BOOK FROM HER,6504
065040133,WAVE/SPEAKER6504/065040133.WAV,WITH THAT FOR A START ALL MAY BE LEARNED,6504
065040134,WAVE/SPEAKER6504/065040134.WAV,SHE HAD TO CHOOSE WHAT TO SAY,6504
065040137,WAVE/SPEAKER6504/065040137.WAV,SHE DID NOT KNOW WHAT TO SAY,6504
065040160,WAVE/SPEAKER6504/065040160.WAV,HE MADE IT HIS HOME,6504
069120003,WAVE/SPEAKER6912/069120003.WAV,AND SHE TURNED AND WENT AWAY WITHOUT A WORD,6912
069120014,WAVE/SPEAKER6912/069120014.WAV,WE ENTERED THE ROOM,6912
069120020,WAVE/SPEAKER6912/069120020.WAV,AFTER ALL WHAT DID IT MATTER,6912
069120025,WAVE/SPEAKER6912/069120025.WAV,BUT IT DID NOT COME,6912
069120052,WAVE/SPEAKER6912/069120052.WAV,AND THEN WHAT DID SHE DO,6912
069120059,WAVE/SPEAKER6912/069120059.WAV,THEY DID NOT SEE THEM ANY MORE,6912
069120061,WAVE/SPEAKER6912/069120061.WAV,HOW WELL DID I KNOW HER,6912
069120072,WAVE/SPEAKER6912/069120072.WAV,IT TURNED US TO SILK,6912
069120083,WAVE/SPEAKER6912/069120083.WAV,MY FRIENDS FOUND WATER,6912
069120087,WAVE/SPEAKER6912/069120087.WAV,SO PRETTY AND SO YOUNG,6912
069120092,WAVE/SPEAKER6912/069120092.WAV,TOGETHER THEY HELD HIM UP,6912
069120093,WAVE/SPEAKER6912/069120093.WAV,I GOT UP AND CROSSED THE ROOM TO HIM,6912
069120094,WAVE/SPEAKER6912/069120094.WAV,SHE WANTED TO QUESTION HIM,6912
069120106,WAVE/SPEAKER6912/069120106.WAV,THEN I TOOK HIS CHILD THERE,6912
069120121,WAVE/SPEAKER6912/069120121.WAV,I WOULD NOT MYSELF SAY THAT IT IS SO,6912
069120123,WAVE/SPEAKER6912/069120123.WAV,DID I PLEASE YOU,6912
069120140,WAVE/SPEAKER6912/069120140.WAV,HE STOOD AWAY FROM HER IN HIS SHAME,6912
069120151,WAVE/SPEAKER6912/069120151.WAV,SHE HELD HER HAND TO HIM,6912
069120165,WAVE/SPEAKER6912/069120165.WAV,SHE MADE ME BETTER LAST NIGHT,6912
069120170,WAVE/SPEAKER6912/069120170.WAV,BUT WE HAVE LOST THE BEST OF MEN,6912
070010001,WAVE/SPEAKER7001/070010001.WAV,IT WAS GOOD FOR ME,7001
070010002,WAVE/SPEAKER7001/070010002.WAV,WE HAVE CLIMBED ONE STEP UP THE LADDER,7001
070010003,WAVE/SPEAKER7001/070010003.WAV,PLUS THE KIDS REALLY LIKE THE DOGS,7001
070010004,WAVE/SPEAKER7001/070010004.WAV,EVEN WHEN WE LOSE IT USUALLY A VERY CLOSE GAME,7001
070010005,WAVE/SPEAKER7001/070010005.WAV,MOSTLY THE AMERICAN COMMUNITY IN EUROPE FOLLOWS THE GAME,7001
070010006,WAVE/SPEAKER7001/070010006.WAV,WHAT HE WAS TALKING ABOUT WAS SPORTS IN GENERAL,7001
070010007,WAVE/SPEAKER7001/070010007.WAV,WAY TO HELP US ALL OUT,7001
070010008,WAVE/SPEAKER7001/070010008.WAV,LOVELY TO MAKE YOUR ACQUAINTANCE SIR,7001
070010009,WAVE/SPEAKER7001/070010009.WAV,SUCCESSFUL FIRST DAY FOR COLLEGE,7001
070010010,WAVE/SPEAKER7001/070010010.WAV,THIS IS A PRETTY GOOD PLACE TO START,7001
070010011,WAVE/SPEAKER7001/070010011.WAV,LOVE IS A STRONG MAN IN THE MIDDLE,7001
070010012,WAVE/SPEAKER7001/070010012.WAV,SOMEBODY LET ME KNOW WHEN IT'S OVER,7001
070010013,WAVE/SPEAKER7001/070010013.WAV,YOU PUT IT ON WRONG,7001
070010014,WAVE/SPEAKER7001/070010014.WAV,COMPETITION IS GOOD FOR THE INDUSTRY,7001
070010015,WAVE/SPEAKER7001/070010015.WAV,SHE LOOKED ANXIOUSLY AT THE HOUSE AND STARTED,7001
070010016,WAVE/SPEAKER7001/070010016.WAV,THEY MAY MAKE ME MORE UNHAPPY THAN I AM,7001
070010017,WAVE/SPEAKER7001/070010017.WAV,SHE WOULD BE SORRY FOR HIS DEATH,7001
070010018,WAVE/SPEAKER7001/070010018.WAV,MY PEOPLE WILL BRING YOU TO THE SHIP,7001
070010019,WAVE/SPEAKER7001/070010019.WAV,IT WAS A PROOF OF HIS FRIENDSHIP,7001
070010020,WAVE/SPEAKER7001/070010020.WAV,I FOUND I HAD NO NEED TO THINK,7001
075510004,WAVE/SPEAKER7551/075510004.WAV,I SHALL END BY FALLING IN LOVE WITH HER,7551
075510010,WAVE/SPEAKER7551/075510010.WAV,IT LOOKED LIKE ONE OF ALARM TO ME,7551
075510017,WAVE/SPEAKER7551/075510017.WAV,YOU SAY YOU ARE A BUSINESS MAN,7551
075510036,WAVE/SPEAKER7551/075510036.WAV,WE WISH ALL MAY TAKE WORRYING BY BUS,7551
075510038,WAVE/SPEAKER7551/075510038.WAV,IF SO HAD YOU NOT BETTER SHOW IT,7551
075510041,WAVE/SPEAKER7551/075510041.WAV,NOT ANYONE BUT YOU,7551
075510057,WAVE/SPEAKER7551/075510057.WAV,HE CAN STILL BE SAVED,7551
075510076,WAVE/SPEAKER7551/075510076.WAV,IS THERE ANYTHING MORE BEFORE I GO OUT,7551
075510086,WAVE/SPEAKER7551/075510086.WAV,HE PUT IT BACK IN HIS POCKET,7551
075510090,WAVE/SPEAKER7551/075510090.WAV,I COULD NEVER APPEAR BRIGHT BEFORE THE WORLD AGAIN,7551
075510091,WAVE/SPEAKER7551/075510091.WAV,TO BEEN THING I HAVE MADE UP MY MIND,7551
075510099,WAVE/SPEAKER7551/075510099.WAV,AT NIGHT I DREAM MY HANDS,7551
075510129,WAVE/SPEAKER7551/075510129.WAV,WHEN IS THERE LETTER TO GO I WONDER,7551
075510131,WAVE/SPEAKER7551/075510131.WAV,HE SPENDS A LOT OF TIME RUSHING ABOUT IN IT,7551
075510137,WAVE/SPEAKER7551/075510137.WAV,BUT THERE WAS SOMEONE ELSE,7551
075510142,WAVE/SPEAKER7551/075510142.WAV,THE WATER WAS WRONG AND WE HAD GREAT FUN,7551
075510144,WAVE/SPEAKER7551/075510144.WAV,SHE WAS BETWEEN SIXTEEN AND SEVENTEEN YEARS OLD,7551
075510163,WAVE/SPEAKER7551/075510163.WAV,NOTHING WILL PUT AN END OF TO HIM,7551
075510165,WAVE/SPEAKER7551/075510165.WAV,I THINK I CAN GUESSED AT THE PERSON,7551
075510167,WAVE/SPEAKER7551/075510167.WAV,I HUNT ALL OVER THE TOWN TO FIND IT,7551
080020001,WAVE/SPEAKER8002/080020001.WAV,BUT THAT'S ANOTHER STORY ALTOGETHER,8002
080020002,WAVE/SPEAKER8002/080020002.WAV,IT WAS VERY VERY STRANGE,8002
080020003,WAVE/SPEAKER8002/080020003.WAV,NATIONALLY THOUGH THE TREND IS BEGINNING TO TURN UPWARD AGAIN,8002
080020004,WAVE/SPEAKER8002/080020004.WAV,WORRY IS PART OF LIFE,8002
080020005,WAVE/SPEAKER8002/080020005.WAV,NO NEED FOR A DOCK,8002
080020006,WAVE/SPEAKER8002/080020006.WAV,TIME FOR A BIT OF HONOR,8002
080020007,WAVE/SPEAKER8002/080020007.WAV,CHECK OUT FOR THE WIN,8002
080020008,WAVE/SPEAKER8002/080020008.WAV,IT'S GOING TO BE A BUSY WEEK,8002
080020009,WAVE/SPEAKER8002/080020009.WAV,I HAVE NO ONE BUT MYSELF TO BLAMES FOR THIS,8002
080020010,WAVE/SPEAKER8002/080020010.WAV,WHAT A PERFECT ENDING TO THE DAY,8002
080020011,WAVE/SPEAKER8002/080020011.WAV,LOVING LIFE AND ALL THE PEOPLE IN MINE,8002
080020012,WAVE/SPEAKER8002/080020012.WAV,COOL FOR HIM TO STICK UP FOR HER,8002
080020013,WAVE/SPEAKER8002/080020013.WAV,DEPENDS ON A NUMBER OF THINGS,8002
080020014,WAVE/SPEAKER8002/080020014.WAV,THAT WAS HEAD TO SAY,8002
080020015,WAVE/SPEAKER8002/080020015.WAV,WANT TO GO FOR A WALK,8002
080020016,WAVE/SPEAKER8002/080020016.WAV,CHEERS TO A GREAT GROUP,8002
080020017,WAVE/SPEAKER8002/080020017.WAV,FIRST PLACE IN THE DIVISION,8002
080020018,WAVE/SPEAKER8002/080020018.WAV,MOVE THE STAR WITH MORE MOVES,8002
080020019,WAVE/SPEAKER8002/080020019.WAV,IT'S BEING USED TO MAKE MORE MONEY,8002
080020020,WAVE/SPEAKER8002/080020020.WAV,IT WAS DIFFICULT TO GET THERE,8002
080570004,WAVE/SPEAKER8057/080570004.WAV,YOURS IS A PRETTY BUSINESS,8057
080570009,WAVE/SPEAKER8057/080570009.WAV,DO YOU KNOW ANYTHING OF IT,8057
080570013,WAVE/SPEAKER8057/080570013.WAV,BUT SURELY THERE IS DANGER,8057
080570014,WAVE/SPEAKER8057/080570014.WAV,THEN COMES A BLANK IN THE PAPER,8057
080570031,WAVE/SPEAKER8057/080570031.WAV,IT SEEMED ALL THAT HE COULD DO TO SPEAK,8057
080570053,WAVE/SPEAKER8057/080570053.WAV,RUNNING BY ME BEATING MY ME,8057
080570067,WAVE/SPEAKER8057/080570067.WAV,HOW SHALL I DESCRIBE WHAT WE SAW,8057
080570071,WAVE/SPEAKER8057/080570071.WAV,AT LEAST I SHALL BE WITH MY OWN PEOPLE,8057
080570072,WAVE/SPEAKER8057/080570072.WAV,DRESS THEM IN BLACK AND PLACE THEM OUTSIDE MY TENT,8057
080570080,WAVE/SPEAKER8057/080570080.WAV,IF PEOPLE LAUGHED AT HER SHE LAUGHED WITH THEM,8057
080570081,WAVE/SPEAKER8057/080570081.WAV,YES I AM A ROMANTIC,8057
080570087,WAVE/SPEAKER8057/080570087.WAV,AT LEAST HE COULD KNOW,8057
080570089,WAVE/SPEAKER8057/080570089.WAV,SHE HAD STORED THEM IN HER OWN ROOM,8057
080570102,WAVE/SPEAKER8057/080570102.WAV,IS NOT EVERY MAN ABLE TO SAY WHAT HE LIKES,8057
080570127,WAVE/SPEAKER8057/080570127.WAV,THE DREAM WAS QUITE AT AN END,8057
080570138,WAVE/SPEAKER8057/080570138.WAV,SHE STOPPED FOR A MOMENT,8057
080570143,WAVE/SPEAKER8057/080570143.WAV,IT WAS A FINE NIGHT AND PRESENTLY THE MOON APPEARED,8057
080570144,WAVE/SPEAKER8057/080570144.WAV,GET YOUR UNCLE AND AUNT TO ASK HER DOWN,8057
080570146,WAVE/SPEAKER8057/080570146.WAV,HOW IS HE GETTING ALONG THIS MORNING,8057
080570157,WAVE/SPEAKER8057/080570157.WAV,THE LAND WAS STILL LONELY,8057
085850006,WAVE/SPEAKER8585/085850006.WAV,COME DOWN TO ME AS SOON AS YOU CAN,8585
085850024,WAVE/SPEAKER8585/085850024.WAV,ALL IN GOOD TIME MY DEAR,8585
085850039,WAVE/SPEAKER8585/085850039.WAV,SHE SEEMED TO BE QUIET READY FOR THIS,8585
085850042,WAVE/SPEAKER8585/085850042.WAV,WE BUY SOME NICE A CLOTHES FOR OUR SALES,8585
085850044,WAVE/SPEAKER8585/085850044.WAV,YOU SAW HER ALSO I BELIEVE,8585
085850046,WAVE/SPEAKER8585/085850046.WAV,YET SHE LET IT BE,8585
085850056,WAVE/SPEAKER8585/085850056.WAV,THAT'S WHAT IT IS TO KNOW HOW TO PAINT,8585
085850075,WAVE/SPEAKER8585/085850075.WAV,THE CHILD WAS STILL CRYING,8585
085850088,WAVE/SPEAKER8585/085850088.WAV,NO ONE WILL REMEMBER YOU,8585
085850092,WAVE/SPEAKER8585/085850092.WAV,THE THIRD BLOW WAS THE ONE THAT KILLED IT,8585
085850094,WAVE/SPEAKER8585/085850094.WAV,THE HALL WAS VERY QUIET,8585
085850101,WAVE/SPEAKER8585/085850101.WAV,PUT YOU FOOT DOWN TOO,8585
085850108,WAVE/SPEAKER8585/085850108.WAV,THE WHOLE THING WAS FAR TOO REAL FOR DREAMING,8585
085850112,WAVE/SPEAKER8585/085850112.WAV,NOT TO BE ABLE TO GET OUT,8585
085850119,WAVE/SPEAKER8585/085850119.WAV,FOR I WAS NOT YET SAFE,8585
085850120,WAVE/SPEAKER8585/085850120.WAV,HOW LONG AGO THAT SEEMED,8585
085850138,WAVE/SPEAKER8585/085850138.WAV,AS OF US WE COULD HAVE SHOUTED ALONG,8585
085850146,WAVE/SPEAKER8585/085850146.WAV,THEY WILL BE SURE IF ANY,8585
085850161,WAVE/SPEAKER8585/085850161.WAV,I HAVE COME TO ASK HIM A FEW QUESTIONS,8585
085850170,WAVE/SPEAKER8585/085850170.WAV,NEVER SAW ANYTHING LIKE IT NEVER IN MY LIFE,8585
090340002,WAVE/SPEAKER9034/090340002.WAV,ALL THE REST YOU WILL SEE LATER FOR YOURSELF,9034
090340007,WAVE/SPEAKER9034/090340007.WAV,OFFER HIM THAT FROM ME AND COME,9034
090340021,WAVE/SPEAKER9034/090340021.WAV,BUT YOUR FRIENDS ARE PROUD AND RICH,9034
090340032,WAVE/SPEAKER9034/090340032.WAV,NO CREATURE EVER WANTED SO MUCH TO LIVE,9034
090340039,WAVE/SPEAKER9034/090340039.WAV,BUT THERE WAS TROUBLE ENOUGH AT THE OTHER END,9034
090340041,WAVE/SPEAKER9034/090340041.WAV,THIS IS THE STUFF TO PUT LIFE IN YOU,9034
090340043,WAVE/SPEAKER9034/090340043.WAV,WHAT ABOUT THAT LETTER YOU WERE SPEAKING OF AT BREAKFAST,9034
090340054,WAVE/SPEAKER9034/090340054.WAV,AND THEIR HANDS MIGHT JOIN,9034
090340071,WAVE/SPEAKER9034/090340071.WAV,USE ME LIKE A STAFF,9034
090340085,WAVE/SPEAKER9034/090340085.WAV,I BY NO MEANS WISH TO DIE,9034
090340088,WAVE/SPEAKER9034/090340088.WAV,YOU CAN SEE THE REST,9034
090340090,WAVE/SPEAKER9034/090340090.WAV,BUT WHAT ELSE HAD HE A RIGHT TO EXPECT,9034
090340108,WAVE/SPEAKER9034/090340108.WAV,I HAVE MY OWN PLAN,9034
090340114,WAVE/SPEAKER9034/090340114.WAV,I ASKED WAS THE CAUSE OF THE TROUBLE WAS,9034
090340126,WAVE/SPEAKER9034/090340126.WAV,I AM NO LONGER A PARTNER IN THE HOUSE,9034
090340131,WAVE/SPEAKER9034/090340131.WAV,IT WAS MY SECRET AND HERS,9034
090340155,WAVE/SPEAKER9034/090340155.WAV,BUT IN THIS WORLD WE MUST CONSIDER OTHERS,9034
090340158,WAVE/SPEAKER9034/090340158.WAV,NOT ALL THAT MUCH ANYWAY,9034
090340164,WAVE/SPEAKER9034/090340164.WAV,HAVE YOU HAD SIGHT OF ANYTHING,9034
090340168,WAVE/SPEAKER9034/090340168.WAV,THEY REMAINED THREE HOURS AT TABLE TELLING ABOUT THEIR SPORT,9034
090700006,WAVE/SPEAKER9070/090700006.WAV,HE COULD NOT SEE HIMSELF,9070
090700008,WAVE/SPEAKER9070/090700008.WAV,ONE TWICE AND THE THIRD TIME DEATH,9070
090700019,WAVE/SPEAKER9070/090700019.WAV,I MUST START AT ONCE,9070
090700042,WAVE/SPEAKER9070/090700042.WAV,I WOULD NOT HAVE HIM BACK AGAIN IF I COULD,9070
090700045,WAVE/SPEAKER9070/090700045.WAV,AN IMPORTANT PRODUCT SUCH AS THIS,9070
090700047,WAVE/SPEAKER9070/090700047.WAV,MIGHT I ASK YOUR NAME,9070
090700054,WAVE/SPEAKER9070/090700054.WAV,HOWEVER THERE'S NO HELP FOR IT,9070
090700055,WAVE/SPEAKER9070/090700055.WAV,WOULD IT NOT BE POSSIBLE TO FIND SUCH,9070
090700057,WAVE/SPEAKER9070/090700057.WAV,HERE WE ARE THEN ALL SEATED ROUND THE TABLE,9070
090700059,WAVE/SPEAKER9070/090700059.WAV,IN CHURCH AND WAITING ON TRAINS LIKE,9070
090700065,WAVE/SPEAKER9070/090700065.WAV,THIS WAS THE PLAN THAT SUGGESTED ITSELF,9070
090700081,WAVE/SPEAKER9070/090700081.WAV,THEY ARE OUT OF THE REACH OF ACCIDENT,9070
090700082,WAVE/SPEAKER9070/090700082.WAV,THEY LIVED ON PUBLIC DEATH,9070
090700108,WAVE/SPEAKER9070/090700108.WAV,HE MIGHT MARRY A GIRL WITH MONEY,9070
090700111,WAVE/SPEAKER9070/090700111.WAV,AT LAST HOWEVER THE PARTY WAS MADE UP,9070
090700117,WAVE/SPEAKER9070/090700117.WAV,I AM AFRAID HE WILL LEAVE US WITHOUT PITY,9070
090700127,WAVE/SPEAKER9070/090700127.WAV,THIS SHALL BE THE PRICE OF HIS LIFE,9070
090700148,WAVE/SPEAKER9070/090700148.WAV,THE COUNTRY IS PLEASANT FOR EXERCISE,9070
090700164,WAVE/SPEAKER9070/090700164.WAV,I HAD AN APPOINTMENT HERE AT HALF PAST NIGHT,9070
090700172,WAVE/SPEAKER9070/090700172.WAV,I THINK WE SHOULD BUILD GOOD RELATIONSHIP WITH THEM,9070
095560005,WAVE/SPEAKER9556/095560005.WAV,I WANT TO BE ON THE SPOT TO HELP,9556
095560008,WAVE/SPEAKER9556/095560008.WAV,HE MUST CONSIDER WHAT TO DO NEXT,9556
095560010,WAVE/SPEAKER9556/095560010.WAV,SHALL I FEET HIM DOWN,9556
095560017,WAVE/SPEAKER9556/095560017.WAV,MY FATHER THINKS TO PAINT THEM,9556
095560031,WAVE/SPEAKER9556/095560031.WAV,NOTHING COULD TRUE HIM FROM HIS PURPOSE,9556
095560037,WAVE/SPEAKER9556/095560037.WAV,DO NOT BE ANXIOUS ALL IS WHERE,9556
095560051,WAVE/SPEAKER9556/095560051.WAV,HOWEVER HE PULLED HIMSELF TOGETHER QUICKLY,9556
095560054,WAVE/SPEAKER9556/095560054.WAV,HOW PLEASANT HER MANNER IS,9556
095560069,WAVE/SPEAKER9556/095560069.WAV,THE HANDS POINTED FOR FOUR OH CLOTH,9556
095560080,WAVE/SPEAKER9556/095560080.WAV,DO NOT EXPECT SO MUCH FOR MY KINDNESS,9556
095560083,WAVE/SPEAKER9556/095560083.WAV,HOWEVER I KNOW WHAT HIS ADVICE JUST NOW WOULD BE,9556
095560108,WAVE/SPEAKER9556/095560108.WAV,THESE WORDS CHEERED ME UP,9556
095560115,WAVE/SPEAKER9556/095560115.WAV,WE SHELL HAVE A SOME TROUBLE,9556
095560129,WAVE/SPEAKER9556/095560129.WAV,THERE WILL PROBABLY BE NONE,9556
095560133,WAVE/SPEAKER9556/095560133.WAV,HE AND HIS BROTHER SEEMED TO CHANGE PLACES,9556
095560150,WAVE/SPEAKER9556/095560150.WAV,HE WAS NOT A PROPER PARTNER FOR HER,9556
095560153,WAVE/SPEAKER9556/095560153.WAV,I THOUGHT IT MIGHT HAVE A REACHED YOUR AIRS,9556
095560163,WAVE/SPEAKER9556/095560163.WAV,I MIGHT AS WELL GO,9556
095560164,WAVE/SPEAKER9556/095560164.WAV,WHEN I SEE IT REACH YOUR HAND I FINE,9556
095560170,WAVE/SPEAKER9556/095560170.WAV,OH HOW PAINFUL ALL THIS IS,9556
096000002,WAVE/SPEAKER9600/096000002.WAV,BUT IT IS STILL ONLY THE FIRST QUARTER,9600
096000003,WAVE/SPEAKER9600/096000003.WAV,AND FOR ALL YOU KNOW YOU COULD BE RIGHT,9600
096000004,WAVE/SPEAKER9600/096000004.WAV,WE ARE GOING TO KILL THEM BUT NOT THAT WAY,9600
096000005,WAVE/SPEAKER9600/096000005.WAV,I HAVE LOOKED WITH MY VERY EYES ON HELL,9600
096000006,WAVE/SPEAKER9600/096000006.WAV,IT WAS LIKE THEY WERE LOST OR SOMETHING,9600
096000007,WAVE/SPEAKER9600/096000007.WAV,HE MADE NO MOVE IT WOULD COME WHAT WOULD COME,9600
096000008,WAVE/SPEAKER9600/096000008.WAV,HE WAS THERE WHEN HIS BEST FRIEND ASKED HER OUT,9600
096000009,WAVE/SPEAKER9600/096000009.WAV,WHAT WAS HE EVEN ABOUT TO SAY,9600
096000010,WAVE/SPEAKER9600/096000010.WAV,I THOUGHT I WOULD NEVER SMILE AGAIN,9600
096000011,WAVE/SPEAKER9600/096000011.WAV,YOU AND I WANT THE SAME THING,9600
096000012,WAVE/SPEAKER9600/096000012.WAV,THIS WAS THE MAN WHO HAD KILLED HIS FATHER,9600
096000013,WAVE/SPEAKER9600/096000013.WAV,THEN I SAW HIM AT ONCE,9600
096000014,WAVE/SPEAKER9600/096000014.WAV,I MUST HAVE WALKED INTO IT,9600
096000015,WAVE/SPEAKER9600/096000015.WAV,HE PUT HIS OTHER HAND ON THE WALL AS WELL,9600
096000016,WAVE/SPEAKER9600/096000016.WAV,BUT I WAS YOUNG THEN AND A LITTLE TOO CURIOUS,9600
096000017,WAVE/SPEAKER9600/096000017.WAV,SHE'S LEFT ME HERE TO FACE HIM ON MY OWN,9600
096000018,WAVE/SPEAKER9600/096000018.WAV,SHE OPENED THE DOOR AND LOOKED AROUND THE BATHROOM,9600
096000020,WAVE/SPEAKER9600/096000020.WAV,I DO THOUGH AND I AM TRYING TO MAKE DO,9600
096000021,WAVE/SPEAKER9600/096000021.WAV,IT WAS NOT LIKE SHE HAD ANY POWER OVER ANYTHING,9600
096000022,WAVE/SPEAKER9600/096000022.WAV,SHE SHOULD BE THERE IN ABOUT AN HOUR,9600
096040001,WAVE/SPEAKER9604/096040001.WAV,HE JUMPED UP BUT ALL WAS STILL ABOUT HIM,9604
096040002,WAVE/SPEAKER9604/096040002.WAV,SHE TURNED AND LOOKED AT HER OTHER FRIENDS,9604
096040004,WAVE/SPEAKER9604/096040004.WAV,IT IS ONLY FOR YOU,9604
096040005,WAVE/SPEAKER9604/096040005.WAV,THEY WOULD NEVER ACCEPT ME AS A GIRL,9604
096040006,WAVE/SPEAKER9604/096040006.WAV,I COULD SEE THAT HIS HANDS WERE SHAKING TOO,9604
096040007,WAVE/SPEAKER9604/096040007.WAV,SOON YOU WILL HAVE TO GO OUT ON YOUR OWN,9604
096040008,WAVE/SPEAKER9604/096040008.WAV,THERE WAS NO ONE LEFT,9604
096040009,WAVE/SPEAKER9604/096040009.WAV,THIS WAS NOT MY DAY,9604
096040010,WAVE/SPEAKER9604/096040010.WAV,YOU JUST KNOW THAT IT MAKES YOU FEEL GOOD RIGHT,9604
096040011,WAVE/SPEAKER9604/096040011.WAV,I WONDER WHAT WAS GOING ON OVER THERE,9604
096040012,WAVE/SPEAKER9604/096040012.WAV,SO ARE YOU HERE TO PLAY WITH ME,9604
096040014,WAVE/SPEAKER9604/096040014.WAV,IF YOU WANT TO PROVE SOMETHING THEN DO IT,9604
096040015,WAVE/SPEAKER9604/096040015.WAV,THAT WAS WHEN HE SAW IT,9604
096040016,WAVE/SPEAKER9604/096040016.WAV,THE MAN RUBBED HIS EYES AND LOOKED INTO IT AGAIN,9604
096040018,WAVE/SPEAKER9604/096040018.WAV,AND PUT A HAND DOWN TO HELP HIM UP,9604
096040019,WAVE/SPEAKER9604/096040019.WAV,THEY WALKED SLOWLY TO THE VERY END OF IT,9604
096040021,WAVE/SPEAKER9604/096040021.WAV,WHAT WAS HE DOING AT THIS MOMENT,9604
096040023,WAVE/SPEAKER9604/096040023.WAV,I AM RICH AND SO WAS MY FATHER BEFORE ME,9604
096040024,WAVE/SPEAKER9604/096040024.WAV,SHE WAS LOOKING FOR A BREATH OF LIFE,9604
096040025,WAVE/SPEAKER9604/096040025.WAV,THERE WAS NOTHING TO BE GAINED BY IT,9604
096060001,WAVE/SPEAKER9606/096060001.WAV,HE HAD COME OUT ON JOBS WITH ME BEFORE,9606
096060002,WAVE/SPEAKER9606/096060002.WAV,I JUST LOOK AT HIM,9606
096060003,WAVE/SPEAKER9606/096060003.WAV,THE TWO OF YOU WILL NEED IT,9606
096060004,WAVE/SPEAKER9606/096060004.WAV,BUT SHE IS MY LIFE,9606
096060005,WAVE/SPEAKER9606/096060005.WAV,IN HIS EYES HE ONLY SAW HER,9606
096060006,WAVE/SPEAKER9606/096060006.WAV,WE DO NOT WANT THAT TO HAPPEN NOW DO WE,9606
096060007,WAVE/SPEAKER9606/096060007.WAV,I LOOKED OVER THEM ALL,9606
096060008,WAVE/SPEAKER9606/096060008.WAV,THERE IS NO HOPE FOR ANY OF US HERE,9606
096060009,WAVE/SPEAKER9606/096060009.WAV,IT WAS AN AWFUL THING YET WHAT COULD HE DO,9606
096060010,WAVE/SPEAKER9606/096060010.WAV,YOU THOUGHT THE DREADFUL PLACE HAD YOU ONCE MORE,9606
096060011,WAVE/SPEAKER9606/096060011.WAV,I LET THE TIME GET AWAY FROM ME,9606
096060012,WAVE/SPEAKER9606/096060012.WAV,HE OPENED UP THE DOOR,9606
096060013,WAVE/SPEAKER9606/096060013.WAV,THEY HAD A LITTLE GIRL,9606
096060014,WAVE/SPEAKER9606/096060014.WAV,I TURNED TO GO THE OTHER WAY,9606
096060015,WAVE/SPEAKER9606/096060015.WAV,SHE WANTED TO SAY SOMETHING ABOUT THIS,9606
096060016,WAVE/SPEAKER9606/096060016.WAV,THIS IS WHEN ALL OF THE GUARDS BUT ONE LEFT,9606
096060017,WAVE/SPEAKER9606/096060017.WAV,HE MUST TURN AROUND TO SEE IF IT IS HER,9606
096060019,WAVE/SPEAKER9606/096060019.WAV,I SHOULD NEVER DO IT AGAIN,9606
096060020,WAVE/SPEAKER9606/096060020.WAV,I ASKED AS HE MADE A LONG PAUSE,9606
096060022,WAVE/SPEAKER9606/096060022.WAV,THAT WAS ALL SHE NEEDED TO DO RIGHT,9606
096070002,WAVE/SPEAKER9607/096070002.WAV,BUT THERE WAS NO ONE COMING HIS WAY,9607
096070003,WAVE/SPEAKER9607/096070003.WAV,HE WOULD DO IT FOR THEM YES FOR THEM,9607
096070005,WAVE/SPEAKER9607/096070005.WAV,I COULD TELL THEY WERE PLOTTING SOMETHING BUT WHAT,9607
096070006,WAVE/SPEAKER9607/096070006.WAV,IT WAS ALWAYS ABOUT HIM,9607
096070007,WAVE/SPEAKER9607/096070007.WAV,I AM NOT HAPPY WITH YOU RIGHT NOW,9607
096070008,WAVE/SPEAKER9607/096070008.WAV,THEY THOUGHT SHE WAS GOING TO WALK OUT AGAIN,9607
096070011,WAVE/SPEAKER9607/096070011.WAV,I LIKE TO SEE A MAN ENJOY HIMSELF,9607
096070012,WAVE/SPEAKER9607/096070012.WAV,WE ARE LOOKING FOR YOU,9607
096070013,WAVE/SPEAKER9607/096070013.WAV,THE OTHER TURNED BACK TO THE DOOR SHAKING HIS HEAD,9607
096070014,WAVE/SPEAKER9607/096070014.WAV,HE WALKED INTO THE ROOM HE HAD JUMPED FROM,9607
096070015,WAVE/SPEAKER9607/096070015.WAV,HE THEN ASKED ME IF I WAS AN ENGLISHMAN,9607
096070016,WAVE/SPEAKER9607/096070016.WAV,THAT WAS WHEN SHE SAW IT,9607
096070017,WAVE/SPEAKER9607/096070017.WAV,SHE HAD HER HAND OVER HER LEFT CHECK,9607
096070018,WAVE/SPEAKER9607/096070018.WAV,THIS IS THE END OF THE FIRST CHAPTER,9607
096070019,WAVE/SPEAKER9607/096070019.WAV,IT WAS TOO MUCH TO TAKE,9607
096070020,WAVE/SPEAKER9607/096070020.WAV,APART FROM THAT I HAVE VERY LITTLE TO SAY,9607
096070021,WAVE/SPEAKER9607/096070021.WAV,HE STILL HAD TO MAKE IT THROUGH THE NIGHT,9607
096070022,WAVE/SPEAKER9607/096070022.WAV,SHE STOPPED TO LOOK DOWN ON HIM,9607
096070023,WAVE/SPEAKER9607/096070023.WAV,HE TURNED AROUND AND LOOKED AT ME WHAT,9607
096070024,WAVE/SPEAKER9607/096070024.WAV,SHE WAS NOTHING BUT A MURDERER AFTER ALL,9607
096090001,WAVE/SPEAKER9609/096090001.WAV,IF HE WAS CALLED UP AGAIN HE WOULD GO AGAIN,9609
096090003,WAVE/SPEAKER9609/096090003.WAV,THE GIRL THEN LOOKED AT HER HAND,9609
096090005,WAVE/SPEAKER9609/096090005.WAV,WHAT WILL THEY DO IF SOMETHING HAPPENS TO ME,9609
096090006,WAVE/SPEAKER9609/096090006.WAV,WE HAVE THE BEST PEOPLE ON THIS,9609
096090007,WAVE/SPEAKER9609/096090007.WAV,IT WAS AS MUCH AS MY LIFE WAS WORTH,9609
096090008,WAVE/SPEAKER9609/096090008.WAV,THERE WAS NO WAY TO TELL FOR SURE,9609
096090010,WAVE/SPEAKER9609/096090010.WAV,I WANT TO KNOW WHAT HAPPENED BUT NOT NOW,9609
096090011,WAVE/SPEAKER9609/096090011.WAV,I COULD JUST BARELY SEE IT FROM HERE,9609
096090014,WAVE/SPEAKER9609/096090014.WAV,I MADE HIM LOOK ME INTO THE EYES,9609
096090015,WAVE/SPEAKER9609/096090015.WAV,THIS IS NOT GOING TO WORK,9609
096090017,WAVE/SPEAKER9609/096090017.WAV,I WAS COMPLETELY IN MY OWN WORLD RIGHT NOW,9609
096090018,WAVE/SPEAKER9609/096090018.WAV,THAT MUST NOT BE IT,9609
096090019,WAVE/SPEAKER9609/096090019.WAV,I WAS FOUND BY THEM WHEN I WAS A BABY,9609
096090020,WAVE/SPEAKER9609/096090020.WAV,BUT EVEN THAT IS PUTTING HER WILL FIRST,9609
096090021,WAVE/SPEAKER9609/096090021.WAV,SO I WILL MAKE A BARGAIN WITH YOU,9609
096090023,WAVE/SPEAKER9609/096090023.WAV,I HAVE WATCHED YOU LONG ENOUGH TO KNOW THAT,9609
096090024,WAVE/SPEAKER9609/096090024.WAV,SHE HAD ALWAYS THOUGHT OF ME AS AN ENEMY,9609
096090025,WAVE/SPEAKER9609/096090025.WAV,BUT WHERE WAS SHE THAT SHE SEEMED SO ABSENT,9609
096090026,WAVE/SPEAKER9609/096090026.WAV,HE WAS AT A BETTER PLACE,9609
096090027,WAVE/SPEAKER9609/096090027.WAV,SHE ACCEPTED IT AND PUT IT WITH HER THINGS,9609
096110001,WAVE/SPEAKER9611/096110001.WAV,THEY JUST WANTED TO MAKE SURE I WAS ALL RIGHT,9611
096110002,WAVE/SPEAKER9611/096110002.WAV,HE COULD SEE IT WISH HE COULD NOT,9611
096110003,WAVE/SPEAKER9611/096110003.WAV,BUT THE EYES WERE THE THING,9611
096110004,WAVE/SPEAKER9611/096110004.WAV,AND A GIRL AT THAT,9611
096110005,WAVE/SPEAKER9611/096110005.WAV,IT IS YOU WHO IS NO MATCH FOR ME,9611
096110006,WAVE/SPEAKER9611/096110006.WAV,YOU GET TO DO THIS JOB ON YOUR OWN,9611
096110008,WAVE/SPEAKER9611/096110008.WAV,NO ONE HAD TO KNOW,9611
096110009,WAVE/SPEAKER9611/096110009.WAV,I SAY AS I TAKE OUT MY PAPERS,9611
096110011,WAVE/SPEAKER9611/096110011.WAV,HE LEFT THEM THERE FOR A LONG TIME HANGING THERE,9611
096110012,WAVE/SPEAKER9611/096110012.WAV,I BELIEVE WE SHOULD ALL COME WITH YOU,9611
096110013,WAVE/SPEAKER9611/096110013.WAV,I THOUGHT ABOUT IT MORE,9611
096110014,WAVE/SPEAKER9611/096110014.WAV,I HAD TO TURN MYSELF AROUND AND GO BACK,9611
096110015,WAVE/SPEAKER9611/096110015.WAV,I TURNED TO LOOK BEHIND ME AND SAW NOTHING,9611
096110016,WAVE/SPEAKER9611/096110016.WAV,IT WAS THE JAPANESE MAN FROM THE OTHER NIGHT,9611
096110017,WAVE/SPEAKER9611/096110017.WAV,HE SEEMED MADE TO LIVE WITH NO ONE BUT HIMSELF,9611
096110018,WAVE/SPEAKER9611/096110018.WAV,THIS WAS GOING TO BE A GOOD FIGHT,9611
096110019,WAVE/SPEAKER9611/096110019.WAV,WHY WOULD SHE WANT HIM IN THE FIRST PLACE,9611
096110021,WAVE/SPEAKER9611/096110021.WAV,BUT THAN THERE WAS STILL HER FATHER,9611
096110022,WAVE/SPEAKER9611/096110022.WAV,WHAT ELSE IS THERE TO DO HERE,9611
096110023,WAVE/SPEAKER9611/096110023.WAV,BUT I THINK HE MIGHT BE A LITTLE MORE ENTHUSIASTIC,9611
096130001,WAVE/SPEAKER9613/096130001.WAV,I WANTED TO SEE THE WORLD,9613
096130002,WAVE/SPEAKER9613/096130002.WAV,THAT WAS ALL HE COULD THINK,9613
096130003,WAVE/SPEAKER9613/096130003.WAV,HE LOOKED AT HER FOR A LONG TIME,9613
096130004,WAVE/SPEAKER9613/096130004.WAV,AND WHAT OF THAT MAN,9613
096130005,WAVE/SPEAKER9613/096130005.WAV,SHE HAD LOVED BEFORE BUT NOT LIKE THIS,9613
096130006,WAVE/SPEAKER9613/096130006.WAV,BUT SHE WOULD BE BACK,9613
096130007,WAVE/SPEAKER9613/096130007.WAV,THERE IS NO PLACE FOR ME IN HIS HEART,9613
096130008,WAVE/SPEAKER9613/096130008.WAV,I KEEP MY EYES ON HIM,9613
096130009,WAVE/SPEAKER9613/096130009.WAV,IT SOUNDED AS IF HE WERE GOING TO SAY MORE,9613
096130010,WAVE/SPEAKER9613/096130010.WAV,THE BEST ONE I HAVE,9613
096130011,WAVE/SPEAKER9613/096130011.WAV,I JUST NEED TO GO THERE,9613
096130012,WAVE/SPEAKER9613/096130012.WAV,THEN SHE SAW THE WAY OUT,9613
096130013,WAVE/SPEAKER9613/096130013.WAV,HE THOUGHT ABOUT SOMETHING AND THEN HE ASKED,9613
096130014,WAVE/SPEAKER9613/096130014.WAV,HE WAS HE ADMITTED NEVER VERY GOOD WITH HIS HANDS,9613
096130016,WAVE/SPEAKER9613/096130016.WAV,I HAVE A GUN TO YOUR HEAD RIGHT NOW,9613
096130017,WAVE/SPEAKER9613/096130017.WAV,AND HERE YOU ARE AND YOU ARE SO PRETTY,9613
096130018,WAVE/SPEAKER9613/096130018.WAV,I WALKED INTO THE ROOM MY HAND ON HER SHOULDER,9613
096130019,WAVE/SPEAKER9613/096130019.WAV,HE TURNED AROUND TO FACE HER,9613
096130020,WAVE/SPEAKER9613/096130020.WAV,THE FIRST THING IS TO GET HIM AWAY,9613
096130021,WAVE/SPEAKER9613/096130021.WAV,I LOOK UP AT THE HOUSE,9613
096140002,WAVE/SPEAKER9614/096140002.WAV,I NEVER THOUGHT YOU WOULD BE ONE FOR THE SUBURBS,9614
096140003,WAVE/SPEAKER9614/096140003.WAV,AND THERE WAS A STRANGE LOOK IN HER EYES,9614
096140004,WAVE/SPEAKER9614/096140004.WAV,THE STUDENT THEN TURNED HIS HEAD AND LOOKED AT ME,9614
096140005,WAVE/SPEAKER9614/096140005.WAV,BUT THAT IS WHY WE ARE HERE,9614
096140006,WAVE/SPEAKER9614/096140006.WAV,SHE HAD ENOUGH OF THIS,9614
096140007,WAVE/SPEAKER9614/096140007.WAV,IT WAS SOME TIME BEFORE HE COULD SEE ANYTHING,9614
096140008,WAVE/SPEAKER9614/096140008.WAV,THERE WAS NO WAY THEY SAW HIM,9614
096140009,WAVE/SPEAKER9614/096140009.WAV,NO I DO NOT OWN THEM,9614
096140010,WAVE/SPEAKER9614/096140010.WAV,THEY WERE UP TO SOMETHING,9614
096140011,WAVE/SPEAKER9614/096140011.WAV,YOU COULD ALWAYS TELL WHAT WAS ON MY MIND,9614
096140012,WAVE/SPEAKER9614/096140012.WAV,I ASKED AS SHE CLOSED THE DOOR,9614
096140014,WAVE/SPEAKER9614/096140014.WAV,HE WILL COME BACK IN A LITTLE WHILE,9614
096140015,WAVE/SPEAKER9614/096140015.WAV,HE WALKED AROUND TO THE OTHER SIDE OF HER BED,9614
096140016,WAVE/SPEAKER9614/096140016.WAV,THAT WAS THE FIRST THING ABOUT HER THAT ATTRACTED ME,9614
096140017,WAVE/SPEAKER9614/096140017.WAV,I MUST HAVE AN END PUT TO ALL THIS,9614
096140018,WAVE/SPEAKER9614/096140018.WAV,IF NOT HOW SHOULD THEY KNOW HE WAS DEAD,9614
096140019,WAVE/SPEAKER9614/096140019.WAV,WHAT ELSE WOULD I WANT TO HAVE,9614
096140020,WAVE/SPEAKER9614/096140020.WAV,HE LOOKED OVER HIS HAND AND SMILED,9614
096140021,WAVE/SPEAKER9614/096140021.WAV,I AM THE ONE WHO MADE YOU,9614
096140022,WAVE/SPEAKER9614/096140022.WAV,I WOULD LOVE FOR US TO STAY THERE ONCE AGAIN,9614
096150003,WAVE/SPEAKER9615/096150003.WAV,I ASKED WITH A SMILE ON MY FACE,9615
096150005,WAVE/SPEAKER9615/096150005.WAV,BUT SHE HAD LEFT THAT LIFE BEHIND NOW TOO,9615
096150006,WAVE/SPEAKER9615/096150006.WAV,THERE WAS NO WAY SOMETHING LIKE THIS COULD BE REALITY,9615
096150007,WAVE/SPEAKER9615/096150007.WAV,SHE HAD MADE UP HER MIND IN ALL GOOD FAITH,9615
096150009,WAVE/SPEAKER9615/096150009.WAV,THEY WERE GOING TO SEND HER BACK IN TIME,9615
096150010,WAVE/SPEAKER9615/096150010.WAV,THE WOMAN TURNED HER HEAD TO LOOK OUT THE WINDOW,9615
096150011,WAVE/SPEAKER9615/096150011.WAV,THIS GIRL SHE WAS EVERYTHING I NEVER WAS,9615
096150012,WAVE/SPEAKER9615/096150012.WAV,THERE WAS ONCE AGAIN SILENCE SO I LET IT BE,9615
096150013,WAVE/SPEAKER9615/096150013.WAV,I HAVE TO GO SAY HI TO SOME MORE PEOPLE,9615
096150016,WAVE/SPEAKER9615/096150016.WAV,HE THEN LOOKED DOWN AT HIS HANDS,9615
096150017,WAVE/SPEAKER9615/096150017.WAV,I HAD VERY LITTLE OF MY OWN,9615
096150018,WAVE/SPEAKER9615/096150018.WAV,HE ONE THE OTHER HAND WAS DIFFERENT,9615
096150019,WAVE/SPEAKER9615/096150019.WAV,I HAVE NO PLACE IN YOUR HEART,9615
096150020,WAVE/SPEAKER9615/096150020.WAV,IT WAS AN AFFAIR THAT BUT OF A MOMENT,9615
096150021,WAVE/SPEAKER9615/096150021.WAV,I LOOKED INTO HER EYES AND FOUND THE TRUTH,9615
096150024,WAVE/SPEAKER9615/096150024.WAV,IT WAS THE LITERATURE OF LOVE NOT OF THE LOVE,9615
096150025,WAVE/SPEAKER9615/096150025.WAV,I WAS VERY NERVOUS FOR A LONG TIME AFTER THIS,9615
096150026,WAVE/SPEAKER9615/096150026.WAV,I ACTUALLY OPENED MY EYES AND SAW WHERE I WAS,9615
096150027,WAVE/SPEAKER9615/096150027.WAV,HE WAS EVER THE SAME TO ME,9615
096150028,WAVE/SPEAKER9615/096150028.WAV,SHE MUST BE COMING FOR ME AGAIN,9615
096160001,WAVE/SPEAKER9616/096160001.WAV,HE LOOKED UP AND SAW A MAN,9616
096160002,WAVE/SPEAKER9616/096160002.WAV,ALL OF YOU WILL BE THERE,9616
096160003,WAVE/SPEAKER9616/096160003.WAV,SHE COULD JUST SEE IT,9616
096160004,WAVE/SPEAKER9616/096160004.WAV,BUT NO WAY TO FIND WHAT THEY NEED,9616
096160005,WAVE/SPEAKER9616/096160005.WAV,THE FIRST ONE WAS HIS EYES,9616
096160006,WAVE/SPEAKER9616/096160006.WAV,THERE WERE OTHER PEOPLE IN THE CARRIAGE WITH THEM,9616
096160007,WAVE/SPEAKER9616/096160007.WAV,YOU CAN GO BACK TO THE STORY NOW,9616
096160008,WAVE/SPEAKER9616/096160008.WAV,I DROPPED MY HAND AND PUT IT ON MY SIDE,9616
096160009,WAVE/SPEAKER9616/096160009.WAV,AND TO THINK I COULD GET AWAY FROM WORK,9616
096160010,WAVE/SPEAKER9616/096160010.WAV,THEY OPENED THE DOOR AND WALKED IN,9616
096160011,WAVE/SPEAKER9616/096160011.WAV,IT'S A GOOD THING NO ONE WAS AROUND THE PLACE,9616
096160012,WAVE/SPEAKER9616/096160012.WAV,IF YOU ARE GOING TO COME IN THEN COME IN,9616
096160013,WAVE/SPEAKER9616/096160013.WAV,I WANT TO FEEL YOU MORE AND MORE,9616
096160014,WAVE/SPEAKER9616/096160014.WAV,NOW I COULD NEVER DO ANY OF THAT AGAIN,9616
096160015,WAVE/SPEAKER9616/096160015.WAV,I WOULD LIKE TO LIVE A LONG LIFE,9616
096160016,WAVE/SPEAKER9616/096160016.WAV,I SHOULD HAVE THOUGHT IT THROUGH,9616
096160017,WAVE/SPEAKER9616/096160017.WAV,IT SEEMED THAT WAS WHERE IT WAS COMING FROM,9616
096160018,WAVE/SPEAKER9616/096160018.WAV,HE WOULD NOT LET THE CONVENTION END LIKE THIS,9616
096160019,WAVE/SPEAKER9616/096160019.WAV,BUT EVEN THIS WAS AS NOTHING,9616
096160020,WAVE/SPEAKER9616/096160020.WAV,HE STARTED TO ASK IF I WAS ALL RIGHT,9616
096190001,WAVE/SPEAKER9619/096190001.WAV,HE WANTED TO DO THIS RIGHT,9619
096190002,WAVE/SPEAKER9619/096190002.WAV,BUT THERE WAS NO ONE,9619
096190003,WAVE/SPEAKER9619/096190003.WAV,AND YOU OF ALL PEOPLE SHOULD KNOW,9619
096190004,WAVE/SPEAKER9619/096190004.WAV,HOW COULD HE JUST FIND ME LIKE THAT,9619
096190005,WAVE/SPEAKER9619/096190005.WAV,THEN SHE OPENED HER EYES AND LOOKED AT HER WATCH,9619
096190006,WAVE/SPEAKER9619/096190006.WAV,IT IS WHAT HE WOULD WANT,9619
096190007,WAVE/SPEAKER9619/096190007.WAV,THE GIRL SEEMED TO SEE THEM FOR THE FIRST TIME,9619
096190008,WAVE/SPEAKER9619/096190008.WAV,THERE WAS NOTHING HERE TO GO ON,9619
096190009,WAVE/SPEAKER9619/096190009.WAV,YOU REALLY THINK YOU ARE GOING TO DEFEAT ME,9619
096190010,WAVE/SPEAKER9619/096190010.WAV,BUT IT WILL GET BETTER,9619
096190011,WAVE/SPEAKER9619/096190011.WAV,THAT WAS THE WAY OUT,9619
096190012,WAVE/SPEAKER9619/096190012.WAV,HE HAD INDEED COME ON MORE THAN HE THOUGHT,9619
096190013,WAVE/SPEAKER9619/096190013.WAV,BUT WE WERE STILL THE BEST OF FRIENDS,9619
096190014,WAVE/SPEAKER9619/096190014.WAV,THIS IS THE ONLY PLACE WHERE YOU WILL BE SAFE,9619
096190015,WAVE/SPEAKER9619/096190015.WAV,THERE WAS ANOTHER LITTLE THING HE HAD TO SAY,9619
096190016,WAVE/SPEAKER9619/096190016.WAV,HE ASKED AS HE PUT HIS ARM AROUND HER,9619
096190017,WAVE/SPEAKER9619/096190017.WAV,WHAT ELSE WAS THERE LEFT TO DO,9619
096190019,WAVE/SPEAKER9619/096190019.WAV,AND YET HOW INDIFFERENT IT ALL WAS TO ME NOW,9619
096190020,WAVE/SPEAKER9619/096190020.WAV,AND THE WORLD IS OVER,9619
096190021,WAVE/SPEAKER9619/096190021.WAV,I NEED TO MAKE IT,9619
096240001,WAVE/SPEAKER9624/096240001.WAV,SHE WAS NEVER THE SAME,9624
096240002,WAVE/SPEAKER9624/096240002.WAV,I ASKED THEM HOW DO I GET THERE,9624
096240003,WAVE/SPEAKER9624/096240003.WAV,HE JUST TURNED AND LEFT,9624
096240004,WAVE/SPEAKER9624/096240004.WAV,IT SEEMED THAT HE HAD,9624
096240005,WAVE/SPEAKER9624/096240005.WAV,AND SHE AGAIN LOOKED DOWN FOR A MOMENT,9624
096240006,WAVE/SPEAKER9624/096240006.WAV,THE PEOPLE BEHIND ME WERE NOT GOING TO LET UP,9624
096240007,WAVE/SPEAKER9624/096240007.WAV,THAT IS THE WAY WE MUST BE IN THIS BUSINESS,9624
096240008,WAVE/SPEAKER9624/096240008.WAV,BUT NO ONE WAS LOOKING AT HIM,9624
096240009,WAVE/SPEAKER9624/096240009.WAV,YOU COULD TELL IT ON HIS FACE,9624
096240010,WAVE/SPEAKER9624/096240010.WAV,THE END OF HER TIME WITH HER FRIENDS,9624
096240011,WAVE/SPEAKER9624/096240011.WAV,THEY COULD ALL SEE IT NOW,9624
096240012,WAVE/SPEAKER9624/096240012.WAV,THERE WAS SOMETHING ABOUT THE WOMAN THAT MADE HIM UNEASY,9624
096240013,WAVE/SPEAKER9624/096240013.WAV,I WALKED OUT THE DOOR,9624
096240014,WAVE/SPEAKER9624/096240014.WAV,IF SO THE SOONER HE WAS BACK THERE THE BETTER,9624
096240015,WAVE/SPEAKER9624/096240015.WAV,BUT NOTHING HAPPENED TO ME I OPENED MY EYES,9624
096240016,WAVE/SPEAKER9624/096240016.WAV,I HAD TO LOOK AWAY,9624
096240017,WAVE/SPEAKER9624/096240017.WAV,I PUT MY HAND IN FRONT OF HER,9624
096240019,WAVE/SPEAKER9624/096240019.WAV,IT WAS THE LAST THING HE COULD GIVE HER,9624
096240020,WAVE/SPEAKER9624/096240020.WAV,SHE IS ON HER OWN WORLD,9624
096240021,WAVE/SPEAKER9624/096240021.WAV,SHE HAD MORE THAN ONCE TO REMIND HIM OF THIS,9624
096250001,WAVE/SPEAKER9625/096250001.WAV,AND I NEED YOU TO HELP ME,9625
096250002,WAVE/SPEAKER9625/096250002.WAV,SHE TURNED AROUND AND LOOKED HIM IN THE EYES,9625
096250003,WAVE/SPEAKER9625/096250003.WAV,IT WAS ALL HE COULD DO,9625
096250004,WAVE/SPEAKER9625/096250004.WAV,THEY WOULD NOT KNOW IT,9625
096250005,WAVE/SPEAKER9625/096250005.WAV,THERE WILL BE AN END OF THAT NOW,9625
096250007,WAVE/SPEAKER9625/096250007.WAV,BUT OF ONE THING SHE IS SURE,9625
096250008,WAVE/SPEAKER9625/096250008.WAV,YOU HAVE A GIRL WITH YOU,9625
096250009,WAVE/SPEAKER9625/096250009.WAV,THIS WAS WHAT THEY WERE LOOKING FOR,9625
096250010,WAVE/SPEAKER9625/096250010.WAV,THE MAN WALKED TO THE WOMAN,9625
096250011,WAVE/SPEAKER9625/096250011.WAV,BUT THERE WAS SO MUCH MORE TO COME,9625
096250012,WAVE/SPEAKER9625/096250012.WAV,AND HE WAS STILL THAT LITTLE BOY,9625
096250013,WAVE/SPEAKER9625/096250013.WAV,I HAD NO WHERE ELSE TO GO,9625
096250014,WAVE/SPEAKER9625/096250014.WAV,I KNOW YOU WANT TO GIVE ME A GOOD LIFE,9625
096250015,WAVE/SPEAKER9625/096250015.WAV,HE ASKED ALL OF US,9625
096250016,WAVE/SPEAKER9625/096250016.WAV,I JUST HAD A LONG DAY,9625
096250017,WAVE/SPEAKER9625/096250017.WAV,NO ONE WAS IN THE ROOM,9625
096250018,WAVE/SPEAKER9625/096250018.WAV,HE LOOKED TO HIS SIDE AND SMILED,9625
096250020,WAVE/SPEAKER9625/096250020.WAV,HOW MUCH WOULD THEY KNOW OF WHAT HAD HAPPENED,9625
096250021,WAVE/SPEAKER9625/096250021.WAV,SO ENJOY AND TELL ME WHAT YOU THINK OF IT,9625
096250023,WAVE/SPEAKER9625/096250023.WAV,THEN SHE TURNED TO HIM,9625
096280011,WAVE/SPEAKER9628/096280011.WAV,YOU WILL HAND HIM OVER TO ME,9628
096280012,WAVE/SPEAKER9628/096280012.WAV,HE WAS A GOOD MAN THOUGH,9628
096280013,WAVE/SPEAKER9628/096280013.WAV,I WANT YOU AND YOU ARE COMING BACK WITH US,9628
096280014,WAVE/SPEAKER9628/096280014.WAV,I SMILED AND WALKED OUT THE DOOR,9628
096280015,WAVE/SPEAKER9628/096280015.WAV,I WANTED TO SEE WHO SHE WAS,9628
096280016,WAVE/SPEAKER9628/096280016.WAV,AND HE PUT IT AGAIN,9628
096280017,WAVE/SPEAKER9628/096280017.WAV,WHAT DO I HAVE TO SAY FOR MYSELF,9628
096280018,WAVE/SPEAKER9628/096280018.WAV,THIS WAS NOT RIGHT NOT RIGHT AT ALL,9628
096280019,WAVE/SPEAKER9628/096280019.WAV,I AM SURE YOU KNOW IT,9628
096280020,WAVE/SPEAKER9628/096280020.WAV,I CAN TAKE THEM OFF IF YOU NEED ME TO,9628
096280021,WAVE/SPEAKER9628/096280021.WAV,I SAW AT ONCE HOW IT WAS,9628
096280022,WAVE/SPEAKER9628/096280022.WAV,AND THERE IT STOPPED FOR A MOMENT,9628
096280023,WAVE/SPEAKER9628/096280023.WAV,NO ONE WOULD GET THE BEST OF HIM,9628
096280024,WAVE/SPEAKER9628/096280024.WAV,ALL THAT KIND OF THING WAS NOTHING TO HIM NOW,9628
096280025,WAVE/SPEAKER9628/096280025.WAV,THE PERSON LOOKED AT THE BACK,9628
096280026,WAVE/SPEAKER9628/096280026.WAV,SHE LOOKED HARD AT THE MAN,9628
096280027,WAVE/SPEAKER9628/096280027.WAV,NOW THAT HE HAD THE TIME,9628
096280028,WAVE/SPEAKER9628/096280028.WAV,BUT WHAT ELSE AM I TO DO,9628
096280029,WAVE/SPEAKER9628/096280029.WAV,HE HAD TO GO THROUGH WITH IT,9628
096280030,WAVE/SPEAKER9628/096280030.WAV,THERE IT WAS RIGHT NEXT TO HIM,9628
096300001,WAVE/SPEAKER9630/096300001.WAV,HOW WAS I GOING TO GET OUT OF HERE,9630
096300002,WAVE/SPEAKER9630/096300002.WAV,HE LOOKED BACK AT HER,9630
096300003,WAVE/SPEAKER9630/096300003.WAV,AND YOU LIKE IT THAT WAY,9630
096300004,WAVE/SPEAKER9630/096300004.WAV,BUT THIS IS NOT WHAT SHE HAD WANTED,9630
096300005,WAVE/SPEAKER9630/096300005.WAV,THEY ARE ONE IN THE SAME,9630
096300006,WAVE/SPEAKER9630/096300006.WAV,SHE SMILED AND WALKED WITH HIM,9630
096300007,WAVE/SPEAKER9630/096300007.WAV,THERE IS NO NEED TO GO THERE,9630
096300008,WAVE/SPEAKER9630/096300008.WAV,SO WHAT THEN WERE WE TO DO,9630
096300009,WAVE/SPEAKER9630/096300009.WAV,I THINK I WILL RIGHT NOW,9630
096300010,WAVE/SPEAKER9630/096300010.WAV,YOU LOOK OVER AND YOU SEE A BOY,9630
096300011,WAVE/SPEAKER9630/096300011.WAV,I SAW YOU TAKE THEM,9630
096300012,WAVE/SPEAKER9630/096300012.WAV,I THOUGHT TO MYSELF AS I MADE UP MY MIND,9630
096300013,WAVE/SPEAKER9630/096300013.WAV,THAT IS THEY WOULD IF I HAD ANY FRIENDS,9630
096300014,WAVE/SPEAKER9630/096300014.WAV,THIS TIME IT WAS A WOMAN,9630
096300015,WAVE/SPEAKER9630/096300015.WAV,I TURNED AROUND TO FACE IT,9630
096300016,WAVE/SPEAKER9630/096300016.WAV,IT WAS THE ONLY ROOM WITH THE DOOR STILL CLOSED,9630
096300017,WAVE/SPEAKER9630/096300017.WAV,AND IT JUST MIGHT BE,9630
096300018,WAVE/SPEAKER9630/096300018.WAV,I LEFT HER AT HOME,9630
096300019,WAVE/SPEAKER9630/096300019.WAV,HE LOOKED AWAY FROM IT,9630
096300020,WAVE/SPEAKER9630/096300020.WAV,BUT IT WAS EVEN SO,9630
096340004,WAVE/SPEAKER9634/096340004.WAV,BUT AT THE END WHAT DO WE GET,9634
096340005,WAVE/SPEAKER9634/096340005.WAV,THERE WAS NO WAY OUT OF THIS ROOM,9634
096340006,WAVE/SPEAKER9634/096340006.WAV,THAT HAD TO BE IT THEN,9634
096340007,WAVE/SPEAKER9634/096340007.WAV,IT IS A HAND ON MY,9634
096340008,WAVE/SPEAKER9634/096340008.WAV,HE WILL WANT ME JUST FOR ME,9634
096340009,WAVE/SPEAKER9634/096340009.WAV,THEY TURNED ALL TO HIM,9634
096340010,WAVE/SPEAKER9634/096340010.WAV,AND I LIKE HER EYES,9634
096340011,WAVE/SPEAKER9634/096340011.WAV,BUT HERE NOW HE REALLY WAS,9634
096340012,WAVE/SPEAKER9634/096340012.WAV,THE OTHER ONE WAS BACK IT WAS TIME AGAIN,9634
096340013,WAVE/SPEAKER9634/096340013.WAV,YOU ASKED TO SEE IT,9634
096340014,WAVE/SPEAKER9634/096340014.WAV,I JUST WANTED TO GO UP THERE,9634
096340015,WAVE/SPEAKER9634/096340015.WAV,I CAN ONLY DO IT ONCE,9634
096340016,WAVE/SPEAKER9634/096340016.WAV,BUT HOW ARE YOU GOING TO HELP IT,9634
096340017,WAVE/SPEAKER9634/096340017.WAV,HE WALKED OVER TO THE DOOR AND OPENED IT,9634
096340018,WAVE/SPEAKER9634/096340018.WAV,THERE WAS SO MUCH MORE TO IT THAN THAT,9634
096340019,WAVE/SPEAKER9634/096340019.WAV,I LOOKED AROUND BUT I STILL FOUND NO ONE,9634
096340020,WAVE/SPEAKER9634/096340020.WAV,I KNOW THAT THEY WILL NOT LET ME DOWN,9634
096340021,WAVE/SPEAKER9634/096340021.WAV,THIS WAS THE GOOD SIDE TO IT,9634
096340022,WAVE/SPEAKER9634/096340022.WAV,I NEVER SAW HIM LOOKING LIKE THAT,9634
096340023,WAVE/SPEAKER9634/096340023.WAV,WE HAVE TO DO SOMETHING WITH HIM,9634
096390001,WAVE/SPEAKER9639/096390001.WAV,I WAS BACK IN THE ROOM,9639
096390002,WAVE/SPEAKER9639/096390002.WAV,SHE LOOKED UP AT ME AND SMILED,9639
096390003,WAVE/SPEAKER9639/096390003.WAV,HE WOULD NEVER DO THIS,9639
096390004,WAVE/SPEAKER9639/096390004.WAV,WHAT COULD YOU DO WITH A GIRL,9639
096390005,WAVE/SPEAKER9639/096390005.WAV,AND SHE HAD TO BE LIKE HIM,9639
096390006,WAVE/SPEAKER9639/096390006.WAV,BUT HE WAS STILL THERE,9639
096390007,WAVE/SPEAKER9639/096390007.WAV,YOU JUST HAVE TO MAN,9639
096390008,WAVE/SPEAKER9639/096390008.WAV,I WANT TO FIND OUT WHAT THEY CAN DO,9639
096390009,WAVE/SPEAKER9639/096390009.WAV,HE SAW NO NEED OF IT,9639
096390010,WAVE/SPEAKER9639/096390010.WAV,THERE WAS BUT ONE THING LEFT TO DO,9639
096390011,WAVE/SPEAKER9639/096390011.WAV,THEY ALL TURNED TO ME,9639
096390012,WAVE/SPEAKER9639/096390012.WAV,I THINK I WANTED TO SEE HIM AGAIN,9639
096390013,WAVE/SPEAKER9639/096390013.WAV,HE LOOKED TO HIS LEFT THEN TO HIS RIGHT,9639
096390014,WAVE/SPEAKER9639/096390014.WAV,I HAD TO GO TO MY PLACE,9639
096390015,WAVE/SPEAKER9639/096390015.WAV,IT WILL BE THE END OF THEM,9639
096390016,WAVE/SPEAKER9639/096390016.WAV,THAT WAS ALL I WAS GOING TO SAY ABOUT IT,9639
096390017,WAVE/SPEAKER9639/096390017.WAV,I WAS ON TO SOMETHING,9639
096390018,WAVE/SPEAKER9639/096390018.WAV,SHE TURNED AROUND AND WALKED TO THE DOOR,9639
096390019,WAVE/SPEAKER9639/096390019.WAV,I MADE IT JUST IN TIME,9639
096390020,WAVE/SPEAKER9639/096390020.WAV,HE HAD NOTHING ELSE HE WANTED TO DO OUT HERE,9639
096430002,WAVE/SPEAKER9643/096430002.WAV,SHE PRESENTED HIM WITH A ROSE,9643
096430003,WAVE/SPEAKER9643/096430003.WAV,AT LAST OUR RANKS WERE BREAKING,9643
096430004,WAVE/SPEAKER9643/096430004.WAV,NO SUCH LUCK GRACED HER HOWEVER,9643
096430005,WAVE/SPEAKER9643/096430005.WAV,THE MACHINE MUST HAVE HELPED ME STAY AWAKE,9643
096430006,WAVE/SPEAKER9643/096430006.WAV,THEY ALL JUMPED UP FROM THEIR SEATS SUDDENLY,9643
096430007,WAVE/SPEAKER9643/096430007.WAV,IT'S NO PROBLEM SHE WAVED OFF,9643
096430008,WAVE/SPEAKER9643/096430008.WAV,LET US BEGIN ON THOSE DEBTS,9643
096430009,WAVE/SPEAKER9643/096430009.WAV,TO RESTORE YOUR LOST ENERGY,9643
096430010,WAVE/SPEAKER9643/096430010.WAV,WE SHIFT BACK INTO SILENCE,9643
096430011,WAVE/SPEAKER9643/096430011.WAV,HE NODDED SLOWLY AND IMPRESSIVELY,9643
096430012,WAVE/SPEAKER9643/096430012.WAV,IT HAD VERY NEARLY COME,9643
096430013,WAVE/SPEAKER9643/096430013.WAV,YOU KNOW THEY CAN PROBABLY DO THAT,9643
096430014,WAVE/SPEAKER9643/096430014.WAV,A COOL ONE THIS GENERAL,9643
096430015,WAVE/SPEAKER9643/096430015.WAV,MAYBE SOON BUT CERTAINLY NOT NOW,9643
096430016,WAVE/SPEAKER9643/096430016.WAV,EVEN IF IT TAKES SEVERAL YEARS,9643
096430017,WAVE/SPEAKER9643/096430017.WAV,MY BREATH COMES IN IN SHARP PAINFUL BURSTS,9643
096430018,WAVE/SPEAKER9643/096430018.WAV,SO EVERYONE WOULD BE SATISFIED,9643
096430019,WAVE/SPEAKER9643/096430019.WAV,THIS FLOOR LOOKED REALLY RUN DOWN,9643
096430020,WAVE/SPEAKER9643/096430020.WAV,IN FACT WE FOUND THEM EXCEEDINGLY USEFUL,9643
096430021,WAVE/SPEAKER9643/096430021.WAV,TAKE OUT OR HOME COOKED,9643
096450001,WAVE/SPEAKER9645/096450001.WAV,WHY WAS NATURE SO CRUEL,9645
096450002,WAVE/SPEAKER9645/096450002.WAV,AT THE SAME TIME THE SAME FLOWER,9645
096450003,WAVE/SPEAKER9645/096450003.WAV,DO YOU THINK ANYONE ELSE IS ALIVE OUT THERE,9645
096450004,WAVE/SPEAKER9645/096450004.WAV,HE NEVER SHUT HIS EYES,9645
096450005,WAVE/SPEAKER9645/096450005.WAV,I AM NOT A CHILD NOR YET A FOOL,9645
096450006,WAVE/SPEAKER9645/096450006.WAV,FINALLY SHE TURNED AND FACED HIM,9645
096450007,WAVE/SPEAKER9645/096450007.WAV,LET US INSTALL OURSELVES IN THIS HALL,9645
096450008,WAVE/SPEAKER9645/096450008.WAV,YOU ARE MY HEART NOW,9645
096450010,WAVE/SPEAKER9645/096450010.WAV,IT LOOKED PEACEFUL DELICATE ALMOST JAPANESE,9645
096450011,WAVE/SPEAKER9645/096450011.WAV,THE SOLDIER STARED INTO SPACE MIND RACING FURIOUSLY,9645
096450012,WAVE/SPEAKER9645/096450012.WAV,BETTER THAN OTHER GIRLS THAT'S FOR SURE,9645
096450013,WAVE/SPEAKER9645/096450013.WAV,AND WHEN THEY GET WHAT THEY WANT THEY WANT MORE,9645
096450014,WAVE/SPEAKER9645/096450014.WAV,NOT THAT THERE'S ANYTHING WRONG WITH YOUR THING,9645
096450015,WAVE/SPEAKER9645/096450015.WAV,BUT SHE'S HERE HELPING ME,9645
096450016,WAVE/SPEAKER9645/096450016.WAV,DEATH ITSELF HAD COME WITHOUT PAIN,9645
096450017,WAVE/SPEAKER9645/096450017.WAV,REMOVAL OR LESSENING OF EITHER,9645
096450018,WAVE/SPEAKER9645/096450018.WAV,HIS FATHER CALLED DOWN BELOW,9645
096450019,WAVE/SPEAKER9645/096450019.WAV,A SILLY BUSINESS ON ALL SIDES,9645
096450020,WAVE/SPEAKER9645/096450020.WAV,SHE STARTED EATING BEFORE GIVING HER OPINION,9645
096450021,WAVE/SPEAKER9645/096450021.WAV,FOUR FIVE SIX SEVEN EIGHT NINE,9645
096460002,WAVE/SPEAKER9646/096460002.WAV,A QUICK JUMP OVER THE WIDENING GAP SAVED HIM,9646
096460003,WAVE/SPEAKER9646/096460003.WAV,HE DRIFTED OUT AND AWAY ALONG SUNSET TRACK,9646
096460004,WAVE/SPEAKER9646/096460004.WAV,THE MOON WOULD NOT RISE TILL LATER,9646
096460005,WAVE/SPEAKER9646/096460005.WAV,HIS FATHER HAZARDED ONE GUESS,9646
096460006,WAVE/SPEAKER9646/096460006.WAV,WHEN HE RETURNED HE ASKED IF THEY WERE HUNGRY,9646
096460007,WAVE/SPEAKER9646/096460007.WAV,BEING WITHOUT YOU MAKES ME VERY UNHAPPY,9646
096460008,WAVE/SPEAKER9646/096460008.WAV,THOSE EYES COULD STOP BULLETS,9646
096460009,WAVE/SPEAKER9646/096460009.WAV,SHE ALWAYS MAKE THEM MAD,9646
096460010,WAVE/SPEAKER9646/096460010.WAV,WHAT HAD HAPPENED SINCE THEN,9646
096460011,WAVE/SPEAKER9646/096460011.WAV,WAS IT MOVING AS AN AUTOMOBILE,9646
096460012,WAVE/SPEAKER9646/096460012.WAV,ONE FURTHER REMARK HOWEVER LEFT HIS LIPS,9646
096460013,WAVE/SPEAKER9646/096460013.WAV,WE MUST GET BETTER ACQUAINTED,9646
096460014,WAVE/SPEAKER9646/096460014.WAV,YOU ATTACKED US AFTER ALL,9646
096460015,WAVE/SPEAKER9646/096460015.WAV,BUT SOMETIMES LIFE CAN HURT,9646
096460016,WAVE/SPEAKER9646/096460016.WAV,CHAPTER ONE FIRST DAY AT SCHOOL,9646
096460017,WAVE/SPEAKER9646/096460017.WAV,SO SIMILAR YET SO DIFFERENT,9646
096460018,WAVE/SPEAKER9646/096460018.WAV,THIS PLACE IS BAD NEWS,9646
096460019,WAVE/SPEAKER9646/096460019.WAV,WELL YOUR ABOUT HALF RIGHT,9646
096460020,WAVE/SPEAKER9646/096460020.WAV,JUST WISHING EACH OTHER LUCK,9646
096460021,WAVE/SPEAKER9646/096460021.WAV,AN ALMOST PAINFUL QUIET REIGNS,9646
096490001,WAVE/SPEAKER9649/096490001.WAV,WAS I IN A HOSPITAL OR SOMETHING,9649
096490002,WAVE/SPEAKER9649/096490002.WAV,HE LOOKED AROUND THE HOTEL RESTAURANT,9649
096490003,WAVE/SPEAKER9649/096490003.WAV,BEST TO GIVE THEM WHAT THEY WANTED,9649
096490004,WAVE/SPEAKER9649/096490004.WAV,NOTHING SHOWED THAT ANYTHING HAD OCCURRED,9649
096490005,WAVE/SPEAKER9649/096490005.WAV,SHE WHISPERED ANGRY AT HER LOSS OF CONTROL,9649
096490006,WAVE/SPEAKER9649/096490006.WAV,YOU CAN SLEEP HERE TONIGHT,9649
096490007,WAVE/SPEAKER9649/096490007.WAV,THEY CLEARLY HAVE EVERYTHING THOUGHT THROUGH,9649
096490008,WAVE/SPEAKER9649/096490008.WAV,A BROKEN LAND SITTING ON BROKEN GROUND,9649
096490009,WAVE/SPEAKER9649/096490009.WAV,ONCE AGAIN HE HOPED IT WOULD LAST,9649
096490010,WAVE/SPEAKER9649/096490010.WAV,NO SUCH THING AS TRUST,9649
096490011,WAVE/SPEAKER9649/096490011.WAV,HER THIN WHITE FINGERS WERE GRIPPING ITS SIDES,9649
096490012,WAVE/SPEAKER9649/096490012.WAV,IMAGINE TEN TIMES MORE DIRT,9649
096490013,WAVE/SPEAKER9649/096490013.WAV,IN THIS MOMENT SHE IS HAPPY,9649
096490014,WAVE/SPEAKER9649/096490014.WAV,WE KNOW WHERE YOU RUN,9649
096490015,WAVE/SPEAKER9649/096490015.WAV,THINGS ARE MOVING ALONG SO FAST,9649
096490016,WAVE/SPEAKER9649/096490016.WAV,THROUGH HEARING ONLY HIS VOICE,9649
096490017,WAVE/SPEAKER9649/096490017.WAV,TWO BULLETS SHOT BUT MISSED,9649
096490018,WAVE/SPEAKER9649/096490018.WAV,IT ALL ENDS TOO SOON,9649
096490019,WAVE/SPEAKER9649/096490019.WAV,WHY LEAVE ME PLEASE TELL ME,9649
096490020,WAVE/SPEAKER9649/096490020.WAV,IT'S NOT FIRST PERSON NOW,9649
000030012,WAVE/SPEAKER0003/000030012.WAV,MARK IS GOING TO SEE ELEPHANT,0003
000030024,WAVE/SPEAKER0003/000030024.WAV,KATE LOVES CHINA,0003
000030040,WAVE/SPEAKER0003/000030040.WAV,TWO SIX FOUR EIGHT,0003
000030047,WAVE/SPEAKER0003/000030047.WAV,SEVEN THREE FOUR TWO,0003
000030049,WAVE/SPEAKER0003/000030049.WAV,TWO EIGHT NINE ONE,0003
000030051,WAVE/SPEAKER0003/000030051.WAV,ONE ZERO ONE ZERO,0003
000030054,WAVE/SPEAKER0003/000030054.WAV,TWO FIVE NINE NINE,0003
000030059,WAVE/SPEAKER0003/000030059.WAV,TOMATO SPRING PHOTO,0003
000030067,WAVE/SPEAKER0003/000030067.WAV,LAYLA IS GOOD AT SWIMMING,0003
000030069,WAVE/SPEAKER0003/000030069.WAV,ALICE GIVE UP BOXING,0003
000030079,WAVE/SPEAKER0003/000030079.WAV,LAYLA WANTS HAVE SOME SALAD,0003
000030080,WAVE/SPEAKER0003/000030080.WAV,DOES HE KNOW THE BISCUIT,0003
000030097,WAVE/SPEAKER0003/000030097.WAV,HERE IS TIME'S CLOTH,0003
000030101,WAVE/SPEAKER0003/000030101.WAV,LOOK AT BOB'S T SHIRT,0003
000030116,WAVE/SPEAKER0003/000030116.WAV,SO BILLY WENT INTO THE PET SHOP,0003
000030119,WAVE/SPEAKER0003/000030119.WAV,SO TINA WENT INTO THE WASHROOM,0003
000030145,WAVE/SPEAKER0003/000030145.WAV,BILLY LIVED IN NEW YORK,0003
000030153,WAVE/SPEAKER0003/000030153.WAV,MORE THAN THAT,0003
000030154,WAVE/SPEAKER0003/000030154.WAV,MY MAP WILL SHOW US,0003
000030175,WAVE/SPEAKER0003/000030175.WAV,YUMMY,0003
000240010,WAVE/SPEAKER0024/000240010.WAV,IT WAS GOOD FOR ME,0024
000240031,WAVE/SPEAKER0024/000240031.WAV,WE HAVE CLIMBED ONE STEP UP THE LADDER,0024
000240060,WAVE/SPEAKER0024/000240060.WAV,PLUS THE KIDS REALLY LIKE THE DOGS,0024
000240071,WAVE/SPEAKER0024/000240071.WAV,EVEN WHEN WE LOSE IT USUALLY A VERY CLOSE GAME,0024
000240073,WAVE/SPEAKER0024/000240073.WAV,MOSTLY THE AMERICAN COMMUNITY IN EUROPE FOLLOWS THE GAME,0024
000240099,WAVE/SPEAKER0024/000240099.WAV,WHAT HE WAS TALKING ABOUT WAS SPORTS IN GENERAL,0024
000240115,WAVE/SPEAKER0024/000240115.WAV,WAY TO HELP US ALL OUT,0024
000240116,WAVE/SPEAKER0024/000240116.WAV,LOVELY TO MAKE YOUR ACQUAINTANCE SIR,0024
000240151,WAVE/SPEAKER0024/000240151.WAV,SUCCESSFUL FIRST DAY FOR COLLEGE,0024
000240152,WAVE/SPEAKER0024/000240152.WAV,THIS IS A PRETTY GOOD PLACE TO START,0024
000240248,WAVE/SPEAKER0024/000240248.WAV,LOVE IS A STRONG MAN IN THE MIDDLE,0024
000240284,WAVE/SPEAKER0024/000240284.WAV,SOMEBODY LET ME KNOW WHEN IT'S OVER,0024
000240287,WAVE/SPEAKER0024/000240287.WAV,YOU PUT IT ON WRONG,0024
000240289,WAVE/SPEAKER0024/000240289.WAV,COMPETITION IS GOOD FOR THE INDUSTRY,0024
000240320,WAVE/SPEAKER0024/000240320.WAV,SHE LOOKED ANXIOUSLY AT THE HOUSE AND STARTED,0024
000240323,WAVE/SPEAKER0024/000240323.WAV,THEY MAY MAKE ME MORE UNHAPPY THAN I AM,0024
000240324,WAVE/SPEAKER0024/000240324.WAV,SHE WOULD BE SORRY FOR HIS DEATH,0024
000240329,WAVE/SPEAKER0024/000240329.WAV,MY PEOPLE WILL BRING YOU TO THE SHIP,0024
000240350,WAVE/SPEAKER0024/000240350.WAV,IT WAS A PROOF OF HIS FRIENDSHIP,0024
000240352,WAVE/SPEAKER0024/000240352.WAV,I FOUND I HAD NO NEED TO THINK,0024
000440005,WAVE/SPEAKER0044/000440005.WAV,ANDY LIKES BROWN,0044
000440021,WAVE/SPEAKER0044/000440021.WAV,MANDY LOVES LIVES IN AUSTRALIAN,0044
000440032,WAVE/SPEAKER0044/000440032.WAV,ONE FIVE NINE NINE,0044
000440035,WAVE/SPEAKER0044/000440035.WAV,THREE SIX FOUR SIX,0044
000440043,WAVE/SPEAKER0044/000440043.WAV,ZERO SEVEN ZERO FOUR,0044
000440045,WAVE/SPEAKER0044/000440045.WAV,EIGHT ZERO TWO,0044
000440049,WAVE/SPEAKER0044/000440049.WAV,SEVEN THREE FOUR NINE,0044
000440062,WAVE/SPEAKER0044/000440062.WAV,GLOVES PLAN GROUND,0044
000440082,WAVE/SPEAKER0044/000440082.WAV,LILLY LIKES BISCUIT,0044
000440089,WAVE/SPEAKER0044/000440089.WAV,SANDY HAS A BIG ARM,0044
000440090,WAVE/SPEAKER0044/000440090.WAV,BY TOM'S TOOTH,0044
000440099,WAVE/SPEAKER0044/000440099.WAV,MARK HAS A BEAUTIFUL SUNGLASSES,0044
000440104,WAVE/SPEAKER0044/000440104.WAV,LISA LAYLA GOT THE BOOTS,0044
000440126,WAVE/SPEAKER0044/000440126.WAV,TEDDY THIS IS CUMBER,0044
000440132,WAVE/SPEAKER0044/000440132.WAV,ANDY IS DRAW THE PEA,0044
000440145,WAVE/SPEAKER0044/000440145.WAV,HANDY LIVES IN BANGKOK NOW,0044
000440147,WAVE/SPEAKER0044/000440147.WAV,LILLY LIVES IN CAIRO NOW,0044
000440163,WAVE/SPEAKER0044/000440163.WAV,YOU CAN PLAY WITH IT,0044
000440173,WAVE/SPEAKER0044/000440173.WAV,I'M GOING ALL WAY,0044
000440175,WAVE/SPEAKER0044/000440175.WAV,LOOK THERE,0044
000490002,WAVE/SPEAKER0049/000490002.WAV,MADE LIKES WHITE,0049
000490017,WAVE/SPEAKER0049/000490017.WAV,DORA CAN SEE THE SHEEP,0049
000490032,WAVE/SPEAKER0049/000490032.WAV,FOUR SIX TWO,0049
000490047,WAVE/SPEAKER0049/000490047.WAV,THREE EIGHT NINE EIGHT,0049
000490052,WAVE/SPEAKER0049/000490052.WAV,NINE NINE EIGHT FIVE,0049
000490086,WAVE/SPEAKER0049/000490086.WAV,LOOK AT THE BIG FOOT,0049
000490087,WAVE/SPEAKER0049/000490087.WAV,LET'S DRAW TOM'S HOW,0049
000490088,WAVE/SPEAKER0049/000490088.WAV,LOOK AT TEDDY'S,0049
000490092,WAVE/SPEAKER0049/000490092.WAV,HERE IS JOHN'S BOOTS,0049
000490097,WAVE/SPEAKER0049/000490097.WAV,SANDY LIKES THE OLD MAP,0049
000490101,WAVE/SPEAKER0049/000490101.WAV,LOOK AT BOB'S JEANS,0049
000490102,WAVE/SPEAKER0049/000490102.WAV,MARY LIKES YOUR RED SWEATER,0049
000490117,WAVE/SPEAKER0049/000490117.WAV,ANN WAS TALKING TO SCHOOL,0049
000490134,WAVE/SPEAKER0049/000490134.WAV,MIKE LIKE THE STIR BEN,0049
000490144,WAVE/SPEAKER0049/000490144.WAV,ANN WANT TO THE DANCE CLASS,0049
000490151,WAVE/SPEAKER0049/000490151.WAV,BUT IT WILL BE EXCITING,0049
000490157,WAVE/SPEAKER0049/000490157.WAV,THERE WE GO,0049
000490162,WAVE/SPEAKER0049/000490162.WAV,THE RABBIT WENT IN,0049
000490164,WAVE/SPEAKER0049/000490164.WAV,I LOVE OUR CAR,0049
000490175,WAVE/SPEAKER0049/000490175.WAV,JAM LOOKED IN THE KITCHEN,0049
000920002,WAVE/SPEAKER0092/000920002.WAV,BILL LIKES YELLOW,0092
000920009,WAVE/SPEAKER0092/000920009.WAV,IT ALICE OWNED,0092
000920010,WAVE/SPEAKER0092/000920010.WAV,IT IS A LITTLE SEA,0092
000920025,WAVE/SPEAKER0092/000920025.WAV,SIX FIVE TWO SEVEN,0092
000920040,WAVE/SPEAKER0092/000920040.WAV,FIVE SEVEN ONE THREE,0092
000920051,WAVE/SPEAKER0092/000920051.WAV,TWO TWO ZERO FOUR,0092
000920055,WAVE/SPEAKER0092/000920055.WAV,CLAUS PAST LANTERN,0092
000920074,WAVE/SPEAKER0092/000920074.WAV,SANDY LIKES RUNNING,0092
000920092,WAVE/SPEAKER0092/000920092.WAV,HERE IS LYNDA'S PEN PARENTS,0092
000920094,WAVE/SPEAKER0092/000920094.WAV,JACK LIKES THE OLD SWEATER,0092
000920099,WAVE/SPEAKER0092/000920099.WAV,DOOR HAS ARE BEAUTIFUL SHIRTS,0092
000920104,WAVE/SPEAKER0092/000920104.WAV,MARK GOT THE T SHIRT,0092
000920122,WAVE/SPEAKER0092/000920122.WAV,SO JOHN WENT ON FOOT,0092
000920126,WAVE/SPEAKER0092/000920126.WAV,MARY THIS IS GARDEN BEACH,0092
000920129,WAVE/SPEAKER0092/000920129.WAV,SAND LIKE THE SWEET POTATO,0092
000920134,WAVE/SPEAKER0092/000920134.WAV,MIKE LIKE THE LEEK,0092
000920136,WAVE/SPEAKER0092/000920136.WAV,SHE WANTS TO BE A DOCTOR,0092
000920149,WAVE/SPEAKER0092/000920149.WAV,JOHN LIKES THE BIG SEE TRAIN NOW,0092
000920167,WAVE/SPEAKER0092/000920167.WAV,THEY NEED NEW HOMES,0092
000920173,WAVE/SPEAKER0092/000920173.WAV,A GOOD MANY,0092
000930005,WAVE/SPEAKER0093/000930005.WAV,BILLY LIKES BLUE,0093
000930014,WAVE/SPEAKER0093/000930014.WAV,BOBBY CAN SEE THE GOAT,0093
000930018,WAVE/SPEAKER0093/000930018.WAV,JOHN IS GO KING TO SEE CAT,0093
000930026,WAVE/SPEAKER0093/000930026.WAV,TWO NINE SIX FOUR,0093
000930035,WAVE/SPEAKER0093/000930035.WAV,NINE EIGHT ONE SEEK,0093
000930040,WAVE/SPEAKER0093/000930040.WAV,FOUR ONE FIVE TWO,0093
000930048,WAVE/SPEAKER0093/000930048.WAV,NINE ONE FIVE SIX,0093
000930050,WAVE/SPEAKER0093/000930050.WAV,SIX NINE TWO SIX,0093
000930051,WAVE/SPEAKER0093/000930051.WAV,EIGHT ONE FOUR ZERO,0093
000930056,WAVE/SPEAKER0093/000930056.WAV,TABLE BLACKS WORK,0093
000930089,WAVE/SPEAKER0093/000930089.WAV,DORA HAS A BIG FOOT,0093
000930091,WAVE/SPEAKER0093/000930091.WAV,MARY HAS A BEAUTIFUL STOCK,0093
000930095,WAVE/SPEAKER0093/000930095.WAV,KATE LOVE NEW PANTS,0093
000930099,WAVE/SPEAKER0093/000930099.WAV,JACKIE HAS A BEAUTIFUL GLOVES,0093
000930101,WAVE/SPEAKER0093/000930101.WAV,LOOK AT MARY'S CAP,0093
000930111,WAVE/SPEAKER0093/000930111.WAV,BOBBY CAN SEE THE TIME A PARK,0093
000930148,WAVE/SPEAKER0093/000930148.WAV,TINA LIFE IN NEW USUAL,0093
000930151,WAVE/SPEAKER0093/000930151.WAV,ANDY SHE BOOT IT,0093
000930155,WAVE/SPEAKER0093/000930155.WAV,IS THE ANY CAKE,0093
000930162,WAVE/SPEAKER0093/000930162.WAV,I'M A NOT PARROT,0093
000940012,WAVE/SPEAKER0094/000940012.WAV,LILLY IS GOING TO SEE ZEBRA,0094
000940015,WAVE/SPEAKER0094/000940015.WAV,ANDY IS GOING TO SEE BIRD,0094
000940021,WAVE/SPEAKER0094/000940021.WAV,LYNDA LIVES IN CANADA,0094
000940027,WAVE/SPEAKER0094/000940027.WAV,TWO NINE NINE TWO,0094
000940032,WAVE/SPEAKER0094/000940032.WAV,EIGHT TWO ONE,0094
000940042,WAVE/SPEAKER0094/000940042.WAV,ZERO ONE SEVEN SIX,0094
000940049,WAVE/SPEAKER0094/000940049.WAV,FIVE EIGHT TWO NINE,0094
000940067,WAVE/SPEAKER0094/000940067.WAV,TEDDY IS GOOD AT TENNIS,0094
000940068,WAVE/SPEAKER0094/000940068.WAV,KATE LIKES RACING,0094
000940073,WAVE/SPEAKER0094/000940073.WAV,TOM GIVES UP GOLF,0094
000940074,WAVE/SPEAKER0094/000940074.WAV,DORA LIKES ROWING,0094
000940086,WAVE/SPEAKER0094/000940086.WAV,LOOK AT MY HAND,0094
000940093,WAVE/SPEAKER0094/000940093.WAV,HERE IS YOUR NEW PANTS,0094
000940102,WAVE/SPEAKER0094/000940102.WAV,BILLY NEEDS NEW RAINCOAT,0094
000940103,WAVE/SPEAKER0094/000940103.WAV,ALICE LOVES THE NEW COAT,0094
000940122,WAVE/SPEAKER0094/000940122.WAV,SO JAYME WENT ON TO THE PET SHOP,0094
000940133,WAVE/SPEAKER0094/000940133.WAV,JAYME GOT THE EGGPLANT,0094
000940147,WAVE/SPEAKER0094/000940147.WAV,JACK LIVES IN BERLIN NOW,0094
000940150,WAVE/SPEAKER0094/000940150.WAV,WHAT KING,0094
000940173,WAVE/SPEAKER0094/000940173.WAV,IS IT THE TIGER THEN,0094
000960002,WAVE/SPEAKER0096/000960002.WAV,LISA LIKES BROWN,0096
000960008,WAVE/SPEAKER0096/000960008.WAV,MIKE HAS GOT THE GRAPE,0096
000960019,WAVE/SPEAKER0096/000960019.WAV,TOM CAN DRAW THE TIGER,0096
000960040,WAVE/SPEAKER0096/000960040.WAV,THREE THREE THERE NINE,0096
000960043,WAVE/SPEAKER0096/000960043.WAV,FOUR EIGHT THE FIVE,0096
000960046,WAVE/SPEAKER0096/000960046.WAV,SEX NINE SEVEN ONE,0096
000960048,WAVE/SPEAKER0096/000960048.WAV,EIGHT THREE THREE FIVE,0096
000960049,WAVE/SPEAKER0096/000960049.WAV,THREE TWO FIVE ONE,0096
000960050,WAVE/SPEAKER0096/000960050.WAV,EIGHT THE SEVEN NINE,0096
000960052,WAVE/SPEAKER0096/000960052.WAV,TWO FIVE FOUR THE,0096
000960054,WAVE/SPEAKER0096/000960054.WAV,ONE EIGHT EIGHT FOUR,0096
000960066,WAVE/SPEAKER0096/000960066.WAV,LEE LILLY GIVES UP BASEBALL,0096
000960071,WAVE/SPEAKER0096/000960071.WAV,ANDY LIKES HANDBALL,0096
000960073,WAVE/SPEAKER0096/000960073.WAV,SANDY GIVES UP BOXING,0096
000960084,WAVE/SPEAKER0096/000960084.WAV,BETTER BY PETER LIKES LAMB,0096
000960090,WAVE/SPEAKER0096/000960090.WAV,BY TOM'S EAR,0096
000960093,WAVE/SPEAKER0096/000960093.WAV,I LIKE MY OLD CAP,0096
000960136,WAVE/SPEAKER0096/000960136.WAV,HE WANTS TO BE A CLEANER,0096
000960167,WAVE/SPEAKER0096/000960167.WAV,YES A LAKE,0096
000960168,WAVE/SPEAKER0096/000960168.WAV,WHO IS THERE,0096
001110009,WAVE/SPEAKER0111/001110009.WAV,IT'S ANN'S PLUM,0111
001110023,WAVE/SPEAKER0111/001110023.WAV,ANN IS FROM GERMANY,0111
001110039,WAVE/SPEAKER0111/001110039.WAV,ONE SIX FOUR FIVE,0111
001110040,WAVE/SPEAKER0111/001110040.WAV,ONE SEVEN,0111
001110047,WAVE/SPEAKER0111/001110047.WAV,FOUR SIX EIGHT FIVE,0111
001110056,WAVE/SPEAKER0111/001110056.WAV,DRESSES JIM SCIENTIST,0111
001110060,WAVE/SPEAKER0111/001110060.WAV,NUT RAINCOAT FLU,0111
001110067,WAVE/SPEAKER0111/001110067.WAV,BILLY IS GOOD AT RACING,0111
001110072,WAVE/SPEAKER0111/001110072.WAV,MANDY IS GOOD AT GOLF,0111
001110076,WAVE/SPEAKER0111/001110076.WAV,JIM WANTS HAVE SOME PORK,0111
001110094,WAVE/SPEAKER0111/001110094.WAV,MIKE LIKES THE OLD DRESS,0111
001110099,WAVE/SPEAKER0111/001110099.WAV,MARK HAS A BEAUTIFUL SOCKS,0111
001110114,WAVE/SPEAKER0111/001110114.WAV,JIM WAS WALKING TO BATHROOM,0111
001110122,WAVE/SPEAKER0111/001110122.WAV,SO ANDY WENT ON TO RESTROOM,0111
001110129,WAVE/SPEAKER0111/001110129.WAV,JIM LIKES THE CORN,0111
001110135,WAVE/SPEAKER0111/001110135.WAV,DORA LOVES PEA,0111
001110137,WAVE/SPEAKER0111/001110137.WAV,ALICE WANTS TO BE A POLICE,0111
001110141,WAVE/SPEAKER0111/001110141.WAV,ANDY SAYS TODAY IS FRIDAY,0111
001110151,WAVE/SPEAKER0111/001110151.WAV,AND HERE ARE THE DUCKS,0111
001110173,WAVE/SPEAKER0111/001110173.WAV,AND ONE OF FISH PLEASE,0111
001120010,WAVE/SPEAKER0112/001120010.WAV,IT'S NOT FISH,0112
001120013,WAVE/SPEAKER0112/001120013.WAV,LAYLA CAN DRAW THE DONKEY,0112
001120024,WAVE/SPEAKER0112/001120024.WAV,LISA LOVES AUSTRALIAN,0112
001120031,WAVE/SPEAKER0112/001120031.WAV,SEVEN NINE FOUR SIX,0112
001120038,WAVE/SPEAKER0112/001120038.WAV,THREE SEVEN ONE EIGHT,0112
001120063,WAVE/SPEAKER0112/001120063.WAV,TURKEYS HOLIDAY JAZZ,0112
001120078,WAVE/SPEAKER0112/001120078.WAV,DOES JOHN LIKE THE BISCUIT,0112
001120090,WAVE/SPEAKER0112/001120090.WAV,BY BOB'S SHOULDER,0112
001120097,WAVE/SPEAKER0112/001120097.WAV,JAYME LIKES THE OLD GLOVES,0112
001120098,WAVE/SPEAKER0112/001120098.WAV,ANN LIKES YOUR RED SHIRT,0112
001120101,WAVE/SPEAKER0112/001120101.WAV,LOOK AT TOM'S JEANS,0112
001120105,WAVE/SPEAKER0112/001120105.WAV,LISA LIKES YOUR BLUE CLOTH,0112
001120119,WAVE/SPEAKER0112/001120119.WAV,SO ALICE WENT INTO THE LIVING ROOM,0112
001120130,WAVE/SPEAKER0112/001120130.WAV,ANDY LOVES PEA,0112
001120136,WAVE/SPEAKER0112/001120136.WAV,I WANT TO BE A NURSE,0112
001120141,WAVE/SPEAKER0112/001120141.WAV,BOB SAYS TODAY IS TUESDAY,0112
001120148,WAVE/SPEAKER0112/001120148.WAV,MANDY LIVED IN CANBERRA,0112
001120156,WAVE/SPEAKER0112/001120156.WAV,THE DUCKS WANT SOME BREAD,0112
001120159,WAVE/SPEAKER0112/001120159.WAV,SHE WAS VERY PRETTY,0112
001120162,WAVE/SPEAKER0112/001120162.WAV,WHERE IS YOUR BOAT,0112
001130002,WAVE/SPEAKER0113/001130002.WAV,BOB LIKES BLUE,0113
001130005,WAVE/SPEAKER0113/001130005.WAV,LYNDA LIKES THE PURPLE ONE,0113
001130019,WAVE/SPEAKER0113/001130019.WAV,LISA CAN DRAW THE ZEBRA,0113
001130021,WAVE/SPEAKER0113/001130021.WAV,TOM LIVES IN FRANCE,0113
001130023,WAVE/SPEAKER0113/001130023.WAV,ANDY IS FROM LAOS,0113
001130024,WAVE/SPEAKER0113/001130024.WAV,JOHN LOVES AMERICA,0113
001130039,WAVE/SPEAKER0113/001130039.WAV,NINE TWO ONE ONE,0113
001130047,WAVE/SPEAKER0113/001130047.WAV,SIX SEVEN NINE SEVEN,0113
001130054,WAVE/SPEAKER0113/001130054.WAV,TWO THREE ZERO ZERO,0113
001130073,WAVE/SPEAKER0113/001130073.WAV,MANDY GIVES UP ROWING,0113
001130074,WAVE/SPEAKER0113/001130074.WAV,TEDDY LIKES GOLF,0113
001130082,WAVE/SPEAKER0113/001130082.WAV,KATE LIKES FISH,0113
001130087,WAVE/SPEAKER0113/001130087.WAV,LET'S DRAW ANN'S ARM,0113
001130102,WAVE/SPEAKER0113/001130102.WAV,TOM NEEDS NEW SHORTS,0113
001130118,WAVE/SPEAKER0113/001130118.WAV,TINA CAN SEE THE CAFE,0113
001130123,WAVE/SPEAKER0113/001130123.WAV,ANN WAS WALKING TO MUSIC ROOM,0113
001130138,WAVE/SPEAKER0113/001130138.WAV,MARY IS NOT A DRIVER,0113
001130155,WAVE/SPEAKER0113/001130155.WAV,AND I'M A CAT,0113
001130168,WAVE/SPEAKER0113/001130168.WAV,AND THE BUS TO DRIVE,0113
001130173,WAVE/SPEAKER0113/001130173.WAV,WHO WANTS SOME,0113
001140008,WAVE/SPEAKER0114/001140008.WAV,MIKE HAS GOT THE LONGAN,0114
001140045,WAVE/SPEAKER0114/001140045.WAV,TWO SIX ZERO THREE,0114
001140046,WAVE/SPEAKER0114/001140046.WAV,EIGHT SEVEN SIX SIX,0114
001140049,WAVE/SPEAKER0114/001140049.WAV,SIX ZERO FOUR SIX,0114
001140054,WAVE/SPEAKER0114/001140054.WAV,THREE FOUR THREE NINE,0114
001140056,WAVE/SPEAKER0114/001140056.WAV,JULY PURPLE NOVEMBER,0114
001140059,WAVE/SPEAKER0114/001140059.WAV,JEANS SIZE MUSHROOM,0114
001140064,WAVE/SPEAKER0114/001140064.WAV,PICTURE OFFICE HOMEWORK,0114
001140068,WAVE/SPEAKER0114/001140068.WAV,SHE IS GOOD AT TENNIS,0114
001140099,WAVE/SPEAKER0114/001140099.WAV,SANDY HAS A BEAUTIFUL CLOTH,0114
001140100,WAVE/SPEAKER0114/001140100.WAV,MANDY GOT THE TIE,0114
001140104,WAVE/SPEAKER0114/001140104.WAV,PETER GOT THE JACKET,0114
001140108,WAVE/SPEAKER0114/001140108.WAV,LOOK AT THIS BIG JEEP,0114
001140120,WAVE/SPEAKER0114/001140120.WAV,ALICE CAN SEE THE THEM PARK,0114
001140130,WAVE/SPEAKER0114/001140130.WAV,DORA LOVES YAM,0114
001140133,WAVE/SPEAKER0114/001140133.WAV,LISA GOT THE CABBAGE,0114
001140140,WAVE/SPEAKER0114/001140140.WAV,BILLY IS NOT A NURSE,0114
001140146,WAVE/SPEAKER0114/001140146.WAV,LILLY LIKES THE BIG GEN CITY TOKYO,0114
001140159,WAVE/SPEAKER0114/001140159.WAV,THEN LISTEN TO ME,0114
001140163,WAVE/SPEAKER0114/001140163.WAV,I'M IN THE SEA,0114
001200015,WAVE/SPEAKER0120/001200015.WAV,WE WERE FORTUNATE TO GET BACK INTO THE BALL GAME,0120
001200016,WAVE/SPEAKER0120/001200016.WAV,HE'S HAD A TRAFFIC HIGH SCHOOL CAREER,0120
001200050,WAVE/SPEAKER0120/001200050.WAV,I WILL PUT PRESSURE ON HIM AND MAKE HIM MISS,0120
001200081,WAVE/SPEAKER0120/001200081.WAV,I THINK IT'S A WONDERFUL CONCEPT,0120
001200098,WAVE/SPEAKER0120/001200098.WAV,THIS WAS ONE OF OUR BETTER GAMES,0120
001200103,WAVE/SPEAKER0120/001200103.WAV,AT MY AGE YOU HAVE TO BE MORE CAREFUL,0120
001200114,WAVE/SPEAKER0120/001200114.WAV,WE ARE HERE TO PROVIDE THAT SERVICE FOR THEM,0120
001200121,WAVE/SPEAKER0120/001200121.WAV,YOU AND I WILL BE THERE,0120
001200126,WAVE/SPEAKER0120/001200126.WAV,NO YOU HAVE TO PICK,0120
001200145,WAVE/SPEAKER0120/001200145.WAV,SATURDAY IS GOING TO BE A LOT OF FUN,0120
001200146,WAVE/SPEAKER0120/001200146.WAV,THANK YOU SO MUCH FOR MAKING THE EFFORT,0120
001200159,WAVE/SPEAKER0120/001200159.WAV,I WAS LOOKING FOR HIM,0120
001200161,WAVE/SPEAKER0120/001200161.WAV,LITERALLY RIGHT IN FRONT OF MY CAR,0120
001200162,WAVE/SPEAKER0120/001200162.WAV,THIS IS THE BEST ONE YET,0120
001200168,WAVE/SPEAKER0120/001200168.WAV,EASILY ONE OF THE BEST IN THE WORLD,0120
001200209,WAVE/SPEAKER0120/001200209.WAV,YOU CAN COME AND TALK TO PEOPLE YOURSELF,0120
001200210,WAVE/SPEAKER0120/001200210.WAV,I WOULD LIKE TO SET UP AN INTERVIEW WITH YOU,0120
001200306,WAVE/SPEAKER0120/001200306.WAV,THE OTHERS WERE TO COME AND SEE IT,0120
001200338,WAVE/SPEAKER0120/001200338.WAV,BUT THE SILENCE WAS DIFFICULT,0120
001200350,WAVE/SPEAKER0120/001200350.WAV,HE LOOKED AT HIM LONG AND CURIOUSLY,0120
001220013,WAVE/SPEAKER0122/001220013.WAV,LOOK AT THE WOLF,0122
001220015,WAVE/SPEAKER0122/001220015.WAV,TIM IS GOING TO SEE DEER,0122
001220021,WAVE/SPEAKER0122/001220021.WAV,SHE LOVES JAPAN,0122
001220031,WAVE/SPEAKER0122/001220031.WAV,SIX NINE FIVE SIX,0122
001220034,WAVE/SPEAKER0122/001220034.WAV,THREE EIGHT FOUR SEVEN,0122
001220037,WAVE/SPEAKER0122/001220037.WAV,FOUR FOUR ZERO,0122
001220038,WAVE/SPEAKER0122/001220038.WAV,SEVEN FOUR FOUR ONE,0122
001220051,WAVE/SPEAKER0122/001220051.WAV,NINE SIX TWO FOUR,0122
001220068,WAVE/SPEAKER0122/001220068.WAV,SANDY LIKES SKIN,0122
001220093,WAVE/SPEAKER0122/001220093.WAV,YOU NEED NEW GLOVES,0122
001220101,WAVE/SPEAKER0122/001220101.WAV,LOOK AT LISA SCARF,0122
001220104,WAVE/SPEAKER0122/001220104.WAV,MARK GOT A SHOE,0122
001220127,WAVE/SPEAKER0122/001220127.WAV,BILL IS DRAWING TRAIN BEAN,0122
001220129,WAVE/SPEAKER0122/001220129.WAV,MARK LIKE A CABBAGE,0122
001220137,WAVE/SPEAKER0122/001220137.WAV,MARY WANTS TO BE A STUDENT,0122
001220138,WAVE/SPEAKER0122/001220138.WAV,MARK IS NOT A FARMER,0122
001220159,WAVE/SPEAKER0122/001220159.WAV,WHAT HAVE WE HERE,0122
001220163,WAVE/SPEAKER0122/001220163.WAV,LOOK AT THE SHEEP,0122
001220166,WAVE/SPEAKER0122/001220166.WAV,DADDY WE CAN SEE YOU,0122
001220168,WAVE/SPEAKER0122/001220168.WAV,DO YOU WANT SOME CAN,0122
001330002,WAVE/SPEAKER0133/001330002.WAV,JAYME LIKES YELLOW,0133
001330027,WAVE/SPEAKER0133/001330027.WAV,NINE THREE TWO,0133
001330033,WAVE/SPEAKER0133/001330033.WAV,THREE SIX NINE EIGHT,0133
001330057,WAVE/SPEAKER0133/001330057.WAV,JACK LIKES HOT DOG,0133
001330067,WAVE/SPEAKER0133/001330067.WAV,BY BILLY'S MOUTH,0133
001330068,WAVE/SPEAKER0133/001330068.WAV,BY STEVEN'S KING,0133
001330075,WAVE/SPEAKER0133/001330075.WAV,PETER LIKES YOUR RED CLOUD,0133
001330097,WAVE/SPEAKER0133/001330097.WAV,SANDY CAN SEEN THE GARDEN,0133
001330099,WAVE/SPEAKER0133/001330099.WAV,PETER IS WAS WALKING TO STUDY,0133
001330112,WAVE/SPEAKER0133/001330112.WAV,DAVID THIS IS PEA,0133
001330115,WAVE/SPEAKER0133/001330115.WAV,ANDY IS NOT A REAL NURSE,0133
001330118,WAVE/SPEAKER0133/001330118.WAV,LUCY WANTS TO BE A GOOD FARMER,0133
001330126,WAVE/SPEAKER0133/001330126.WAV,STEVEN LIKES THE FARMER CITY SANDY,0133
001330128,WAVE/SPEAKER0133/001330128.WAV,SHE LIKES THE FARMER CITY SANDY,0133
001330129,WAVE/SPEAKER0133/001330129.WAV,I CAN SMELL THE SOAP,0133
001330143,WAVE/SPEAKER0133/001330143.WAV,I WILL HAVE MY REVENGE,0133
001330146,WAVE/SPEAKER0133/001330146.WAV,AND WE WERE MAKE THE CUPS,0133
001330155,WAVE/SPEAKER0133/001330155.WAV,YOU ARE PRINTERS,0133
001330170,WAVE/SPEAKER0133/001330170.WAV,THE CUB IS MINE,0133
001330172,WAVE/SPEAKER0133/001330172.WAV,I CAN'T BELIEVE THAT,0133
001490002,WAVE/SPEAKER0149/001490002.WAV,PITY LIKES A BLUE BALLON,0149
001490016,WAVE/SPEAKER0149/001490016.WAV,JACK WENT TO SEE TIGER,0149
001490024,WAVE/SPEAKER0149/001490024.WAV,DAVID LIVES IN JAPAN,0149
001490032,WAVE/SPEAKER0149/001490032.WAV,FOUR TWO SIX SIX,0149
001490039,WAVE/SPEAKER0149/001490039.WAV,SEVEN THREE NINE NINE,0149
001490045,WAVE/SPEAKER0149/001490045.WAV,SANDY IS GOOD AT ROCK CLIMBING,0149
001490052,WAVE/SPEAKER0149/001490052.WAV,TINA IS GOOD AT RUNNING,0149
001490056,WAVE/SPEAKER0149/001490056.WAV,LILLY LATE A LITTLE RICE,0149
001490077,WAVE/SPEAKER0149/001490077.WAV,LILLY LIKES LIKES YOUR RED GLOVES,0149
001490080,WAVE/SPEAKER0149/001490080.WAV,CASEY LIKES YOUR BLUE BOOTS,0149
001490093,WAVE/SPEAKER0149/001490093.WAV,HENNY CAN SEE THE CLASSROOM,0149
001490101,WAVE/SPEAKER0149/001490101.WAV,WHEN ANDY WALKED TO LIBRARY,0149
001490109,WAVE/SPEAKER0149/001490109.WAV,MIKE GOT THE PEN,0149
001490127,WAVE/SPEAKER0149/001490127.WAV,HENNY LIVES IN SYDNEY NOW,0149
001490131,WAVE/SPEAKER0149/001490131.WAV,I ASKED MY MOON,0149
001490138,WAVE/SPEAKER0149/001490138.WAV,DAD GOT TWO PAINTS,0149
001490153,WAVE/SPEAKER0149/001490153.WAV,AT SCHOOL BEN WAS PLAYING,0149
001490155,WAVE/SPEAKER0149/001490155.WAV,WELL MOTHER,0149
001490161,WAVE/SPEAKER0149/001490161.WAV,HERE IS YOUR CHEESE,0149
001490171,WAVE/SPEAKER0149/001490171.WAV,PLEASE PLEASE,0149
001570024,WAVE/SPEAKER0157/001570024.WAV,THE RESEARCHERS FOUND THAT TO BE THE CASE,0157
001570030,WAVE/SPEAKER0157/001570030.WAV,THEREFORE THE PICTURE WAS RATED ACCEPTABLE BY THE SOCIETY,0157
001570034,WAVE/SPEAKER0157/001570034.WAV,HE WAS MORE THAN DUE TO BREAK OUT,0157
001570061,WAVE/SPEAKER0157/001570061.WAV,NO ONE WAS WOUNDED IN THAT ATTACK,0157
001570072,WAVE/SPEAKER0157/001570072.WAV,THERE ARE GOOD ONES IN THE FIRST ROUND,0157
001570100,WAVE/SPEAKER0157/001570100.WAV,YOU HAVE TO BE VERY LOOSE,0157
001570165,WAVE/SPEAKER0157/001570165.WAV,WANTED TO TAKE MY SON,0157
001570185,WAVE/SPEAKER0157/001570185.WAV,WELL YOU HAVE A GREAT NIGHT,0157
001570194,WAVE/SPEAKER0157/001570194.WAV,WE LOVE TO KNOW THAT WE ARE NOT ALONE,0157
001570203,WAVE/SPEAKER0157/001570203.WAV,I NEED TO TAKE A VACATION,0157
001570212,WAVE/SPEAKER0157/001570212.WAV,I WANT TO BUY A NEW COMPUTER,0157
001570216,WAVE/SPEAKER0157/001570216.WAV,NO ONE IS ALLOWED TO HAVE OPINIONS,0157
001570269,WAVE/SPEAKER0157/001570269.WAV,NO OF COURSE NEITHER OF THEM SHOULD BE ASHAMED,0157
001570272,WAVE/SPEAKER0157/001570272.WAV,YOU DO HAVE A SOUL,0157
001570290,WAVE/SPEAKER0157/001570290.WAV,WONDERING HOW MANY PEOPLE HAVE IT,0157
001570316,WAVE/SPEAKER0157/001570316.WAV,HE WATCHES A FAIR AMOUNT OF TELEVISION,0157
001570324,WAVE/SPEAKER0157/001570324.WAV,HERE IS A GENUINE MAN KING WAS THINKING,0157
001570325,WAVE/SPEAKER0157/001570325.WAV,HE HANDED THEM OUT AND WAS VERY SPECIFIC,0157
001570361,WAVE/SPEAKER0157/001570361.WAV,PRESENTLY HOWEVER IT WAS BROKEN,0157
001570378,WAVE/SPEAKER0157/001570378.WAV,I WAS JUST THINKING OF SOMETHING ELSE,0157
003060002,WAVE/SPEAKER0306/003060002.WAV,JUST SET HOOK AND PUT THE PRESSURE,0306
003060017,WAVE/SPEAKER0306/003060017.WAV,SO MUCH FOR A UNITED FRONT,0306
003060025,WAVE/SPEAKER0306/003060025.WAV,BUT THE STREETS WERE RELATIVELY CALM SATURDAY MORNING,0306
003060028,WAVE/SPEAKER0306/003060028.WAV,PEOPLE MAKE THINGS A LOT MORE DIFFICULT THAN THEY ARE,0306
003060064,WAVE/SPEAKER0306/003060064.WAV,IF YOU KEEP IT IN YOU HAD BETTER BE RIGHT,0306
003060087,WAVE/SPEAKER0306/003060087.WAV,IT WAS THEY ONLY HIT OF THEY CONTEST,0306
003060107,WAVE/SPEAKER0306/003060107.WAV,THE BALL IS IN THEIR COURT NOW,0306
003060161,WAVE/SPEAKER0306/003060161.WAV,WHAT WHAT WOULD HAVE YOU HAPPEN,0306
003060186,WAVE/SPEAKER0306/003060186.WAV,YES GOOD MORNING TO YOU TOO,0306
003060226,WAVE/SPEAKER0306/003060226.WAV,MAKE SURE YOU HAVE A GREAT ONE,0306
003060229,WAVE/SPEAKER0306/003060229.WAV,NOT SORRY FOR THE LANGUAGE,0306
003060235,WAVE/SPEAKER0306/003060235.WAV,GETTING READY TO GO BOXING,0306
003060245,WAVE/SPEAKER0306/003060245.WAV,WANT US TO GIVE YOU A CALL THEM,0306
003060259,WAVE/SPEAKER0306/003060259.WAV,END OF THE ROAD FOR SOME PLAYERS,0306
003060263,WAVE/SPEAKER0306/003060263.WAV,THEY FALL IN LOVE WITH MY PERSONALITY NOT ME,0306
003060285,WAVE/SPEAKER0306/003060285.WAV,THIS IS ANOTHER WAY TO GO ABOUT IT,0306
003060291,WAVE/SPEAKER0306/003060291.WAV,I THINK IT'S STILL A MATTER OF TASTE THROUGH,0306
003060306,WAVE/SPEAKER0306/003060306.WAV,IT WAS NOT MY HEART THAT HE WAS AFTER,0306
003060319,WAVE/SPEAKER0306/003060319.WAV,I SAY INTO THE PHONE,0306
003060337,WAVE/SPEAKER0306/003060337.WAV,HE CONTROLLED HIMSELF WITH AN EFFORT,0306
004570010,WAVE/SPEAKER0457/004570010.WAV,AFTER ALL THEY ONLY HAVE THEY OWN PROPERTY AT RISK,0457
004570071,WAVE/SPEAKER0457/004570071.WAV,YOU HAD TO STAY WITH LEADERS,0457
004570074,WAVE/SPEAKER0457/004570074.WAV,TELL THEM TO COME AND TAKE ME FROM HERE,0457
004570106,WAVE/SPEAKER0457/004570106.WAV,HE WILL WEAR AN ELECTRONIC MONITOR,0457
004570124,WAVE/SPEAKER0457/004570124.WAV,THANK YOU SO MUCH FOR IT,0457
004570129,WAVE/SPEAKER0457/004570129.WAV,OR WHEN YOU OPEN THE OVEN,0457
004570137,WAVE/SPEAKER0457/004570137.WAV,MAKES ME FEEL BETTER ABOUT LIFE,0457
004570145,WAVE/SPEAKER0457/004570145.WAV,THANKS GOD I GET TO SLEEP IN TOMORROW,0457
004570146,WAVE/SPEAKER0457/004570146.WAV,CREATE TO BE HAPPY AND GOOD,0457
004570167,WAVE/SPEAKER0457/004570167.WAV,ABOUT TO GO TO LUNCH,0457
004570237,WAVE/SPEAKER0457/004570237.WAV,ACTUALLY I'M LOOKING FORWARD TO THAT MYSELF,0457
004570256,WAVE/SPEAKER0457/004570256.WAV,WHAT IS THE BEST MONTH OF THE YEAR,0457
004570259,WAVE/SPEAKER0457/004570259.WAV,WHEN NO ONE KNOWS MUCH ABOUT YOU YOU HAVE PEACE,0457
004570268,WAVE/SPEAKER0457/004570268.WAV,IT'S A HUMAN BEING THING,0457
004570283,WAVE/SPEAKER0457/004570283.WAV,THERE IS NO RIGHT OR WRONG WAY TO MAKE ART,0457
004570289,WAVE/SPEAKER0457/004570289.WAV,IT'S SO GOOD TO BE HOME FOR AN ENTIRE WEEK,0457
004570300,WAVE/SPEAKER0457/004570300.WAV,PEOPLE CAN DO WHAT THEY WANT WITH THEIR SPOONS,0457
004570304,WAVE/SPEAKER0457/004570304.WAV,GET OUT OF MY BED,0457
004570306,WAVE/SPEAKER0457/004570306.WAV,THERE IS NO END TO PREVENTION,0457
004570374,WAVE/SPEAKER0457/004570374.WAV,IT WILL HAVE A BODY AGAIN,0457
004610037,WAVE/SPEAKER0461/004610037.WAV,BUT THAT'S ANOTHER STORY ALTOGETHER,0461
004610054,WAVE/SPEAKER0461/004610054.WAV,IT WAS VERY VERY STRANGE,0461
004610065,WAVE/SPEAKER0461/004610065.WAV,NATIONALLY THOUGH THE TREND IS BEGINNING TO TURN UPWARD AGAIN,0461
004610129,WAVE/SPEAKER0461/004610129.WAV,WORRY IS PART OF LIFE,0461
004610148,WAVE/SPEAKER0461/004610148.WAV,NO NEED FOR A DOCK,0461
004610151,WAVE/SPEAKER0461/004610151.WAV,TIME FOR A BIT OF HONOR,0461
004610176,WAVE/SPEAKER0461/004610176.WAV,CHECK OUT FOR THE WIN,0461
004610177,WAVE/SPEAKER0461/004610177.WAV,IT'S GOING TO BE A BUSY WEEK,0461
004610182,WAVE/SPEAKER0461/004610182.WAV,I HAVE NO ONE BUT MYSELF TO BLAMES FOR THIS,0461
004610227,WAVE/SPEAKER0461/004610227.WAV,WHAT A PERFECT ENDING TO THE DAY,0461
004610230,WAVE/SPEAKER0461/004610230.WAV,LOVING LIFE AND ALL THE PEOPLE IN MINE,0461
004610231,WAVE/SPEAKER0461/004610231.WAV,COOL FOR HIM TO STICK UP FOR HER,0461
004610238,WAVE/SPEAKER0461/004610238.WAV,DEPENDS ON A NUMBER OF THINGS,0461
004610239,WAVE/SPEAKER0461/004610239.WAV,THAT WAS HEAD TO SAY,0461
004610246,WAVE/SPEAKER0461/004610246.WAV,WANT TO GO FOR A WALK,0461
004610266,WAVE/SPEAKER0461/004610266.WAV,CHEERS TO A GREAT GROUP,0461
004610290,WAVE/SPEAKER0461/004610290.WAV,FIRST PLACE IN THE DIVISION,0461
004610298,WAVE/SPEAKER0461/004610298.WAV,MOVE THE STAR WITH MORE MOVES,0461
004610362,WAVE/SPEAKER0461/004610362.WAV,IT'S BEING USED TO MAKE MORE MONEY,0461
004610373,WAVE/SPEAKER0461/004610373.WAV,IT WAS DIFFICULT TO GET THERE,0461
005630017,WAVE/SPEAKER0563/005630017.WAV,HE WAS THOUGHT OF THAT HIGHLY,0563
005630044,WAVE/SPEAKER0563/005630044.WAV,HOWEVER HE IS NOT LEGALLY RESPONSIBLE,0563
005630072,WAVE/SPEAKER0563/005630072.WAV,SO WE PUT HIM IN THE AD,0563
005630081,WAVE/SPEAKER0563/005630081.WAV,HE LOVED THE GAME AND HE LOVED TALKING ABOUT IT,0563
005630122,WAVE/SPEAKER0563/005630122.WAV,YOUR THE REASON I MAKE IT THROUGH THE DAY,0563
005630127,WAVE/SPEAKER0563/005630127.WAV,WATCH HERE TO SEE IF YOU ARE A WINNER,0563
005630142,WAVE/SPEAKER0563/005630142.WAV,AUSTRALIA WHAT IS WRONG WITH YOU,0563
005630147,WAVE/SPEAKER0563/005630147.WAV,HOW OLD IS THE INNER YOU,0563
005630151,WAVE/SPEAKER0563/005630151.WAV,NOT FOR HIMSELF BUT FOR THE OTHERS,0563
005630160,WAVE/SPEAKER0563/005630160.WAV,BUT FOR A GOOD CAUSE,0563
005630169,WAVE/SPEAKER0563/005630169.WAV,I HAD A GREAT TIME THIS WEEK,0563
005630195,WAVE/SPEAKER0563/005630195.WAV,WHEN YOU NEED TO CRY YOU CRY,0563
005630225,WAVE/SPEAKER0563/005630225.WAV,CAN YOU SEE WHAT IS WHAT IT WAS FOR,0563
005630267,WAVE/SPEAKER0563/005630267.WAV,COFFEE IS FOR THE WEAK,0563
005630284,WAVE/SPEAKER0563/005630284.WAV,LOOKING FORWARD TO GETTING BACK TO WORK,0563
005630291,WAVE/SPEAKER0563/005630291.WAV,I WOULD LIKE TO SPEND SOME MONEY ON YOUR SITE,0563
005630302,WAVE/SPEAKER0563/005630302.WAV,WE CAN SEE IT NOW,0563
005630315,WAVE/SPEAKER0563/005630315.WAV,EVERYBODY NOWADAYS MUST SUFFER BECAUSE THEY DO NOT KNOW THEMSELVES,0563
005630330,WAVE/SPEAKER0563/005630330.WAV,I LOOKED BUT COULD SEE NOTHING,0563
005630375,WAVE/SPEAKER0563/005630375.WAV,SHE WAS ALMOST LIKE A BOY,0563
005670043,WAVE/SPEAKER0567/005670043.WAV,WHO KNOWS WHAT TO EXPECT,0567
005670055,WAVE/SPEAKER0567/005670055.WAV,PEOPLE WERE SCREAMING AND SHOUTING,0567
005670113,WAVE/SPEAKER0567/005670113.WAV,SOME WONDER IF THEY EVER WILL,0567
005670122,WAVE/SPEAKER0567/005670122.WAV,WHAT DO YOU LIKE TO TRAIN,0567
005670125,WAVE/SPEAKER0567/005670125.WAV,UNLUCKY LOOKS LIKE WE WERE THE BETTER TEAM,0567
005670137,WAVE/SPEAKER0567/005670137.WAV,WHAT'S WRONG WITH THE SITE,0567
005670147,WAVE/SPEAKER0567/005670147.WAV,BELIEF IS THE DEATH OF REASON,0567
005670155,WAVE/SPEAKER0567/005670155.WAV,HER IS NOT IN THE MILITARY,0567
005670159,WAVE/SPEAKER0567/005670159.WAV,ALL I CAN DO FOR YOU NOW,0567
005670160,WAVE/SPEAKER0567/005670160.WAV,BECAUSE IT'S NOT IN THE MOVE,0567
005670189,WAVE/SPEAKER0567/005670189.WAV,I SEE YOU WHEN YOU GET THERE,0567
005670198,WAVE/SPEAKER0567/005670198.WAV,SO IT'S GOOD THING FOR HIM,0567
005670282,WAVE/SPEAKER0567/005670282.WAV,THIS WILL BE A WILD RIDE TO THE FINISH,0567
005670289,WAVE/SPEAKER0567/005670289.WAV,HE'S REASON FOR THE SEASON,0567
005670292,WAVE/SPEAKER0567/005670292.WAV,LAY OFF GIVE IT A REST,0567
005670303,WAVE/SPEAKER0567/005670303.WAV,THIS LIFE IS THE BEST LIFE,0567
005670310,WAVE/SPEAKER0567/005670310.WAV,WHAT THEY WE WERE DOING THERE,0567
005670320,WAVE/SPEAKER0567/005670320.WAV,YOU WERE SOME SORT OF OFFICIAL,0567
005670348,WAVE/SPEAKER0567/005670348.WAV,I WILL KNOW WHAT TO DO,0567
005670356,WAVE/SPEAKER0567/005670356.WAV,A SURGEON WAS AT WORK AMONG THE SUFFERERS,0567
007360004,WAVE/SPEAKER0736/007360004.WAV,THIS PAST WEEK HE PICKED IT UP AGAIN,0736
007360006,WAVE/SPEAKER0736/007360006.WAV,HE'S JUST BEING HIMSELF AND THAT'S ALL WE NEED,0736
007360036,WAVE/SPEAKER0736/007360036.WAV,I THOUGHT IT WOULD FIT RIGHT IN,0736
007360045,WAVE/SPEAKER0736/007360045.WAV,WHICH GIVE IS YOU AN IDEA,0736
007360055,WAVE/SPEAKER0736/007360055.WAV,WE LOOK FORWARD TO HAVING THEM CAME ON,0736
007360108,WAVE/SPEAKER0736/007360108.WAV,THE CRIME RATE IS HIGH,0736
007360181,WAVE/SPEAKER0736/007360181.WAV,CHECK IT OUT YOU WILL NOT TO AN DISAPPOINTED,0736
007360196,WAVE/SPEAKER0736/007360196.WAV,GIRL YOU ALL YOU ALREADY KNOW THE ANSWER TO THAT,0736
007360205,WAVE/SPEAKER0736/007360205.WAV,WHAT IS GOING ON IN MY LIFE RIGHT NOW,0736
007360212,WAVE/SPEAKER0736/007360212.WAV,BUT THEY IT'S THE SING PRINCIPLE,0736
007360233,WAVE/SPEAKER0736/007360233.WAV,WHAT'S A COUPLE OF YEARS,0736
007360247,WAVE/SPEAKER0736/007360247.WAV,I NEED TO GO TO THE BAN,0736
007360249,WAVE/SPEAKER0736/007360249.WAV,THEN A FRIEND OF THE WORLD,0736
007360250,WAVE/SPEAKER0736/007360250.WAV,HOW DO YOU THINK THIS PICTURE,0736
007360280,WAVE/SPEAKER0736/007360280.WAV,I NEED TO KEEP A CLOSE EYE ON MY SON,0736
007360281,WAVE/SPEAKER0736/007360281.WAV,SEE YOU IN THE SKIN,0736
007360296,WAVE/SPEAKER0736/007360296.WAV,WE REALLY NEED TO TRY AND GET TOGETHER,0736
007360299,WAVE/SPEAKER0736/007360299.WAV,THOSE ARE NOT PART OF THE RULES,0736
007360305,WAVE/SPEAKER0736/007360305.WAV,NOW THERE'S A SPECIAL MAGICAL,0736
007360374,WAVE/SPEAKER0736/007360374.WAV,WELL THEN I DO KNOW,0736
007650036,WAVE/SPEAKER0765/007650036.WAV,HOWEVER MARKET CONDITIONS HAVE LEFT US WITH NO OTHER CHOICE,0765
007650061,WAVE/SPEAKER0765/007650061.WAV,NEARLY ALL REPUBLICANS VOTED AGAINST THE MEASURE,0765
007650076,WAVE/SPEAKER0765/007650076.WAV,I CAN UNDERSTAND HIS DESIRE TO GET ANOTHER OPINION,0765
007650078,WAVE/SPEAKER0765/007650078.WAV,A YEAR LATER THE PLANT WAS CLOSED,0765
007650084,WAVE/SPEAKER0765/007650084.WAV,DEFINE YOUR OWN ROLE IN A SITUATION,0765
007650089,WAVE/SPEAKER0765/007650089.WAV,BUT HE IS EXPECTED TO BE FULL STRENGTH HIS WEEK,0765
007650116,WAVE/SPEAKER0765/007650116.WAV,MONEY IS THE REASON FOR SUCCESS,0765
007650131,WAVE/SPEAKER0765/007650131.WAV,I LEARNED A LOT DURING THE LAST FEW HOURS,0765
007650174,WAVE/SPEAKER0765/007650174.WAV,MISSING YOU USED TO BE EASY,0765
007650181,WAVE/SPEAKER0765/007650181.WAV,I MAY NOT BE ALL THAT TO YOU,0765
007650192,WAVE/SPEAKER0765/007650192.WAV,SO IT'S THAT KIND OF PARTY,0765
007650197,WAVE/SPEAKER0765/007650197.WAV,WHEN ARE YOU GOING TO BE BACK,0765
007650254,WAVE/SPEAKER0765/007650254.WAV,EVERYTHING IS IN GOD'S WORD,0765
007650271,WAVE/SPEAKER0765/007650271.WAV,SOUNDS LIKE A GOOD CHALLENGE,0765
007650294,WAVE/SPEAKER0765/007650294.WAV,YOU NEED TO MAKE A TRIP HERE,0765
007650337,WAVE/SPEAKER0765/007650337.WAV,I SEE THAT NOW IT IS TOO NIGHT,0765
007650346,WAVE/SPEAKER0765/007650346.WAV,HOLDING THE CUTS CLOSE CLOSED,0765
007650352,WAVE/SPEAKER0765/007650352.WAV,I PUT THE GUN DOWN,0765
007650369,WAVE/SPEAKER0765/007650369.WAV,I SHALL BE AT HAND FOR THE TRIAL,0765
007650377,WAVE/SPEAKER0765/007650377.WAV,SOME THERE ARE WHO CAN SEE AND GO FORTH,0765
008110043,WAVE/SPEAKER0811/008110043.WAV,AND STATES HAVE NOT HAD MUCH TIME,0811
008110049,WAVE/SPEAKER0811/008110049.WAV,WE FEEL THE PUBLIC IS BEING USED,0811
008110106,WAVE/SPEAKER0811/008110106.WAV,WE SHOULD HAVE A LITTLE MORE CONFIDENCE,0811
008110107,WAVE/SPEAKER0811/008110107.WAV,I WAS TURNED AROUND TO GET THE PLANE THAT FIRED,0811
008110110,WAVE/SPEAKER0811/008110110.WAV,GUNS WERE USED FOR ABOUT THREE OF EVERY FIVE KILLINGS,0811
008110113,WAVE/SPEAKER0811/008110113.WAV,THAT'S THE WAY I WANT TO BE,0811
008110116,WAVE/SPEAKER0811/008110116.WAV,IT WAS NOTHING SHORT OF MAGIC,0811
008110147,WAVE/SPEAKER0811/008110147.WAV,CAN WE JUST GET BACK TO THE ADS PLEASE,0811
008110159,WAVE/SPEAKER0811/008110159.WAV,LET US KNOW IF YOU HAVE ANY OTHER QUESTIONS,0811
008110175,WAVE/SPEAKER0811/008110175.WAV,I WANT TO GO BAD,0811
008110204,WAVE/SPEAKER0811/008110204.WAV,SO BEAUTIFUL I WANT TO SEE INSIDE,0811
008110209,WAVE/SPEAKER0811/008110209.WAV,IN THE POLICE STATE NONE OF US ARE SAFE,0811
008110224,WAVE/SPEAKER0811/008110224.WAV,WELCOME THIS YOUR HOME,0811
008110247,WAVE/SPEAKER0811/008110247.WAV,EVEN THEN HE WANT TO WIN,0811
008110258,WAVE/SPEAKER0811/008110258.WAV,SMILE TO COVER UP THE PAIN,0811
008110286,WAVE/SPEAKER0811/008110286.WAV,EVERYTHING IS STARTING TO FALL INTO PLACE PERFECTLY,0811
008110287,WAVE/SPEAKER0811/008110287.WAV,SORRY NOT A FAN OF THAT DECISION,0811
008110307,WAVE/SPEAKER0811/008110307.WAV,THERE WAS A GENTLE KNOCK ON THE DOOR,0811
008110340,WAVE/SPEAKER0811/008110340.WAV,BUT THE EYES WERE STRIKING,0811
008110371,WAVE/SPEAKER0811/008110371.WAV,YOU HAVE ONLY TO GO ON,0811
009810029,WAVE/SPEAKER0981/009810029.WAV,HUMAN ERROR CAN ALSO BE A FACTOR,0981
009810073,WAVE/SPEAKER0981/009810073.WAV,BUT IT'S JUST A MATTER OF TIME,0981
009810075,WAVE/SPEAKER0981/009810075.WAV,I THINK IT'S GOING TO BE A VERY PHYSICAL GAME,0981
009810106,WAVE/SPEAKER0981/009810106.WAV,HE COULD SING ANY PART IN A SONG,0981
009810112,WAVE/SPEAKER0981/009810112.WAV,IT MAKES YOU WANT TO EAT THE CAKE,0981
009810153,WAVE/SPEAKER0981/009810153.WAV,NOW IT FEELS LIKE HOME,0981
009810155,WAVE/SPEAKER0981/009810155.WAV,AND ALL YOU CAN DO IS ENOUGH,0981
009810196,WAVE/SPEAKER0981/009810196.WAV,HE WILL RANK AT THE BOTTOM OF THE LIST,0981
009810200,WAVE/SPEAKER0981/009810200.WAV,IT'S A BOTTLE OF WATER,0981
009810204,WAVE/SPEAKER0981/009810204.WAV,ASH MAKES IT DIFFICULT TO RETURN TO WORK AFTER LUNCH,0981
009810230,WAVE/SPEAKER0981/009810230.WAV,GREAT THAT YOU ARE SO NICE TO YOUR FANS,0981
009810235,WAVE/SPEAKER0981/009810235.WAV,ALL BACK TO NORMAL TOMORROW,0981
009810249,WAVE/SPEAKER0981/009810249.WAV,SOMETIMES YOU HAVE TO GIVE UP ONE PEOPLE,0981
009810258,WAVE/SPEAKER0981/009810258.WAV,GET ME OUT OF THIS PLACE NOW,0981
009810283,WAVE/SPEAKER0981/009810283.WAV,SO GLAD TO HAVE A GOOD MAN NOW,0981
009810293,WAVE/SPEAKER0981/009810293.WAV,BUT I WOULD LIKE TO KNOW,0981
009810305,WAVE/SPEAKER0981/009810305.WAV,NO HE'S GOING ON STRAIGHT,0981
009810327,WAVE/SPEAKER0981/009810327.WAV,HE MOTIONED THE TO THE YARD,0981
009810344,WAVE/SPEAKER0981/009810344.WAV,THIS IS NOT THE TREASURE,0981
009810349,WAVE/SPEAKER0981/009810349.WAV,I THOUGHT YOU WERE MARRIED,0981
010300003,WAVE/SPEAKER1030/010300003.WAV,THE RESULT WAS AN UPSET,1030
010300105,WAVE/SPEAKER1030/010300105.WAV,THE PAPER PUBLISHED NO DETAILS AND THERE WAS NO ATTACK,1030
010300106,WAVE/SPEAKER1030/010300106.WAV,PREVIOUSLY THIS WAS NOT THE CASE,1030
010300123,WAVE/SPEAKER1030/010300123.WAV,SHOW WILL NEVER BE THE SAME,1030
010300128,WAVE/SPEAKER1030/010300128.WAV,LIKE IS A STRONG WORD,1030
010300133,WAVE/SPEAKER1030/010300133.WAV,I WILL HAVE TO HAVE A LOOK,1030
010300153,WAVE/SPEAKER1030/010300153.WAV,REALITY IS THE LEADING CAUSE OF STRESS,1030
010300157,WAVE/SPEAKER1030/010300157.WAV,IT'S HARD TO LET GO OF TRADITIONS,1030
010300159,WAVE/SPEAKER1030/010300159.WAV,WHO'S RESPONSIBLE FOR THE FAILURE OF THIS TASK,1030
010300169,WAVE/SPEAKER1030/010300169.WAV,YOUR CARE FOR THE POOR,1030
010300194,WAVE/SPEAKER1030/010300194.WAV,DO THEY REALLY HAVE TO SAY THAT,1030
010300216,WAVE/SPEAKER1030/010300216.WAV,DO YOU KNOW WHO AND WHAT YOU ARE SUPPORTING,1030
010300217,WAVE/SPEAKER1030/010300217.WAV,AND KEEP IN TOUCH WITH HER,1030
010300236,WAVE/SPEAKER1030/010300236.WAV,GOOD MAN WILL BE MISSED,1030
010300275,WAVE/SPEAKER1030/010300275.WAV,WERE IS IT GOING TO BE HOT,1030
010300282,WAVE/SPEAKER1030/010300282.WAV,GREAT TO SEE YOU TWO,1030
010300298,WAVE/SPEAKER1030/010300298.WAV,JUST KEEP YOUR HEAD UP BROTHER,1030
010300316,WAVE/SPEAKER1030/010300316.WAV,HERE IS MY PHONE NUMBER IF YOU EVER NEED ANYTHING,1030
010300325,WAVE/SPEAKER1030/010300325.WAV,THE TWENTY THOUSAND POUNDS WERE NOTHING,1030
010300328,WAVE/SPEAKER1030/010300328.WAV,LET'S GET THEM INTO THAT FIELD,1030
010370025,WAVE/SPEAKER1037/010370025.WAV,THEN I WAS LOOKING TO DO SOMETHING BETTER,1037
010370070,WAVE/SPEAKER1037/010370070.WAV,IT WAS MORE THAN JUST ANOTHER HIT RECORD,1037
010370099,WAVE/SPEAKER1037/010370099.WAV,I NOW KNOW THE ANSWERS TO THOSE QUESTIONS,1037
010370102,WAVE/SPEAKER1037/010370102.WAV,I LEAVE IT TO THEM,1037
010370131,WAVE/SPEAKER1037/010370131.WAV,AND IT WAS A WHILE BACK,1037
010370140,WAVE/SPEAKER1037/010370140.WAV,OH AND ALSO THIS IS WHY YOU CONTRIBUTE TO THE,1037
010370202,WAVE/SPEAKER1037/010370202.WAV,SO KIND GOD BLESS YOU,1037
010370204,WAVE/SPEAKER1037/010370204.WAV,HOPING FOR A GREAT CAMPAIGN,1037
010370216,WAVE/SPEAKER1037/010370216.WAV,FINAL DAY OF THE MASTERS,1037
010370217,WAVE/SPEAKER1037/010370217.WAV,YOU WANT TO BE CAREFUL,1037
010370232,WAVE/SPEAKER1037/010370232.WAV,OH NOTHING IN THIS WORLD LASTS,1037
010370234,WAVE/SPEAKER1037/010370234.WAV,PROBABLY NOT THE BEST THING TO DO ON THE PLANE,1037
010370246,WAVE/SPEAKER1037/010370246.WAV,HOME EARLY FOR THE FIRST TIME ALL WEEK,1037
010370251,WAVE/SPEAKER1037/010370251.WAV,NOTHING TO GIVE UP FOR IT,1037
010370253,WAVE/SPEAKER1037/010370253.WAV,HOW WOULD YOU GET OUT OF THIS,1037
010370265,WAVE/SPEAKER1037/010370265.WAV,I MIGHT BE AWAY FOR A WEEK OR MORE,1037
010370290,WAVE/SPEAKER1037/010370290.WAV,SO GOOD TO HAVE YOU ON THE FIELD FINALLY,1037
010370309,WAVE/SPEAKER1037/010370309.WAV,LIGHT ARE THEY GOING TO GENTLE ME,1037
010370352,WAVE/SPEAKER1037/010370352.WAV,YOU JUST HAD TO LEARN TO IGNORE THEM,1037
010370380,WAVE/SPEAKER1037/010370380.WAV,YOUR JOBS ARE A JOKE,1037
010390004,WAVE/SPEAKER1039/010390004.WAV,IT MAKES ME FEEL GOOD ABOUT THE WHOLE BUSINESS,1039
010390027,WAVE/SPEAKER1039/010390027.WAV,IT'S IN OUR INTEREST AND THE PUBLIC INTEREST,1039
010390039,WAVE/SPEAKER1039/010390039.WAV,WELL LET'S TAKE A LOOK,1039
010390041,WAVE/SPEAKER1039/010390041.WAV,DO YOU TAKE HER IN,1039
010390064,WAVE/SPEAKER1039/010390064.WAV,IT'S THE BEST THING YOU CAN DO,1039
010390126,WAVE/SPEAKER1039/010390126.WAV,GOOD JOB WOULD BE PROUD,1039
010390166,WAVE/SPEAKER1039/010390166.WAV,JUST LOOK AT RECORD,1039
010390170,WAVE/SPEAKER1039/010390170.WAV,EASILY ONE OF YOUR BEST,1039
010390175,WAVE/SPEAKER1039/010390175.WAV,WHERE YOU CAN DO THAT AT,1039
010390183,WAVE/SPEAKER1039/010390183.WAV,IT WAS A GOOD SCORE,1039
010390189,WAVE/SPEAKER1039/010390189.WAV,CARS HAVE COME A LONG WAY TOO,1039
010390216,WAVE/SPEAKER1039/010390216.WAV,I WAS AT THE CONCERT,1039
010390218,WAVE/SPEAKER1039/010390218.WAV,HOPE YOU HAVE A GREAT DAY AT SCHOOL,1039
010390244,WAVE/SPEAKER1039/010390244.WAV,I JUST NEED TO HAVE A GOOD SUMMER,1039
010390257,WAVE/SPEAKER1039/010390257.WAV,ITS TIME TO MAKE THE CHANGE,1039
010390269,WAVE/SPEAKER1039/010390269.WAV,AND THANK YOU FOR SHARING,1039
010390285,WAVE/SPEAKER1039/010390285.WAV,WHICH DO YOU CHOOSE TO EXPRESS,1039
010390303,WAVE/SPEAKER1039/010390303.WAV,HERE'S THE FIRST NEW PIECES,1039
010390341,WAVE/SPEAKER1039/010390341.WAV,THEY HAVE ARRESTED YOU ON A CHARGE OF MURDER,1039
010390366,WAVE/SPEAKER1039/010390366.WAV,PEOPLE HAD NO RIGHT TO BE SO PASSIVE AND RESIGNED,1039
010460017,WAVE/SPEAKER1046/010460017.WAV,SAND RAN AWAY FROM THE DEER,1046
010460020,WAVE/SPEAKER1046/010460020.WAV,PETER CAN SEE THE PANDA,1046
010460030,WAVE/SPEAKER1046/010460030.WAV,TWO ZERO SIX FOUR,1046
010460034,WAVE/SPEAKER1046/010460034.WAV,ONE EIGHT TWO ZERO,1046
010460041,WAVE/SPEAKER1046/010460041.WAV,ZERO THREE ONE THREE,1046
010460050,WAVE/SPEAKER1046/010460050.WAV,TIM IS GOOD AT MOUNTAIN BANK,1046
010460053,WAVE/SPEAKER1046/010460053.WAV,I LIKE ICE SKATING,1046
010460061,WAVE/SPEAKER1046/010460061.WAV,LUCY SMALL FRIEND RICE,1046
010460066,WAVE/SPEAKER1046/010460066.WAV,DOES LAYLA LIKES THE FOOD FRIES,1046
010460079,WAVE/SPEAKER1046/010460079.WAV,JIM HAS A BIG HAD,1046
010460088,WAVE/SPEAKER1046/010460088.WAV,LUCY GOT THE SWEATER,1046
010460111,WAVE/SPEAKER1046/010460111.WAV,BILLY WAS WALKING TO BATHROOM,1046
010460114,WAVE/SPEAKER1046/010460114.WAV,SO LAND WENT INTO THE FAT,1046
010460120,WAVE/SPEAKER1046/010460120.WAV,TINA LOVES PEARL,1046
010460149,WAVE/SPEAKER1046/010460149.WAV,AND FROM AND MOTHER TOO,1046
010460152,WAVE/SPEAKER1046/010460152.WAV,YOU ARE LOT A DOG,1046
010460153,WAVE/SPEAKER1046/010460153.WAV,RELIES COME DO,1046
010460155,WAVE/SPEAKER1046/010460155.WAV,NO WHAT A GOOD MOTHER,1046
010460158,WAVE/SPEAKER1046/010460158.WAV,BUT IT'S NOT FOR YOU,1046
010460162,WAVE/SPEAKER1046/010460162.WAV,HOW A GOOD HAVE COME,1046
010500012,WAVE/SPEAKER1050/010500012.WAV,JAYME CAN PAINT THE PIG,1050
010500018,WAVE/SPEAKER1050/010500018.WAV,I LIKE KANGAROO,1050
010500028,WAVE/SPEAKER1050/010500028.WAV,THREE THREE SIX FOUR,1050
010500058,WAVE/SPEAKER1050/010500058.WAV,MANDY LIKES TOFU,1050
010500071,WAVE/SPEAKER1050/010500071.WAV,LYNDA HAS A BIG HAND,1050
010500073,WAVE/SPEAKER1050/010500073.WAV,LYNDA HAS A BIG FOOT,1050
010500083,WAVE/SPEAKER1050/010500083.WAV,LOWEN LIKES THE THE OLD T SHIRT,1050
010500085,WAVE/SPEAKER1050/010500085.WAV,TEDDY HAS A BEAUTIFUL PANTS,1050
010500089,WAVE/SPEAKER1050/010500089.WAV,LAYLA HAS A BEAUTIFUL HAT,1050
010500090,WAVE/SPEAKER1050/010500090.WAV,LOOK AT JAYME'S SNEAKERS,1050
010500100,WAVE/SPEAKER1050/010500100.WAV,GOT A BIG TAXI,1050
010500108,WAVE/SPEAKER1050/010500108.WAV,MANDY CAN SEE THE GREAT WALL,1050
010500110,WAVE/SPEAKER1050/010500110.WAV,LUCY CAN SEE THE HOMETOWN,1050
010500113,WAVE/SPEAKER1050/010500113.WAV,THEN TINA WALKED TO SCHOOL,1050
010500131,WAVE/SPEAKER1050/010500131.WAV,CASEY THIS IS A CORN,1050
010500147,WAVE/SPEAKER1050/010500147.WAV,JACK LIVES IN TONY NOW,1050
010500149,WAVE/SPEAKER1050/010500149.WAV,ENDING NOW WHAT ARE YOU GOING TO DO,1050
010500152,WAVE/SPEAKER1050/010500152.WAV,WHAT DO YOU GO IN FOR,1050
010500163,WAVE/SPEAKER1050/010500163.WAV,THE DESKS AND CHAIRS BROWN,1050
010500167,WAVE/SPEAKER1050/010500167.WAV,I'M SURE WE DO,1050
010610015,WAVE/SPEAKER1061/010610015.WAV,BILLY CAN SEE THE TURKEY,1061
010610017,WAVE/SPEAKER1061/010610017.WAV,AND THERE WAS DUCK,1061
010610024,WAVE/SPEAKER1061/010610024.WAV,TEDDY IS FROM CANADA,1061
010610025,WAVE/SPEAKER1061/010610025.WAV,LILLY LOVES CHINA,1061
010610035,WAVE/SPEAKER1061/010610035.WAV,FIVE THREE NINE EIGHT,1061
010610057,WAVE/SPEAKER1061/010610057.WAV,DOES LILLY LIKE THE STEAK,1061
010610067,WAVE/SPEAKER1061/010610067.WAV,PETER SMELLS FRESH TURKEY,1061
010610069,WAVE/SPEAKER1061/010610069.WAV,SANDY ATE A LITTLE PORK,1061
010610073,WAVE/SPEAKER1061/010610073.WAV,LYNDA HAS ARE BIG EAR,1061
010610080,WAVE/SPEAKER1061/010610080.WAV,BY TIM'S TOOTH,1061
010610087,WAVE/SPEAKER1061/010610087.WAV,BILLY NEEDS NEW CAP,1061
010610094,WAVE/SPEAKER1061/010610094.WAV,MARY LIKES YOUR RED GLOVES,1061
010610099,WAVE/SPEAKER1061/010610099.WAV,LOWEN GOT ON THE BUS,1061
010610102,WAVE/SPEAKER1061/010610102.WAV,STEVEN CAN SEE THE VAN,1061
010610113,WAVE/SPEAKER1061/010610113.WAV,BETTY CAN SEE THE POST OFFICE,1061
010610114,WAVE/SPEAKER1061/010610114.WAV,SO ANDY WENT ON TO DV ROOM,1061
010610129,WAVE/SPEAKER1061/010610129.WAV,DAVID THIS IS GARLIC,1061
010610151,WAVE/SPEAKER1061/010610151.WAV,WHERE IS HIS HOME,1061
010610165,WAVE/SPEAKER1061/010610165.WAV,AND THIS IS HAIR BOOK,1061
010610171,WAVE/SPEAKER1061/010610171.WAV,WHAT AM I DOING IT FOR,1061
010750002,WAVE/SPEAKER1075/010750002.WAV,DAVID CAN SEE THE CAT,1075
010750003,WAVE/SPEAKER1075/010750003.WAV,TIM CAN DRAW THE WHALE,1075
010750010,WAVE/SPEAKER1075/010750010.WAV,I LIKE TIGER,1075
010750011,WAVE/SPEAKER1075/010750011.WAV,TEDDY CAN DRAW THE EAGLE,1075
010750021,WAVE/SPEAKER1075/010750021.WAV,LUCY WE TO SEE ZEBRA,1075
010750024,WAVE/SPEAKER1075/010750024.WAV,SANDY LOVES JAR,1075
010750026,WAVE/SPEAKER1075/010750026.WAV,LAYLA LOVES JAPAN,1075
010750035,WAVE/SPEAKER1075/010750035.WAV,ITS TWO THREE ONE,1075
010750043,WAVE/SPEAKER1075/010750043.WAV,TWO ZERO ONE SEVEN,1075
010750060,WAVE/SPEAKER1075/010750060.WAV,BILLY LET'S A LITTLE TELL,1075
010750062,WAVE/SPEAKER1075/010750062.WAV,BENNY GOATS SOME PORK,1075
010750072,WAVE/SPEAKER1075/010750072.WAV,LOOK AT ELLS NOSE,1075
010750094,WAVE/SPEAKER1075/010750094.WAV,LOOK AT THAT TINA'S SANDALS,1075
010750097,WAVE/SPEAKER1075/010750097.WAV,MARY GOT ON THE TRAIN,1075
010750099,WAVE/SPEAKER1075/010750099.WAV,AND CAN SEE THE VAN,1075
010750102,WAVE/SPEAKER1075/010750102.WAV,SAND GOT ON THE CAR,1075
010750104,WAVE/SPEAKER1075/010750104.WAV,SOME THREE WITH ON TO TEACHER'S OFFICE,1075
010750117,WAVE/SPEAKER1075/010750117.WAV,HONEY COME SEE THE GARDEN,1075
010750163,WAVE/SPEAKER1075/010750163.WAV,NOW YOU HAVE IT,1075
010750168,WAVE/SPEAKER1075/010750168.WAV,HOW I THANK YOU,1075
010760001,WAVE/SPEAKER1076/010760001.WAV,LYNDA LIKES ORANGE,1076
010760002,WAVE/SPEAKER1076/010760002.WAV,MARY THAN POINT THE COW,1076
010760013,WAVE/SPEAKER1076/010760013.WAV,TIMMY CAN DRAW THE DUCK,1076
010760032,WAVE/SPEAKER1076/010760032.WAV,ZERO NINE SEVEN EIGHT,1076
010760038,WAVE/SPEAKER1076/010760038.WAV,NINE NINE EIGHT THREE,1076
010760046,WAVE/SPEAKER1076/010760046.WAV,ZERO ZERO FOUR THREE TWO,1076
010760060,WAVE/SPEAKER1076/010760060.WAV,DOES JUNE LIKE THE NOODLES,1076
010760062,WAVE/SPEAKER1076/010760062.WAV,LOCKING LIKE FISH,1076
010760067,WAVE/SPEAKER1076/010760067.WAV,LAYLA AT A LITTLE MUTTON,1076
010760076,WAVE/SPEAKER1076/010760076.WAV,LET'S DRAW LILLY'S HAND,1076
010760079,WAVE/SPEAKER1076/010760079.WAV,LESS DRAW JAYME'S MOUTH,1076
010760089,WAVE/SPEAKER1076/010760089.WAV,RARELY GOT THE SHIRT,1076
010760097,WAVE/SPEAKER1076/010760097.WAV,ALISA IS CLEANING THE CAR,1076
010760108,WAVE/SPEAKER1076/010760108.WAV,SO LAYLA WENT INTO THE POST OFFICE,1076
010760111,WAVE/SPEAKER1076/010760111.WAV,BETTY CAN SEE THE MUSIC ROOM,1076
010760116,WAVE/SPEAKER1076/010760116.WAV,MANDY WHAT'S WALKING TO NATURE CARD,1076
010760136,WAVE/SPEAKER1076/010760136.WAV,NEVER MIND THE PEN,1076
010760151,WAVE/SPEAKER1076/010760151.WAV,I DO TO SCHOOL,1076
010760162,WAVE/SPEAKER1076/010760162.WAV,HOW HAPPY AM,1076
010760169,WAVE/SPEAKER1076/010760169.WAV,IS IT THE GIRL,1076
010990020,WAVE/SPEAKER1099/010990020.WAV,WELL I CAN ASSURE YOU IT IS NOT,1099
010990048,WAVE/SPEAKER1099/010990048.WAV,I WAS THE ONLY ONE WHO COULD DO THAT,1099
010990060,WAVE/SPEAKER1099/010990060.WAV,WEDNESDAY WAS ONE OF THOSE TIMES,1099
010990063,WAVE/SPEAKER1099/010990063.WAV,BUT WE HAD TO PROVE OURSELVES TO THEM,1099
010990082,WAVE/SPEAKER1099/010990082.WAV,ONE PERSON WAS KILLED AND TWO OTHERS WOUNDED,1099
010990087,WAVE/SPEAKER1099/010990087.WAV,THEY OUGHT TO TAKE A LITTLE OF THIS CHRISTMAS SPIRIT,1099
010990123,WAVE/SPEAKER1099/010990123.WAV,TIME TO GO TO THE GAME,1099
010990139,WAVE/SPEAKER1099/010990139.WAV,STILL NOT SURE WHAT IT WAS,1099
010990162,WAVE/SPEAKER1099/010990162.WAV,NEED TO PICK UP MORE OF THIS,1099
010990165,WAVE/SPEAKER1099/010990165.WAV,WELL ONE OF MY THINGS,1099
010990188,WAVE/SPEAKER1099/010990188.WAV,THESE KIDS NEED ALL THE HELP THEY CAN GET,1099
010990202,WAVE/SPEAKER1099/010990202.WAV,HOPE I GET TO SEE YOU TOO,1099
010990218,WAVE/SPEAKER1099/010990218.WAV,CHANGE IS PART OF GROWING,1099
010990239,WAVE/SPEAKER1099/010990239.WAV,NO YOU ARE VERY CREATIVE,1099
010990260,WAVE/SPEAKER1099/010990260.WAV,I WOULD LOVE TO GO TO THAT TRACK,1099
010990267,WAVE/SPEAKER1099/010990267.WAV,IT'S SINGLE OF THE WEEK NEXT WEEK,1099
010990276,WAVE/SPEAKER1099/010990276.WAV,WE WILL BE ONE OF THEM,1099
010990279,WAVE/SPEAKER1099/010990279.WAV,WE WILL SEE YOU TOMORROW AT THE STREAM,1099
010990291,WAVE/SPEAKER1099/010990291.WAV,SHE TELL IT LIKE IT IS,1099
010990313,WAVE/SPEAKER1099/010990313.WAV,YES HE HAD KNOWN IT,1099
011090011,WAVE/SPEAKER1109/011090011.WAV,IT WAS AN IMPORTANT WIN,1109
011090020,WAVE/SPEAKER1109/011090020.WAV,THERE'S A WAY TO HELP OUR PROTECTION,1109
011090034,WAVE/SPEAKER1109/011090034.WAV,I KNOW HOW THEY LOOK,1109
011090089,WAVE/SPEAKER1109/011090089.WAV,DRINK A LOT OF WATER,1109
011090140,WAVE/SPEAKER1109/011090140.WAV,YOU MADE ME BELIEVE WE CAN ALL MAKE A DIFFERENCE,1109
011090154,WAVE/SPEAKER1109/011090154.WAV,SERIOUSLY THIS IS GETTING OUT OF CONTROL,1109
011090184,WAVE/SPEAKER1109/011090184.WAV,I DO NOT LOVE THIS WIND,1109
011090220,WAVE/SPEAKER1109/011090220.WAV,ALL HE WANTED TO DO WAS WIN,1109
011090235,WAVE/SPEAKER1109/011090235.WAV,SEEING A LOT OF BACK AND GOOD,1109
011090246,WAVE/SPEAKER1109/011090246.WAV,YES THANK YOU FOR REMINDING ME,1109
011090273,WAVE/SPEAKER1109/011090273.WAV,LOVE HIM SO MUCH FOR THAT,1109
011090277,WAVE/SPEAKER1109/011090277.WAV,WHEN IS THAT GOING TO BE FIXED,1109
011090292,WAVE/SPEAKER1109/011090292.WAV,WE HAVE TO BE PATIENT AS MUCH AS IT SUCKS,1109
011090295,WAVE/SPEAKER1109/011090295.WAV,BECAUSE THAT'S ALL YOU HAVE TO OFFER,1109
011090320,WAVE/SPEAKER1109/011090320.WAV,SHE PUT HER ARMS AROUND HIM AND WANTED KISS HIM,1109
011090329,WAVE/SPEAKER1109/011090329.WAV,I ASKED HER NOT TO,1109
011090333,WAVE/SPEAKER1109/011090333.WAV,BEFORE ALL ELSE YOU WILL ANSWER ME A QUESTION,1109
011090334,WAVE/SPEAKER1109/011090334.WAV,HOW CAN THEY STILL BELIEVE IN SOMETHING LIKE THAT,1109
011090335,WAVE/SPEAKER1109/011090335.WAV,HE HAD NO CLEAR IDEA AT ALL,1109
011090359,WAVE/SPEAKER1109/011090359.WAV,HE IS BETTER OFF NOW THAN BEFORE HAVING A SAW,1109
011350001,WAVE/SPEAKER1135/011350001.WAV,AND THAT WAS THE KEY TO HIS SUCCESS,1135
011350026,WAVE/SPEAKER1135/011350026.WAV,BUT I SEE NO CAUSE FOR CONCERN OR ALARM,1135
011350027,WAVE/SPEAKER1135/011350027.WAV,STARTING ON TUESDAY IT'S BACK TO WORK,1135
011350064,WAVE/SPEAKER1135/011350064.WAV,IN COLLEGE YOU COULD GET AWAY WITH THINGS,1135
011350116,WAVE/SPEAKER1135/011350116.WAV,LOOKING TO GET IN TOUCH WITH YOUR MARKETING CREW,1135
011350141,WAVE/SPEAKER1135/011350141.WAV,TAKE A BREAK TO GET A GLASS OF WATER LATELY,1135
011350158,WAVE/SPEAKER1135/011350158.WAV,NOW IS THE NEW LATER,1135
011350173,WAVE/SPEAKER1135/011350173.WAV,YET THEY END UP IN CELLS,1135
011350190,WAVE/SPEAKER1135/011350190.WAV,WHAT DO YOU THINK OF BUD LIGHT'S NEW DESIGN,1135
011350215,WAVE/SPEAKER1135/011350215.WAV,SPIRITED AWAY IS A MASTERPIECE,1135
011350218,WAVE/SPEAKER1135/011350218.WAV,GET READY TO MAKE FUN OF THEM,1135
011350221,WAVE/SPEAKER1135/011350221.WAV,NO KIDDING NOT EVEN A LITTLE,1135
011350225,WAVE/SPEAKER1135/011350225.WAV,THAT'S THE ONLY THING HE CAN DO AT THE POINT,1135
011350249,WAVE/SPEAKER1135/011350249.WAV,THEY WERE SO IN LOVE WITH EACH OTHER,1135
011350257,WAVE/SPEAKER1135/011350257.WAV,WILL BE FUN TO THAT'S THEM ALL YEAR,1135
011350290,WAVE/SPEAKER1135/011350290.WAV,FALL IN LOVE WITH YOUR OWNER COMPANY,1135
011350303,WAVE/SPEAKER1135/011350303.WAV,SUPPORTING EACH OTHER IS THE KEY,1135
011350318,WAVE/SPEAKER1135/011350318.WAV,IT WAS ONLY A NOTE A FEW LINES,1135
011350345,WAVE/SPEAKER1135/011350345.WAV,BEST TO SAY NOTHING UNTIL THE ENTIRE AFFAIR WAS OVER,1135
011350374,WAVE/SPEAKER1135/011350374.WAV,WHAT WERE THE POLICE ABOUT,1135
011560005,WAVE/SPEAKER1156/011560005.WAV,I HAD TO DO IT FROM A FINANCIAL STANDPOINT,1156
011560058,WAVE/SPEAKER1156/011560058.WAV,IT IS DANGEROUS TO GO TO A DOCTOR,1156
011560063,WAVE/SPEAKER1156/011560063.WAV,THIS LOOKS AS IF IT'S GOING TO WORK,1156
011560068,WAVE/SPEAKER1156/011560068.WAV,BUT IF THEY COOPERATE THEY MAY BENEFIT FROM THE SITUATION,1156
011560072,WAVE/SPEAKER1156/011560072.WAV,MAN WAS MADE TO WALK,1156
011560075,WAVE/SPEAKER1156/011560075.WAV,YOU WOULD HAVE TO LIVE IT TO BELIEVE IT,1156
011560086,WAVE/SPEAKER1156/011560086.WAV,BUT THIS IS NOT THE TIME TO CHANGE COLORS,1156
011560100,WAVE/SPEAKER1156/011560100.WAV,SHE WAS PLACED HER UNDER HOUSE ARREST THE NEXT DAY,1156
011560117,WAVE/SPEAKER1156/011560117.WAV,THE LATEST ADDITION TO THE COLLECTION,1156
011560184,WAVE/SPEAKER1156/011560184.WAV,THANKS FOR TAKING THE TIME TO DO THE STORY,1156
011560192,WAVE/SPEAKER1156/011560192.WAV,IT'S GOING TO BE SUCH A CRAZY MOMENT,1156
011560202,WAVE/SPEAKER1156/011560202.WAV,POETRY IS GOOD FOR THE SOUL,1156
011560257,WAVE/SPEAKER1156/011560257.WAV,WHO WANT TO GO TO THE PARK WITH ME,1156
011560269,WAVE/SPEAKER1156/011560269.WAV,I NEED TO DO SOMETHING WITH MY LIFE,1156
011560275,WAVE/SPEAKER1156/011560275.WAV,TAKING A WALK TO THE STORE,1156
011560289,WAVE/SPEAKER1156/011560289.WAV,OR IS IT GOING TO HAPPEN,1156
011560320,WAVE/SPEAKER1156/011560320.WAV,THEY WERE GOING TO MEET AS USUAL,1156
011560353,WAVE/SPEAKER1156/011560353.WAV,HE STARED AT THE BLACKNESS,1156
011560354,WAVE/SPEAKER1156/011560354.WAV,I WAS WITH SAME A GOOD DEAL AFTERWARDS,1156
011560372,WAVE/SPEAKER1156/011560372.WAV,TO SAY SUCH A THING,1156
011810063,WAVE/SPEAKER1181/011810063.WAV,SHE COULD JUST GO ON AND ON,1181
011810067,WAVE/SPEAKER1181/011810067.WAV,IF I DO THAT I KNOW WILL MAKE THE TRICK,1181
011810133,WAVE/SPEAKER1181/011810133.WAV,I NEED TO PICK UP A DESK,1181
011810162,WAVE/SPEAKER1181/011810162.WAV,PLAYERS GET A PART ON THE BACK RIGHT,1181
011810168,WAVE/SPEAKER1181/011810168.WAV,BECAUSE YOU NEED A SHELF,1181
011810173,WAVE/SPEAKER1181/011810173.WAV,PLEASE KNOW THAT WE ARE WORKING TO REMOVE IF,1181
011810184,WAVE/SPEAKER1181/011810184.WAV,THERE IS STAT TIME FOR YOU TO JOIN US TOO,1181
011810197,WAVE/SPEAKER1181/011810197.WAV,SPEAK UP FOR THOSE WHO CANNOT SPEAK FOR THEMSELVES,1181
011810206,WAVE/SPEAKER1181/011810206.WAV,BLESSING ON A NEW YEAR,1181
011810213,WAVE/SPEAKER1181/011810213.WAV,EATING RACE WITH A FORK,1181
011810214,WAVE/SPEAKER1181/011810214.WAV,I GUESS THIS IS SUPPOSED TO BE FUN,1181
011810222,WAVE/SPEAKER1181/011810222.WAV,THAT'S NOT EVEN A PREDICTION,1181
011810246,WAVE/SPEAKER1181/011810246.WAV,AM I THE ONLY ONE HERE,1181
011810247,WAVE/SPEAKER1181/011810247.WAV,I CAN TELL YOU THE REASON WHY,1181
011810279,WAVE/SPEAKER1181/011810279.WAV,THANKS SO MUCH FOR THE FOLLOWS,1181
011810280,WAVE/SPEAKER1181/011810280.WAV,THEY ME WILL BE BACK TOGETHER,1181
011810284,WAVE/SPEAKER1181/011810284.WAV,LET ME KNOW IF YOU HAVE ANYTHING HE CAN ATTEND,1181
011810314,WAVE/SPEAKER1181/011810314.WAV,OF THIS HE WOULD NOT HEAR WOOD,1181
011810334,WAVE/SPEAKER1181/011810334.WAV,HE MUST ADMIT THAT TO HIMSELF,1181
011810377,WAVE/SPEAKER1181/011810377.WAV,IT'S A MUCH WORSE THAN HE HAD EXPECTED,1181
011860256,WAVE/SPEAKER1186/011860256.WAV,THANKFUL FOR SO MANY OF YOU,1186
011860263,WAVE/SPEAKER1186/011860263.WAV,REWARD LIVES IN THE HOUSE OF RISK,1186
011860264,WAVE/SPEAKER1186/011860264.WAV,EXCITED AND GOING TO BED,1186
011860284,WAVE/SPEAKER1186/011860284.WAV,THAT'S SAY IT IS GOOD,1186
011860285,WAVE/SPEAKER1186/011860285.WAV,YOU HAVE TO WORK FOR THEM,1186
011860287,WAVE/SPEAKER1186/011860287.WAV,NO IT IS YOU WHO MUST BE THANKED,1186
011860292,WAVE/SPEAKER1186/011860292.WAV,ALL THAT CAN BE VERY COSTLY,1186
011860298,WAVE/SPEAKER1186/011860298.WAV,WAKE UP WITH A MISSION,1186
011860301,WAVE/SPEAKER1186/011860301.WAV,DO YOU WANT GOD TO HELP YOU,1186
011860308,WAVE/SPEAKER1186/011860308.WAV,I WANTED TO SEE THE MAN AFTER HEARING ALL THIS,1186
011860317,WAVE/SPEAKER1186/011860317.WAV,IT EASY PREVAIL SYSTEM,1186
011860332,WAVE/SPEAKER1186/011860332.WAV,I TELL YOU IT IS DEATH,1186
011860335,WAVE/SPEAKER1186/011860335.WAV,WHAT DO YOU SAY TO A MIDDLE COURSE,1186
011860346,WAVE/SPEAKER1186/011860346.WAV,YOU ARE A FOOL FOR THAT,1186
011860359,WAVE/SPEAKER1186/011860359.WAV,SHE HAD HERE OWN WILL,1186
011860361,WAVE/SPEAKER1186/011860361.WAV,I WAS NEVER SICK IN MY LIFE,1186
011860363,WAVE/SPEAKER1186/011860363.WAV,AM I NEVER TO BE ALLOWED TO DO ANYTHING,1186
011860372,WAVE/SPEAKER1186/011860372.WAV,YES I LIVE ON THIS SEA,1186
011860373,WAVE/SPEAKER1186/011860373.WAV,LEGAL PROTECTION IS A MUST,1186
011860377,WAVE/SPEAKER1186/011860377.WAV,HE WAS LOVE LOVED BY ALL AND HE LOVES ALL,1186
012280016,WAVE/SPEAKER1228/012280016.WAV,REALITY IS NOT AS DRAMATIC,1228
012280033,WAVE/SPEAKER1228/012280033.WAV,IT WAS A NICE WAY TO END OUR HOME SEASON,1228
012280053,WAVE/SPEAKER1228/012280053.WAV,IT IS EXPECTED TO TURN DOWN THE IDEA AGAIN,1228
012280054,WAVE/SPEAKER1228/012280054.WAV,SHE DROPPED ONLY NINE POINTS IN THE SECOND SET,1228
012280161,WAVE/SPEAKER1228/012280161.WAV,THERE IS JUST SO MUCH WORK TO DO,1228
012280173,WAVE/SPEAKER1228/012280173.WAV,ALREADY OFF TO A GREAT DAY,1228
012280198,WAVE/SPEAKER1228/012280198.WAV,WHAT DO YOU THINK WE SHOULD DO WITH IT,1228
012280201,WAVE/SPEAKER1228/012280201.WAV,IN THE MORNING AT NIGHT IN THE AFTERNOON,1228
012280206,WAVE/SPEAKER1228/012280206.WAV,WE WILL BE BACK IN THE NEW YEAR,1228
012280243,WAVE/SPEAKER1228/012280243.WAV,WOULD BE INTERESTING TO SEE ANOTHER ONE,1228
012280261,WAVE/SPEAKER1228/012280261.WAV,IS THIS SUPPOSED TO BE A SURPRISE,1228
012280262,WAVE/SPEAKER1228/012280262.WAV,PEOPLE ARE ALLOWED TO BE ANGRY,1228
012280276,WAVE/SPEAKER1228/012280276.WAV,YES WE NEED TO TALK,1228
012280288,WAVE/SPEAKER1228/012280288.WAV,BACK TO THE ORIGINAL ME,1228
012280308,WAVE/SPEAKER1228/012280308.WAV,EXISTENCE IS SO BETTER FOR EVERY ONE OF US,1228
012280343,WAVE/SPEAKER1228/012280343.WAV,YOU CAN DEPEND ON ME,1228
012280345,WAVE/SPEAKER1228/012280345.WAV,YOU MAY TELL HER THAT,1228
012280355,WAVE/SPEAKER1228/012280355.WAV,OH THAT WOULD HURT YOU,1228
012280366,WAVE/SPEAKER1228/012280366.WAV,HOW I SHOULD LIKE TO CHANGE THAT NAME,1228
012280375,WAVE/SPEAKER1228/012280375.WAV,THEY WERE IN A TAP,1228
012920007,WAVE/SPEAKER1292/012920007.WAV,I WOULD NOT MAKE SUCH COMMENTS,1292
012920027,WAVE/SPEAKER1292/012920027.WAV,I THINK THEY WILL FIND THAT THE CONCEPT WORK,1292
012920054,WAVE/SPEAKER1292/012920054.WAV,IT NOT HARD TO FINE,1292
012920062,WAVE/SPEAKER1292/012920062.WAV,IT'S NOTHING YOU TRY NOT TO THINK,1292
012920073,WAVE/SPEAKER1292/012920073.WAV,THAT WAS MONEY FOR CHRISTMAS GIFTS,1292
012920085,WAVE/SPEAKER1292/012920085.WAV,THAT MAKES HIM A BETTER PLAYER,1292
012920110,WAVE/SPEAKER1292/012920110.WAV,BUT EVEN IF HE COULD I DOUBT HAD HE WOULD,1292
012920121,WAVE/SPEAKER1292/012920121.WAV,THAT I NEED TO CLEAN,1292
012920143,WAVE/SPEAKER1292/012920143.WAV,I WILL DO THIS AGAIN SO YOU HAVE A CHANCE,1292
012920146,WAVE/SPEAKER1292/012920146.WAV,THANK YOU FOR ALL THOSE WHO VOTED,1292
012920155,WAVE/SPEAKER1292/012920155.WAV,I WILL FIND A COPY OF THIS ONE DAY,1292
012920158,WAVE/SPEAKER1292/012920158.WAV,FEELS GOOD TO BE HERE AGAIN,1292
012920214,WAVE/SPEAKER1292/012920214.WAV,SOMETIMES YOU JUST NEED A GOOD LAUGH,1292
012920254,WAVE/SPEAKER1292/012920254.WAV,LISTENING TO DEATH GRIPS IN PUBLIC,1292
012920259,WAVE/SPEAKER1292/012920259.WAV,ALSO THANKS TO ALL SPONSORS,1292
012920268,WAVE/SPEAKER1292/012920268.WAV,YOU NEVER KNOW WHAT YOU ARE GOING TO IMPACT,1292
012920270,WAVE/SPEAKER1292/012920270.WAV,REALLY IN DEED OF IT,1292
012920299,WAVE/SPEAKER1292/012920299.WAV,AWARDED AS BEST PICTURE OF THE YEAR,1292
012920301,WAVE/SPEAKER1292/012920301.WAV,SUMMER IS BETTER THAN WINTER,1292
012920368,WAVE/SPEAKER1292/012920368.WAV,DO WE WANT THE COMPETITION,1292
012930008,WAVE/SPEAKER1293/012930008.WAV,NO ONE WAS HURT IN THE EXPLOSION,1293
012930012,WAVE/SPEAKER1293/012930012.WAV,WHERE ARE THEY SUPPOSED TO TURN,1293
012930028,WAVE/SPEAKER1293/012930028.WAV,MORALE IN SOME PARTS OF COMPANY IS NOT STRONG,1293
012930036,WAVE/SPEAKER1293/012930036.WAV,I OFFERED HIM AN OUT,1293
012930037,WAVE/SPEAKER1293/012930037.WAV,THE RESULT WAS NOT A PRETTY SIGHT,1293
012930040,WAVE/SPEAKER1293/012930040.WAV,ANYTHING OVER THAT IS A BENEFIT,1293
012930051,WAVE/SPEAKER1293/012930051.WAV,WE SALUTE AND THANK YOU FOR IT,1293
012930067,WAVE/SPEAKER1293/012930067.WAV,THAT'S JUST THE WAY THE MAN WAS,1293
012930079,WAVE/SPEAKER1293/012930079.WAV,I MAY HAVE A HOLIDAY FIRST,1293
012930097,WAVE/SPEAKER1293/012930097.WAV,THAT'S THE KIND OF PRESIDENT I INTEND TO BE,1293
012930114,WAVE/SPEAKER1293/012930114.WAV,HIS MOTHER IS IN CRITICAL CONDITION,1293
012930127,WAVE/SPEAKER1293/012930127.WAV,FANS NEED TO HAVE A LITTLE FAITH,1293
012930139,WAVE/SPEAKER1293/012930139.WAV,DO YOU HAVE ANY QUESTIONS FOR HER,1293
012930155,WAVE/SPEAKER1293/012930155.WAV,I NEED TO BE MORE CLEVER,1293
012930195,WAVE/SPEAKER1293/012930195.WAV,WE HAVE A LOT OF SAME INTERESTS,1293
012930225,WAVE/SPEAKER1293/012930225.WAV,IT'S A BEAUTIFUL DAY TO BE A DUCK,1293
012930240,WAVE/SPEAKER1293/012930240.WAV,I MUST SAY IT WAS A GREAT WEEKEND,1293
012930261,WAVE/SPEAKER1293/012930261.WAV,TOGETHER WE CAN FIND A CURE,1293
012930266,WAVE/SPEAKER1293/012930266.WAV,FREEDOM IS NOT A CONCEPT,1293
012930315,WAVE/SPEAKER1293/012930315.WAV,I OWN I WAS WEAK,1293
013340007,WAVE/SPEAKER1334/013340007.WAV,I THINK HE CAN PROVE HIMSELF ON HIS OWN,1334
013340034,WAVE/SPEAKER1334/013340034.WAV,SOMETHING IS OFF WITH THIS TEAM,1334
013340046,WAVE/SPEAKER1334/013340046.WAV,LIKE THREE ACTS OF A DRAMA,1334
013340091,WAVE/SPEAKER1334/013340091.WAV,WE STILL HAVE A LOT OF GAMES TO PLAY,1334
013340137,WAVE/SPEAKER1334/013340137.WAV,BECAUSE YOU WANTED TO DO IT RIGHT,1334
013340147,WAVE/SPEAKER1334/013340147.WAV,CAN WE JUST CALL IT A DAY,1334
013340159,WAVE/SPEAKER1334/013340159.WAV,WHY WOULD YOU DO THIS TO ME NOW,1334
013340204,WAVE/SPEAKER1334/013340204.WAV,HOPE IS A SIGN OF DESPAIR,1334
013340217,WAVE/SPEAKER1334/013340217.WAV,THEY AIR ON THE SIDE OF UNDERSTANDING,1334
013340243,WAVE/SPEAKER1334/013340243.WAV,HELPS ME TO HAVE A GO AT MYSELF,1334
013340245,WAVE/SPEAKER1334/013340245.WAV,FEELS GOOD TO GET THAT OUT OF THE WAY,1334
013340255,WAVE/SPEAKER1334/013340255.WAV,THIS IS GOING TO BE A BUSY EVENING,1334
013340259,WAVE/SPEAKER1334/013340259.WAV,THIS IS THE ONLY THING PEOPLE GET IN LIFE,1334
013340277,WAVE/SPEAKER1334/013340277.WAV,WELL THIS IS A NEW ONE,1334
013340291,WAVE/SPEAKER1334/013340291.WAV,WE KNOW A GREAT PLACE TO STAY,1334
013340297,WAVE/SPEAKER1334/013340297.WAV,BECAUSE OF COURSE THIS IS A THING,1334
013340313,WAVE/SPEAKER1334/013340313.WAV,IT'S NOT HIS NOW BUT MINE,1334
013340345,WAVE/SPEAKER1334/013340345.WAV,ROOT PUT HIS SHOULDER TO THE DOOR,1334
013340375,WAVE/SPEAKER1334/013340375.WAV,HE TALKED MORE THAN ANYONE IN THE ROOM,1334
013340378,WAVE/SPEAKER1334/013340378.WAV,THEY ALL WANTED TO STOP IT,1334
014040005,WAVE/SPEAKER1404/014040005.WAV,THE TURKEY WAKES UP,1404
014040013,WAVE/SPEAKER1404/014040013.WAV,COME AND SEE THE SQUID,1404
014040027,WAVE/SPEAKER1404/014040027.WAV,SHE LOVES CANADA,1404
014040028,WAVE/SPEAKER1404/014040028.WAV,EIGHT TWO ONE ONE,1404
014040052,WAVE/SPEAKER1404/014040052.WAV,JAYME LIKES MOUNTAIN BIKING,1404
014040072,WAVE/SPEAKER1404/014040072.WAV,LET'S DRAW JACK'S HAND,1404
014040081,WAVE/SPEAKER1404/014040081.WAV,BY DORA'S SHOULDER,1404
014040088,WAVE/SPEAKER1404/014040088.WAV,HERE IS PETER'S SOCKS,1404
014040089,WAVE/SPEAKER1404/014040089.WAV,HERE IS TIM'S CAP,1404
014040090,WAVE/SPEAKER1404/014040090.WAV,HERE IS MARY'S SHOES,1404
014040096,WAVE/SPEAKER1404/014040096.WAV,LOOK AT MIKE'S SUNGLASSES,1404
014040097,WAVE/SPEAKER1404/014040097.WAV,WHAT A LOVELY SHINY UNDERGROUND,1404
014040109,WAVE/SPEAKER1404/014040109.WAV,CASEY CAN SEE THE PET SHOP,1404
014040111,WAVE/SPEAKER1404/014040111.WAV,MIKE WAS WALKING TO SCIENCE MUSEUM,1404
014040122,WAVE/SPEAKER1404/014040122.WAV,HEY WATCH OUT FOR MY CUCUMBER,1404
014040124,WAVE/SPEAKER1404/014040124.WAV,HE LOVE AND FIRST,1404
014040145,WAVE/SPEAKER1404/014040145.WAV,SANDY LIKES THE ENGLISH CLASS AT SCHOOL,1404
014040148,WAVE/SPEAKER1404/014040148.WAV,HE LIKES THE FAMOUS CITY SYDNEY,1404
014040152,WAVE/SPEAKER1404/014040152.WAV,MY GRANDMA IS HAPPY TOO,1404
014040155,WAVE/SPEAKER1404/014040155.WAV,O MY BROTHER'S CHILD,1404
014080008,WAVE/SPEAKER1408/014080008.WAV,IT IS SOMETHING VERY DIFFERENT,1408
014080073,WAVE/SPEAKER1408/014080073.WAV,HE WAS DRIVING THE CAR,1408
014080091,WAVE/SPEAKER1408/014080091.WAV,HE LOST FOR THE FEELS TIME IN FIVE,1408
014080103,WAVE/SPEAKER1408/014080103.WAV,A FEW YEARS AGO THEY WERE TWO,1408
014080117,WAVE/SPEAKER1408/014080117.WAV,THEY HAVE A LOT OF WINDOW TO OFF,1408
014080134,WAVE/SPEAKER1408/014080134.WAV,IN THE NAME OF WHAT,1408
014080149,WAVE/SPEAKER1408/014080149.WAV,THIS IS A GOD WORD,1408
014080178,WAVE/SPEAKER1408/014080178.WAV,THANK YOU FOR YOUR CARE,1408
014080201,WAVE/SPEAKER1408/014080201.WAV,I KNOW IT WILL BE FOR ME,1408
014080243,WAVE/SPEAKER1408/014080243.WAV,ALL READY FOR A DAY OF LISTEN,1408
014080270,WAVE/SPEAKER1408/014080270.WAV,WISH I WAS GOING TO SEE TO NINE,1408
014080279,WAVE/SPEAKER1408/014080279.WAV,HAPPY SUNDAY IS A DAY OF PRAISE,1408
014080301,WAVE/SPEAKER1408/014080301.WAV,GREAT TO SEE YOU MAN,1408
014080333,WAVE/SPEAKER1408/014080333.WAV,NO YOU NEED TO RETURN TO THE TRUCK,1408
014080336,WAVE/SPEAKER1408/014080336.WAV,BOSS WERE MADE TO BE BROKEN,1408
014080337,WAVE/SPEAKER1408/014080337.WAV,I CAN ALMOST SEEM THE SMOKE,1408
014080339,WAVE/SPEAKER1408/014080339.WAV,I MUST COME TO YOU,1408
014080358,WAVE/SPEAKER1408/014080358.WAV,AS FOR MYSELF I THINK NOT OF HAPPINESS,1408
014080361,WAVE/SPEAKER1408/014080361.WAV,I BEG THAT YOU WILL WRITING TO ME AT ONCE,1408
014080362,WAVE/SPEAKER1408/014080362.WAV,THERE WAS SOMETHING IN HIS POCKET,1408
014200011,WAVE/SPEAKER1420/014200011.WAV,I EXPECT THIS TO BE AS NICE,1420
014200060,WAVE/SPEAKER1420/014200060.WAV,IT'S HARD TO BE FAULTED FOR THAT,1420
014200076,WAVE/SPEAKER1420/014200076.WAV,THE ONLY ONE WHO KNOWS WHY IS HIM,1420
014200086,WAVE/SPEAKER1420/014200086.WAV,AND A LOT OF PEOPLE OF HAVE,1420
014200087,WAVE/SPEAKER1420/014200087.WAV,THE DEFENDANTS ALSO WOULD HAVE TO SIGN THE STATEMENT,1420
014200124,WAVE/SPEAKER1420/014200124.WAV,TALKING IS NOT THE PROBLEM,1420
014200161,WAVE/SPEAKER1420/014200161.WAV,NOT ABOUT WHAT YOU SEE IN THE MIRROR,1420
014200177,WAVE/SPEAKER1420/014200177.WAV,WHAT'S SEEMS TO BE THE PROBLEM,1420
014200206,WAVE/SPEAKER1420/014200206.WAV,IT WAS A BEAUTIFUL DAY FOR A FLOAT,1420
014200207,WAVE/SPEAKER1420/014200207.WAV,PLUS IS NOW ON THE LINE UP,1420
014200229,WAVE/SPEAKER1420/014200229.WAV,DO YOU WANT TO DO AND BRING DOWN THE HOUSE,1420
014200238,WAVE/SPEAKER1420/014200238.WAV,THEY HAD TO GET OUT,1420
014200246,WAVE/SPEAKER1420/014200246.WAV,THEY JUST WANT TO HATE,1420
014200272,WAVE/SPEAKER1420/014200272.WAV,I WILL LET YOU KNOW IF I GET MINE TOO,1420
014200295,WAVE/SPEAKER1420/014200295.WAV,AFTER THIS NOT SURE WHAT TO DO,1420
014200296,WAVE/SPEAKER1420/014200296.WAV,I HAD PLENTY OF SLEEP,1420
014200339,WAVE/SPEAKER1420/014200339.WAV,BUT WHAT IS THE MATTER WITH THE OLD MAN,1420
014200342,WAVE/SPEAKER1420/014200342.WAV,EVEN SO EVERYONE OUGHT TO HAVE A CHANCE,1420
014200353,WAVE/SPEAKER1420/014200353.WAV,I PULLED OVER TO THE SHOULDER AND HE JUMPED OUT,1420
014200357,WAVE/SPEAKER1420/014200357.WAV,HE HAD NO RIGHT TO WAIT,1420
014220001,WAVE/SPEAKER1422/014220001.WAV,JIM WILL PAINT MY HOUSE GREEN,1422
014220003,WAVE/SPEAKER1422/014220003.WAV,MARY IS GOING TO SEE DOG,1422
014220021,WAVE/SPEAKER1422/014220021.WAV,DORA CAN SEE THE GOOSE,1422
014220027,WAVE/SPEAKER1422/014220027.WAV,LAYLA IS FROM AUSTRALIA,1422
014220038,WAVE/SPEAKER1422/014220038.WAV,FOUR SEVEN,1422
014220044,WAVE/SPEAKER1422/014220044.WAV,FOUR FIVE ZERO THREE,1422
014220048,WAVE/SPEAKER1422/014220048.WAV,TINA IS NOT VERY GOOD AT GYMNASTICS,1422
014220058,WAVE/SPEAKER1422/014220058.WAV,DOES JAYME LIKE THE BREAD,1422
014220066,WAVE/SPEAKER1422/014220066.WAV,DORA GOT SOME CAKE,1422
014220068,WAVE/SPEAKER1422/014220068.WAV,MIKE SOME FOR RED,1422
014220070,WAVE/SPEAKER1422/014220070.WAV,JIM SMELLS FRESH BEEF,1422
014220081,WAVE/SPEAKER1422/014220081.WAV,LET'S DRAW LUCY'S NOSE,1422
014220087,WAVE/SPEAKER1422/014220087.WAV,NEIL LIKE YOUR RED SEAK,1422
014220102,WAVE/SPEAKER1422/014220102.WAV,LYNDA GOT ON THE SHIP,1422
014220115,WAVE/SPEAKER1422/014220115.WAV,THEN ALISA WALKED TO GARDEN,1422
014220140,WAVE/SPEAKER1422/014220140.WAV,TIM IS NOT A REAL STUDENT,1422
014220142,WAVE/SPEAKER1422/014220142.WAV,ANDY IS NOT A REAL POLICE,1422
014220159,WAVE/SPEAKER1422/014220159.WAV,WHAT IS A CHILD,1422
014220160,WAVE/SPEAKER1422/014220160.WAV,IT IS NO GOOD,1422
014220167,WAVE/SPEAKER1422/014220167.WAV,NO I HAVE NOT,1422
014650011,WAVE/SPEAKER1465/014650011.WAV,HANDY CAN DRAW THE TURKEY,1465
014650023,WAVE/SPEAKER1465/014650023.WAV,CATHY IS A FRIEND FROM FREEZE,1465
014650032,WAVE/SPEAKER1465/014650032.WAV,SIX SEVEN EIGHT NINE,1465
014650037,WAVE/SPEAKER1465/014650037.WAV,ONE TWO ONE ZERO,1465
014650038,WAVE/SPEAKER1465/014650038.WAV,TWO ONE SEVEN ZERO,1465
014650040,WAVE/SPEAKER1465/014650040.WAV,FIVE ONE FIVE FOUR,1465
014650041,WAVE/SPEAKER1465/014650041.WAV,SIX FIVE,1465
014650043,WAVE/SPEAKER1465/014650043.WAV,EIGHT ZERO NINE ONE,1465
014650047,WAVE/SPEAKER1465/014650047.WAV,SEVEN FOUR ZERO TWO,1465
014650058,WAVE/SPEAKER1465/014650058.WAV,SANDY LIKE FRENCH FRIES,1465
014650059,WAVE/SPEAKER1465/014650059.WAV,JIM AT A LITTLE FISH,1465
014650063,WAVE/SPEAKER1465/014650063.WAV,LINDA GOT SOME EGG,1465
014650085,WAVE/SPEAKER1465/014650085.WAV,MARY LIKES YOUR RED DRESS,1465
014650087,WAVE/SPEAKER1465/014650087.WAV,TIM GOLF THE NEW BOOTS,1465
014650088,WAVE/SPEAKER1465/014650088.WAV,NEIL LIKES YOUR RED GROW WUSS,1465
014650108,WAVE/SPEAKER1465/014650108.WAV,SO LYNDA WANT ON TO COTTON,1465
014650113,WAVE/SPEAKER1465/014650113.WAV,SO TEDDY WANT ON THE FLAT,1465
014650125,WAVE/SPEAKER1465/014650125.WAV,BILLY GOT A CROW,1465
014650145,WAVE/SPEAKER1465/014650145.WAV,ALISA LIKE A STUDENT CLASS AT SCHOOL,1465
014650164,WAVE/SPEAKER1465/014650164.WAV,HOW GOOD AND BEAUTIFUL,1465
014690004,WAVE/SPEAKER1469/014690004.WAV,I RAN AWAY FROM THE GOAT,1469
014690006,WAVE/SPEAKER1469/014690006.WAV,JAYME IS GOING TO SEE CAT,1469
014690018,WAVE/SPEAKER1469/014690018.WAV,LOWEN IS GOING TO SEE MOUSE,1469
014690020,WAVE/SPEAKER1469/014690020.WAV,SO DORA WENT TO FIND THE COW,1469
014690047,WAVE/SPEAKER1469/014690047.WAV,SEVEN SEVEN EIGHT SIX,1469
014690048,WAVE/SPEAKER1469/014690048.WAV,TINA IS NOT VERY GOOD AT RUGBY,1469
014690050,WAVE/SPEAKER1469/014690050.WAV,ALISA IS NOT VERY GOOD AT VOLLEYBALL,1469
014690055,WAVE/SPEAKER1469/014690055.WAV,LYNDA IS NOT VERY GOOD AT TENNIS,1469
014690062,WAVE/SPEAKER1469/014690062.WAV,DOES LOWEN LIKE THE STEAK,1469
014690067,WAVE/SPEAKER1469/014690067.WAV,MANDY ATE A LITTLE MEAT,1469
014690074,WAVE/SPEAKER1469/014690074.WAV,LUCY HAS A BIG TOE,1469
014690082,WAVE/SPEAKER1469/014690082.WAV,TIM LOVES THE NEW SWEATER,1469
014690110,WAVE/SPEAKER1469/014690110.WAV,SO JACK WENT INTO THE CLASSROOM,1469
014690113,WAVE/SPEAKER1469/014690113.WAV,SO MIKE WENT INTO THE LIVING ROOM,1469
014690121,WAVE/SPEAKER1469/014690121.WAV,LAYLA WASHED THE PEA,1469
014690125,WAVE/SPEAKER1469/014690125.WAV,JACK THIS IS CARROT,1469
014690136,WAVE/SPEAKER1469/014690136.WAV,JAYME THIS IS GARLIC,1469
014690144,WAVE/SPEAKER1469/014690144.WAV,BILLY WILL ARRIVE IN OCTOBER SEE,1469
014690150,WAVE/SPEAKER1469/014690150.WAV,AND SO BE IT,1469
014690167,WAVE/SPEAKER1469/014690167.WAV,I DO NOT SEE THAT I CAN HELP YOU,1469
015010004,WAVE/SPEAKER1501/015010004.WAV,LILLY IS GOING TO SEE MONKEY,1501
015010014,WAVE/SPEAKER1501/015010014.WAV,JIM IS GOING TO SEE TIGER,1501
015010033,WAVE/SPEAKER1501/015010033.WAV,THREE ZERO THREE,1501
015010038,WAVE/SPEAKER1501/015010038.WAV,SIX TWO TWO ONE,1501
015010041,WAVE/SPEAKER1501/015010041.WAV,EIGHT SEVEN THREE NINE,1501
015010079,WAVE/SPEAKER1501/015010079.WAV,BY JACK'S TOO,1501
015010087,WAVE/SPEAKER1501/015010087.WAV,LOOK AT LOWEN'S JEANS,1501
015010094,WAVE/SPEAKER1501/015010094.WAV,JIM LIKES YOUR BLUE SWEATER,1501
015010097,WAVE/SPEAKER1501/015010097.WAV,TEDDY CAN SEE THE BUS,1501
015010103,WAVE/SPEAKER1501/015010103.WAV,ALICE IS CLEAN THE CAR,1501
015010115,WAVE/SPEAKER1501/015010115.WAV,SO LYNDA WENT ON TO THE PARK,1501
015010121,WAVE/SPEAKER1501/015010121.WAV,LOWEN THIS CORN,1501
015010125,WAVE/SPEAKER1501/015010125.WAV,LYNDA IS DRAW THE CABBAGE,1501
015010137,WAVE/SPEAKER1501/015010137.WAV,JAYME IS DRAWING THE POTATO,1501
015010145,WAVE/SPEAKER1501/015010145.WAV,TINA LIKES THE ENGLISH CLASS AT SCHOOL,1501
015010151,WAVE/SPEAKER1501/015010151.WAV,WHAT DO YOU SAY TO THAT,1501
015010156,WAVE/SPEAKER1501/015010156.WAV,AM I NOT HERE,1501
015010159,WAVE/SPEAKER1501/015010159.WAV,IT'S UP TO YOU,1501
015010169,WAVE/SPEAKER1501/015010169.WAV,THAT IS A WHAT I'M DOING NOW,1501
015010170,WAVE/SPEAKER1501/015010170.WAV,YOU CAN SEE TO THE CHILD,1501
015020001,WAVE/SPEAKER1502/015020001.WAV,JACK LIKES THE BLACK BALL,1502
015020007,WAVE/SPEAKER1502/015020007.WAV,SO TEDDY WENT TO FIND THE ANT,1502
015020010,WAVE/SPEAKER1502/015020010.WAV,PETER CAN PANT THE WETTER,1502
015020012,WAVE/SPEAKER1502/015020012.WAV,SO BETTY WHAT TO FIND THE GARS,1502
015020017,WAVE/SPEAKER1502/015020017.WAV,DORA CAN PANT THE AUNT,1502
015020022,WAVE/SPEAKER1502/015020022.WAV,BILLY IS FROM JAPAN,1502
015020029,WAVE/SPEAKER1502/015020029.WAV,RAW FOUR NINE FIVE,1502
015020045,WAVE/SPEAKER1502/015020045.WAV,ONE ONE FIVE FOUR,1502
015020061,WAVE/SPEAKER1502/015020061.WAV,BETTY ATE A LITTLE HAMBURGER,1502
015020065,WAVE/SPEAKER1502/015020065.WAV,JAYME GOT SOME HAMBURGER,1502
015020070,WAVE/SPEAKER1502/015020070.WAV,I HAVE A BOAT OF LAMB,1502
015020088,WAVE/SPEAKER1502/015020088.WAV,BETTY HAS A BEAUTIFUL JEANS,1502
015020097,WAVE/SPEAKER1502/015020097.WAV,LYNDA CAN SEE THE JEEP,1502
015020099,WAVE/SPEAKER1502/015020099.WAV,LYNDA GOT ON THE,1502
015020101,WAVE/SPEAKER1502/015020101.WAV,DAVID GOT ON THE TAX,1502
015020113,WAVE/SPEAKER1502/015020113.WAV,SO JACK WENT INTO THE COUNTRY,1502
015020126,WAVE/SPEAKER1502/015020126.WAV,ANDY LOVES CANBERRA,1502
015020136,WAVE/SPEAKER1502/015020136.WAV,JAYME THIS IS EGGPLANT,1502
015020161,WAVE/SPEAKER1502/015020161.WAV,SO I SEE YOU AT TEN IN THE MORNING,1502
015020162,WAVE/SPEAKER1502/015020162.WAV,I OPENED MY DOOR,1502
015030001,WAVE/SPEAKER1503/015030001.WAV,DOOR WILL PAINT MY HOUSE ORANGE,1503
015030005,WAVE/SPEAKER1503/015030005.WAV,LYNDA IS GOING TO SEE MONKEY,1503
015030006,WAVE/SPEAKER1503/015030006.WAV,LYNDA WENT TO SEE DOG,1503
015030010,WAVE/SPEAKER1503/015030010.WAV,LAYLA CAN PAINT THE DOG,1503
015030015,WAVE/SPEAKER1503/015030015.WAV,SO SANDY WENT TO FIND THE SUPER,1503
015030027,WAVE/SPEAKER1503/015030027.WAV,LUCY IS A FRIEND FROM CANADA,1503
015030030,WAVE/SPEAKER1503/015030030.WAV,FIVE FOUR,1503
015030041,WAVE/SPEAKER1503/015030041.WAV,TWO TWO NINE FOUR,1503
015030067,WAVE/SPEAKER1503/015030067.WAV,DOES LYNDA LIKE THE SNACKED,1503
015030077,WAVE/SPEAKER1503/015030077.WAV,LOOK AT THE BIG HAND,1503
015030082,WAVE/SPEAKER1503/015030082.WAV,TIM LIKES THE OLD DRESS,1503
015030106,WAVE/SPEAKER1503/015030106.WAV,HENNY CAN SEE THE CINEMA,1503
015030109,WAVE/SPEAKER1503/015030109.WAV,SO SANDY WENT ON THE TO ZOO,1503
015030115,WAVE/SPEAKER1503/015030115.WAV,TIM WAS WALKING TO COMPUTER ROOM,1503
015030118,WAVE/SPEAKER1503/015030118.WAV,SO LYNDA WENT TO ON TO PENT SHOP,1503
015030122,WAVE/SPEAKER1503/015030122.WAV,LILLY IS IS A GRIFT,1503
015030125,WAVE/SPEAKER1503/015030125.WAV,JACK LOVES CHART,1503
015030133,WAVE/SPEAKER1503/015030133.WAV,NOSE THAT'S PUMPKIN,1503
015030142,WAVE/SPEAKER1503/015030142.WAV,BETTER WANTS TO BE A GOOD CHARM,1503
015030150,WAVE/SPEAKER1503/015030150.WAV,HOW COME YOU HERE,1503
020020015,WAVE/SPEAKER2002/020020015.WAV,BUT THEY WERE JUST THOUGHTS,2002
020020032,WAVE/SPEAKER2002/020020032.WAV,SHE PLANS TO RETURN TO THE CLASSROOM NEXT FALL,2002
020020094,WAVE/SPEAKER2002/020020094.WAV,THERE IS NO ROOM FOR A PEACEFUL STRUGGLE,2002
020020108,WAVE/SPEAKER2002/020020108.WAV,I HAVE DIFFERENT OPINIONS THAN THE OTHERS,2002
020020123,WAVE/SPEAKER2002/020020123.WAV,AND WE KNOW YOU ARE TOO,2002
020020174,WAVE/SPEAKER2002/020020174.WAV,BIG THANK YOU TO THEM,2002
020020181,WAVE/SPEAKER2002/020020181.WAV,WITH A BIT OF A COMPLICATED ANSWER,2002
020020185,WAVE/SPEAKER2002/020020185.WAV,THAT WOULD BE A MORE INTERESTING SHOW,2002
020020204,WAVE/SPEAKER2002/020020204.WAV,AIM AS HIGH AS YOU CAN,2002
020020206,WAVE/SPEAKER2002/020020206.WAV,WHY DO YOU BLAME IT ON,2002
020020208,WAVE/SPEAKER2002/020020208.WAV,HALF THE COUNTRY WAS TRYING TO TELL YOU,2002
020020220,WAVE/SPEAKER2002/020020220.WAV,PUZZLE ALARM CLOCK IS THE ANSWER,2002
020020278,WAVE/SPEAKER2002/020020278.WAV,BUT NOW THAT YOU MENTION IT,2002
020020285,WAVE/SPEAKER2002/020020285.WAV,SO GRATEFUL TO BE PART OF THIS PROJECT,2002
020020295,WAVE/SPEAKER2002/020020295.WAV,I FEEL LIKE IT WAS MORE THAN JUST MONEY,2002
020020303,WAVE/SPEAKER2002/020020303.WAV,OVERALL I HAVE A GOOD NIGHT,2002
020020348,WAVE/SPEAKER2002/020020348.WAV,BILL HUNT PUT DOWN HIS BOOK,2002
020020357,WAVE/SPEAKER2002/020020357.WAV,THEN THE CHILD IS DEAD PERHAPS,2002
020020361,WAVE/SPEAKER2002/020020361.WAV,WHAT HAVE I TO CARE FOR,2002
020020377,WAVE/SPEAKER2002/020020377.WAV,IT WAS A STRANGE THING,2002
020070039,WAVE/SPEAKER2007/020070039.WAV,SIX EIGHT ZERO TWO,2007
020070050,WAVE/SPEAKER2007/020070050.WAV,NINE FIVE SIX ZERO,2007
020070065,WAVE/SPEAKER2007/020070065.WAV,ALISA HAS A BEAUTIFUL JEANS,2007
020070066,WAVE/SPEAKER2007/020070066.WAV,DAVID GOT THE T SHIRT,2007
020070070,WAVE/SPEAKER2007/020070070.WAV,SANDY NEEDS NEW SWEATER,2007
020070079,WAVE/SPEAKER2007/020070079.WAV,SO LOWEN WENT INTO THE FARM,2007
020070081,WAVE/SPEAKER2007/020070081.WAV,SO DORA WENT INTO THE HOME,2007
020070083,WAVE/SPEAKER2007/020070083.WAV,MANDY VANS WALKING TO FARM,2007
020070086,WAVE/SPEAKER2007/020070086.WAV,STEVEN CAN SEE THE BATHROOM,2007
020070091,WAVE/SPEAKER2007/020070091.WAV,SO SANDY WENT ON TO PLAYGROUND,2007
020070095,WAVE/SPEAKER2007/020070095.WAV,THEN STEVEN WAR KEYED TO COMPANY,2007
020070105,WAVE/SPEAKER2007/020070105.WAV,THE BIG DOG HELPS THEM,2007
020070132,WAVE/SPEAKER2007/020070132.WAV,BUT THEY ARE NOT FLOWERS AT ALL,2007
020070146,WAVE/SPEAKER2007/020070146.WAV,CAN YOU HELP ME NO TO,2007
020070152,WAVE/SPEAKER2007/020070152.WAV,THAT IS ALL I CAN DO,2007
020070153,WAVE/SPEAKER2007/020070153.WAV,THE TWO ARE THE SAME,2007
020070154,WAVE/SPEAKER2007/020070154.WAV,BUT TO THESE MY FRIENDS,2007
020070157,WAVE/SPEAKER2007/020070157.WAV,AND NOW FOR WORK,2007
020070165,WAVE/SPEAKER2007/020070165.WAV,WHAT IS THE USE OF IT HERE,2007
020070166,WAVE/SPEAKER2007/020070166.WAV,OH THOSE GOOD ONES,2007
020140004,WAVE/SPEAKER2014/020140004.WAV,JAYME CAN DRAW THE WAR,2014
020140014,WAVE/SPEAKER2014/020140014.WAV,MARY WENT TO SEE MOUSE,2014
020140028,WAVE/SPEAKER2014/020140028.WAV,SIX ZERO FOUR FIVE,2014
020140032,WAVE/SPEAKER2014/020140032.WAV,TWO NINE ZERO NINE TWO,2014
020140036,WAVE/SPEAKER2014/020140036.WAV,TWO ONE SIX ONE,2014
020140041,WAVE/SPEAKER2014/020140041.WAV,FOUR FOUR SEVEN SEVEN,2014
020140045,WAVE/SPEAKER2014/020140045.WAV,EIGHT SEVEN EIGHT ZERO,2014
020140048,WAVE/SPEAKER2014/020140048.WAV,ZERO FIVE ZERO ONE,2014
020140055,WAVE/SPEAKER2014/020140055.WAV,MOON HAS A BIG GLOVES,2014
020140059,WAVE/SPEAKER2014/020140059.WAV,ANDY LIKES THE LONG ANGRY LISTENS,2014
020140074,WAVE/SPEAKER2014/020140074.WAV,HENNY GOT TO THE SHIRT,2014
020140083,WAVE/SPEAKER2014/020140083.WAV,SO TIM WENT INTO THE PARK,2014
020140087,WAVE/SPEAKER2014/020140087.WAV,SO JIM WENT ON TO LIBRARY,2014
020140096,WAVE/SPEAKER2014/020140096.WAV,SO SEVENTEEN WENT INTO THE PENCIL OFFICE,2014
020140099,WAVE/SPEAKER2014/020140099.WAV,SO JACK WENT INTO THE T V ROOM,2014
020140114,WAVE/SPEAKER2014/020140114.WAV,SEE YOU TWO LATER HAVE FUN,2014
020140117,WAVE/SPEAKER2014/020140117.WAV,DANIEL IS MILKING THE COW,2014
020140121,WAVE/SPEAKER2014/020140121.WAV,HE'S COME TO USE THE BIRDBATH,2014
020140133,WAVE/SPEAKER2014/020140133.WAV,YOU CAN BEGIN SITTING WITH YOU LIKE,2014
020140173,WAVE/SPEAKER2014/020140173.WAV,IS THIS WERE THEIR HAVE,2014
020160042,WAVE/SPEAKER2016/020160042.WAV,THIS MAY NOT BE EASY TO ACHIEVE,2016
020160068,WAVE/SPEAKER2016/020160068.WAV,SHE SHOULD BE MORE CONCERNED ABOUT ORGANIZED WORKERS,2016
020160093,WAVE/SPEAKER2016/020160093.WAV,HE IS CONCERNED ABOUT PEACE AND FREEDOM,2016
020160128,WAVE/SPEAKER2016/020160128.WAV,BE WITH SOMEONE WHO TAKES CARE OF YOU,2016
020160131,WAVE/SPEAKER2016/020160131.WAV,JUST DOWN THE STREET FROM MY OFFICE,2016
020160132,WAVE/SPEAKER2016/020160132.WAV,HAPPY TO HAVE A PLACE TO CELEBRATE,2016
020160151,WAVE/SPEAKER2016/020160151.WAV,BEING ABLE TO SAY YOU AGAIN WAS PERFECT,2016
020160171,WAVE/SPEAKER2016/020160171.WAV,WONDER IF ANYONE WAS ON THE COURSE,2016
020160178,WAVE/SPEAKER2016/020160178.WAV,MUST FOUND A WAY TO REMOVE THEM FAST,2016
020160207,WAVE/SPEAKER2016/020160207.WAV,THEY LOST FOR A HOST OF REASONS,2016
020160222,WAVE/SPEAKER2016/020160222.WAV,IT SHOULD BE A GOOD LOOK,2016
020160245,WAVE/SPEAKER2016/020160245.WAV,WHAT DO YOU WANT TO REMEMBER ABOUT TODAY,2016
020160264,WAVE/SPEAKER2016/020160264.WAV,NICE END TO TODAY,2016
020160295,WAVE/SPEAKER2016/020160295.WAV,SO GOOD TO BE BACK AT THE SCHOOL,2016
020160312,WAVE/SPEAKER2016/020160312.WAV,HOW WAS I TO DO IT,2016
020160318,WAVE/SPEAKER2016/020160318.WAV,HE'S UNDER MY CARE TOO,2016
020160335,WAVE/SPEAKER2016/020160335.WAV,WELL IT IS NOT A VERY GAY WORLD,2016
020160344,WAVE/SPEAKER2016/020160344.WAV,NOT A MAN SHARE ESCAPE,2016
020160347,WAVE/SPEAKER2016/020160347.WAV,BUT SHE THOUGHT IT WAS GOING TO BE WORTH IT,2016
020160371,WAVE/SPEAKER2016/020160371.WAV,NOW THAT I SAW IT ALL AT ONCE MYSELF,2016
020270001,WAVE/SPEAKER2027/020270001.WAV,SO TIM WENT TO FIND THE CAT,2027
020270005,WAVE/SPEAKER2027/020270005.WAV,JIM CAN DRAW THE ZEBRA,2027
020270020,WAVE/SPEAKER2027/020270020.WAV,JAYME WENT TO SEE CAT,2027
020270030,WAVE/SPEAKER2027/020270030.WAV,SIX NINE ONE THREE,2027
020270042,WAVE/SPEAKER2027/020270042.WAV,ONE FOUR TWO NINE,2027
020270048,WAVE/SPEAKER2027/020270048.WAV,FIVE TWO ONE SIX,2027
020270049,WAVE/SPEAKER2027/020270049.WAV,FIVE SEVEN THREE EIGHT,2027
020270077,WAVE/SPEAKER2027/020270077.WAV,TIM WAS WALKING TO T V ROOM,2027
020270087,WAVE/SPEAKER2027/020270087.WAV,MANDY WAS WALKING TO ZOO,2027
020270108,WAVE/SPEAKER2027/020270108.WAV,DADDY IS LIKE A BIG TOBOGGAN,2027
020270113,WAVE/SPEAKER2027/020270113.WAV,LISTEN TO THE PIGS,2027
020270136,WAVE/SPEAKER2027/020270136.WAV,DOES HE WASH TO SEE ME,2027
020270142,WAVE/SPEAKER2027/020270142.WAV,WOULD YOU HAVE ME FOR THE A SISTER,2027
020270146,WAVE/SPEAKER2027/020270146.WAV,WE OFTEN PLAY FOOTBALL AFTER CLASS,2027
020270161,WAVE/SPEAKER2027/020270161.WAV,THE TIME IS COME,2027
020270167,WAVE/SPEAKER2027/020270167.WAV,HOW DOES IT BEGIN,2027
020270168,WAVE/SPEAKER2027/020270168.WAV,THAT YOU CAN FIND OUT,2027
020270170,WAVE/SPEAKER2027/020270170.WAV,IS HE NOT GOOD,2027
020270171,WAVE/SPEAKER2027/020270171.WAV,HE CAN SWIM IT SURE,2027
020270174,WAVE/SPEAKER2027/020270174.WAV,IT WOULD BE OF NO US,2027
020300005,WAVE/SPEAKER2030/020300005.WAV,ANDY WENT TO SEE HEN,2030
020300012,WAVE/SPEAKER2030/020300012.WAV,DAVID CAN DRAW THE LION,2030
020300017,WAVE/SPEAKER2030/020300017.WAV,TINA WENT TO SEE GOAT,2030
020300020,WAVE/SPEAKER2030/020300020.WAV,LILLY IS GOING TO SEE TIGER,2030
020300044,WAVE/SPEAKER2030/020300044.WAV,ZERO EIGHT FOUR FOUR,2030
020300053,WAVE/SPEAKER2030/020300053.WAV,LYNDA GOT THE SUNGLASSES,2030
020300056,WAVE/SPEAKER2030/020300056.WAV,BILLY LIKES THE OLD JEANS,2030
020300057,WAVE/SPEAKER2030/020300057.WAV,BILLY LOVES THE NEW SOCKS,2030
020300059,WAVE/SPEAKER2030/020300059.WAV,JIM NEEDS NEW RAINCOAT,2030
020300065,WAVE/SPEAKER2030/020300065.WAV,LUCY NEEDS NEW RAINCOAT,2030
020300073,WAVE/SPEAKER2030/020300073.WAV,MIKE GOT THE SHORTS,2030
020300083,WAVE/SPEAKER2030/020300083.WAV,PETER WAS WALKING TO NATURE PARK,2030
020300097,WAVE/SPEAKER2030/020300097.WAV,THEN NEIL WALKED TO COUNTRY,2030
020300121,WAVE/SPEAKER2030/020300121.WAV,THOSE ARE THEIR NOSES,2030
020300132,WAVE/SPEAKER2030/020300132.WAV,BUT WOULD YOU LIKE IT,2030
020300143,WAVE/SPEAKER2030/020300143.WAV,NOT FOR ME THANK YOU,2030
020300147,WAVE/SPEAKER2030/020300147.WAV,HE PUT IT ON THE TABLE,2030
020300156,WAVE/SPEAKER2030/020300156.WAV,IT DO NOT WISH IT,2030
020300171,WAVE/SPEAKER2030/020300171.WAV,WHAT SEE I IN THE STREET,2030
020300173,WAVE/SPEAKER2030/020300173.WAV,AS MANY AS TWELVE,2030
020310032,WAVE/SPEAKER2031/020310032.WAV,THEY HAD A GREAT MISSION,2031
020310042,WAVE/SPEAKER2031/020310042.WAV,BUT TO FIX OR NOT TO FIX,2031
020310075,WAVE/SPEAKER2031/020310075.WAV,HERE IS A SUMMARY OF ITS MAJOR PROVISIONS,2031
020310085,WAVE/SPEAKER2031/020310085.WAV,IT WILL PROBABLY BE A LONG WAIT,2031
020310112,WAVE/SPEAKER2031/020310112.WAV,COACHES HAVE LEFT AS WELL,2031
020310114,WAVE/SPEAKER2031/020310114.WAV,HE WAS MARRIED AND HAD THREE YOUNG SONGS,2031
020310133,WAVE/SPEAKER2031/020310133.WAV,JUST WANT TO BE LEFT ALONE TO MY THOUGHTS,2031
020310141,WAVE/SPEAKER2031/020310141.WAV,ANYTHING ELSE IN THE WORLD,2031
020310148,WAVE/SPEAKER2031/020310148.WAV,DOING BETTER THAN MOST OF US,2031
020310151,WAVE/SPEAKER2031/020310151.WAV,BLESSINGS FOR PEACE AND LOVE TO ALL,2031
020310154,WAVE/SPEAKER2031/020310154.WAV,I KNOW HOW MANY I HAVE,2031
020310174,WAVE/SPEAKER2031/020310174.WAV,JUST THAT THEY ARE WORKING ON IT,2031
020310219,WAVE/SPEAKER2031/020310219.WAV,I'M LOOKING FOR A GIRL LIKE YOU,2031
020310273,WAVE/SPEAKER2031/020310273.WAV,WELL THEN A LOT OF PEOPLE ARE CLEARLY WRONG,2031
020310281,WAVE/SPEAKER2031/020310281.WAV,GOING TO BE A FUN TRIP,2031
020310295,WAVE/SPEAKER2031/020310295.WAV,BUT WHAT HAPPENED AT THE PARTY WHO KNOWS,2031
020310297,WAVE/SPEAKER2031/020310297.WAV,LIFE'S A BEACH AS IT WERE,2031
020310322,WAVE/SPEAKER2031/020310322.WAV,I LOSE MYSELF IN DARKNESS,2031
020310335,WAVE/SPEAKER2031/020310335.WAV,THE NEED FOR A FIX,2031
020310376,WAVE/SPEAKER2031/020310376.WAV,THAT'S HOW YOU CAN TELL IT'S THERE,2031
021120025,WAVE/SPEAKER2112/021120025.WAV,THAT WAS NOT THE PROBLEM,2112
021120059,WAVE/SPEAKER2112/021120059.WAV,WE WANT OUR TEAMS TO REMAIN WHERE THEY ARE,2112
021120074,WAVE/SPEAKER2112/021120074.WAV,AM I EVEN CLOSE TO WHERE I WANT TO BE,2112
021120075,WAVE/SPEAKER2112/021120075.WAV,THIS IS JUST THE WAY I FEEL MOST COMFORTABLE WORKING,2112
021120085,WAVE/SPEAKER2112/021120085.WAV,I KNOW THAT WILL HAPPEN,2112
021120108,WAVE/SPEAKER2112/021120108.WAV,AND WE BOTH HAVE PLAYERS WHO CAN RUN AND JUMP,2112
021120135,WAVE/SPEAKER2112/021120135.WAV,REMEMBER THE CHARITY STREAM IS TOMORROW,2112
021120151,WAVE/SPEAKER2112/021120151.WAV,I WOULD LOVE TO FORGET,2112
021120161,WAVE/SPEAKER2112/021120161.WAV,ACTUALLY IS GOING TO BE BETTER OFF,2112
021120164,WAVE/SPEAKER2112/021120164.WAV,LET ME KNOW WHAT YOU THINK OF IT LATER,2112
021120171,WAVE/SPEAKER2112/021120171.WAV,THREW A PARTY OF COURSE,2112
021120187,WAVE/SPEAKER2112/021120187.WAV,WE WILL BE THERE WAITING FOR THEM,2112
021120232,WAVE/SPEAKER2112/021120232.WAV,ALWAYS PUT EVERYTHING ON THE LINE,2112
021120233,WAVE/SPEAKER2112/021120233.WAV,WHAT DO YOU WANT TO READ ABOUT,2112
021120250,WAVE/SPEAKER2112/021120250.WAV,LESS GOVERNMENT NOT MORE IS THE SOLUTION,2112
021120256,WAVE/SPEAKER2112/021120256.WAV,ONLY WAY TO HAVE A FRIEND IS TO BE ONE,2112
021120296,WAVE/SPEAKER2112/021120296.WAV,THAT THING HAD A LOT OF TIRES,2112
021120309,WAVE/SPEAKER2112/021120309.WAV,THE FATHER OF HER CHILD WAS NOT EIGHTEEN YEARS OLD,2112
021120321,WAVE/SPEAKER2112/021120321.WAV,WHAT IF BUSINESS MAN SHOULD ACT IN THIS MANNER,2112
021120354,WAVE/SPEAKER2112/021120354.WAV,KILLING'S NOT PART OF IT,2112
021160002,WAVE/SPEAKER2116/021160002.WAV,HE WOULD NOT SAY IF THERE WERE SUSPECTS,2116
021160027,WAVE/SPEAKER2116/021160027.WAV,THAT'S WHAT WE THINK THEY WERE LOOKING FOR,2116
021160075,WAVE/SPEAKER2116/021160075.WAV,I THINK EVERYONE ACROSS THE BOARD IS SAD,2116
021160080,WAVE/SPEAKER2116/021160080.WAV,WE NEED TO DO BETTER,2116
021160089,WAVE/SPEAKER2116/021160089.WAV,HOW DO YOU GET A REPORTER IN TO COVER THAT,2116
021160090,WAVE/SPEAKER2116/021160090.WAV,POLICE RESPONDED WITH TEAR GAS,2116
021160120,WAVE/SPEAKER2116/021160120.WAV,GOING TO COME BACK AND TRY TO CLEAN UP SOMETHING,2116
021160134,WAVE/SPEAKER2116/021160134.WAV,DREAM IT SEE IT AND BE IT,2116
021160185,WAVE/SPEAKER2116/021160185.WAV,HOW CAN IT BE SEPTEMBER ALREADY,2116
021160188,WAVE/SPEAKER2116/021160188.WAV,WHAT IS THIS A JOKE,2116
021160195,WAVE/SPEAKER2116/021160195.WAV,MAY YOU MUST BE SMOKING,2116
021160198,WAVE/SPEAKER2116/021160198.WAV,WE NEED MORE AND MORE AND MORE,2116
021160203,WAVE/SPEAKER2116/021160203.WAV,BEST RIGHT BACK IN THE WORLD,2116
021160207,WAVE/SPEAKER2116/021160207.WAV,JUST GIVE THEM A CHANCE,2116
021160212,WAVE/SPEAKER2116/021160212.WAV,IT'S MARCH WHY IS IT SNOWING,2116
021160232,WAVE/SPEAKER2116/021160232.WAV,GET HIM IN THE TEST TEAM,2116
021160249,WAVE/SPEAKER2116/021160249.WAV,FOLLOW THE LINK BELOW TO REGISTER,2116
021160303,WAVE/SPEAKER2116/021160303.WAV,SO THERE IS GOING TO BE A SNOW STORM TONIGHT,2116
021160310,WAVE/SPEAKER2116/021160310.WAV,SHE WAS ABOUT TO GET LUCKY SHE COULD JUST TELL,2116
021160326,WAVE/SPEAKER2116/021160326.WAV,THERE NEVER WAS SUCH A MISTAKE AS THAT,2116
022520012,WAVE/SPEAKER2252/022520012.WAV,I LOST MY JACKET IN THE SECOND GAME,2252
022520036,WAVE/SPEAKER2252/022520036.WAV,BUT THAT'S THE WAY IT IS WAS,2252
022520067,WAVE/SPEAKER2252/022520067.WAV,WHO ELSE WOULD YOU WANT OUT THERE,2252
022520159,WAVE/SPEAKER2252/022520159.WAV,THIS IS GOOD FOR US,2252
022520174,WAVE/SPEAKER2252/022520174.WAV,THERE ARE THINGS IN LIFE THAT I DO NOT UNDERSTAND,2252
022520200,WAVE/SPEAKER2252/022520200.WAV,EVEN YOU CAN SEE THAT,2252
022520203,WAVE/SPEAKER2252/022520203.WAV,RUNNING ON THE STREETS NOT SO MUCH,2252
022520209,WAVE/SPEAKER2252/022520209.WAV,HAPPINESS IS NOT A GOAL BUT A WAY OF LIFE,2252
022520221,WAVE/SPEAKER2252/022520221.WAV,HAPPY TO BE YOUR HELP,2252
022520225,WAVE/SPEAKER2252/022520225.WAV,WHAT IS THE WORST ONE,2252
022520226,WAVE/SPEAKER2252/022520226.WAV,ACTUALLY WE ARE STILL HAVING,2252
022520258,WAVE/SPEAKER2252/022520258.WAV,LIVE IN HALF AN HOUR FOR OUR STREAM,2252
022520272,WAVE/SPEAKER2252/022520272.WAV,CREATED THE WORLD YOU WANT TO LIVE IN,2252
022520290,WAVE/SPEAKER2252/022520290.WAV,SURELY YOU HAVE THE ANSWER RIGHT,2252
022520337,WAVE/SPEAKER2252/022520337.WAV,IN ABOUT THE THIRD ROW,2252
022520345,WAVE/SPEAKER2252/022520345.WAV,REMEMBER THE TIME YOU WERE HUNGRY,2252
022520358,WAVE/SPEAKER2252/022520358.WAV,HER MOTHER HER MOUTH WAS VERY CLOSE TO HIS MOUTH,2252
022520360,WAVE/SPEAKER2252/022520360.WAV,SHE COULD GO IN OR SHE COULD GO AWAY,2252
022520366,WAVE/SPEAKER2252/022520366.WAV,THESE PEOPLES ARE MY PEOPLES TOO YOU KNOW,2252
022520375,WAVE/SPEAKER2252/022520375.WAV,AND YOU CANNOT EVEN JOIN,2252
023270032,WAVE/SPEAKER2327/023270032.WAV,IT WAS NOT A CONSCIOUS DECISION,2327
023270080,WAVE/SPEAKER2327/023270080.WAV,SO IT WAS VERY HELPFUL,2327
023270098,WAVE/SPEAKER2327/023270098.WAV,I WANTED HIM TO DO IT HERE,2327
023270118,WAVE/SPEAKER2327/023270118.WAV,TIME TO GET THE SECOND ONE,2327
023270120,WAVE/SPEAKER2327/023270120.WAV,NO MATTER WHERE YOU GO THERE YOU ARE,2327
023270140,WAVE/SPEAKER2327/023270140.WAV,I MADE UP MY MIND A LONG TIME AGO,2327
023270148,WAVE/SPEAKER2327/023270148.WAV,MAKE THE MOST OUT OF THE PRESENT,2327
023270161,WAVE/SPEAKER2327/023270161.WAV,LET GOD TAKE CARE OF THE REST,2327
023270171,WAVE/SPEAKER2327/023270171.WAV,ACTUALLY I HAVE TO RUN,2327
023270214,WAVE/SPEAKER2327/023270214.WAV,MY SAINTS HAVE TO BE BETTER,2327
023270237,WAVE/SPEAKER2327/023270237.WAV,IF YOU ARE BLAMING YOU ARE NOT BEING GRATEFUL,2327
023270268,WAVE/SPEAKER2327/023270268.WAV,LOTS OF BLUE AND WHITE TODAY,2327
023270280,WAVE/SPEAKER2327/023270280.WAV,ABOUT TO BE A LONG DAY,2327
023270286,WAVE/SPEAKER2327/023270286.WAV,ALL OF US HAVE RIGHT,2327
023270303,WAVE/SPEAKER2327/023270303.WAV,TIME FOR ME TO MAKE SOME DECISION,2327
023270315,WAVE/SPEAKER2327/023270315.WAV,SHE FOLLOWED HIM WITH HER EYES,2327
023270319,WAVE/SPEAKER2327/023270319.WAV,I WANT YOUR GOOD NOTHING SO MUCH AS THAT,2327
023270321,WAVE/SPEAKER2327/023270321.WAV,SHE TOUCHED HIM ON THE CHECK WITH HER LIPS,2327
023270331,WAVE/SPEAKER2327/023270331.WAV,BUT THEY HAD NO CHANCE TO FLY YET,2327
023270364,WAVE/SPEAKER2327/023270364.WAV,I WANT TO DO SOMETHING GOOD WITH IT,2327
023550002,WAVE/SPEAKER2355/023550002.WAV,THAT'S THE MINIMUM THAT WOULD BE ACCEPTABLE TO ME PERSONALLY,2355
023550003,WAVE/SPEAKER2355/023550003.WAV,SPEAKER AFTER SPEAKER CALLED FOR AN END TO MILITARY RULE,2355
023550008,WAVE/SPEAKER2355/023550008.WAV,I GET ALL MY MONEY FROM ABROAD,2355
023550013,WAVE/SPEAKER2355/023550013.WAV,I DO WHAT I THINK IS FUNNY,2355
023550099,WAVE/SPEAKER2355/023550099.WAV,BEFORE THEY GET DOWN TO ZERO,2355
023550123,WAVE/SPEAKER2355/023550123.WAV,TODAY IS GOING TO BE A BUSY DAY,2355
023550138,WAVE/SPEAKER2355/023550138.WAV,EDITOR AT FAN OF ROCK,2355
023550167,WAVE/SPEAKER2355/023550167.WAV,THEY HAD A BIG TIME,2355
023550175,WAVE/SPEAKER2355/023550175.WAV,OLD PEOPLE SHOULD NOT BE ALLOWED TO DRIVE,2355
023550201,WAVE/SPEAKER2355/023550201.WAV,THE MOST POWERFUL THING YOU CAN DO IS RECOVER,2355
023550202,WAVE/SPEAKER2355/023550202.WAV,TODAY WAS THE START OF A REVOLUTION,2355
023550230,WAVE/SPEAKER2355/023550230.WAV,ANGER IS SOMETHING THAT CAN BE REALLY HARD TO CONTROL,2355
023550233,WAVE/SPEAKER2355/023550233.WAV,CHILL DOWN WITH THE TALENT,2355
023550237,WAVE/SPEAKER2355/023550237.WAV,NOTE TO FIGURE OUT HOW TO USE THIS THING,2355
023550257,WAVE/SPEAKER2355/023550257.WAV,ALWAYS GOOD TO SEE A BRITISH PREMIERE,2355
023550260,WAVE/SPEAKER2355/023550260.WAV,I THOUGHT IT'S WAS A FUN FACT,2355
023550290,WAVE/SPEAKER2355/023550290.WAV,UNABLE TO CATCH THE JETS GAME,2355
023550310,WAVE/SPEAKER2355/023550310.WAV,AT LEAST IT WILL BE THIS TERM,2355
023550319,WAVE/SPEAKER2355/023550319.WAV,BUT I KNOW WHAT I MEAN,2355
023550341,WAVE/SPEAKER2355/023550341.WAV,BUT SUCH ARE THE MILITARY,2355
024380040,WAVE/SPEAKER2438/024380040.WAV,THERE'S TOO MUCH A STAKE TO DO OTHERWISE,2438
024380041,WAVE/SPEAKER2438/024380041.WAV,IT'S HAPPENED TO ME BEFORE,2438
024380116,WAVE/SPEAKER2438/024380116.WAV,PLEASE LET ME KNOW HOW I CAN BE OF SERVICE,2438
024380142,WAVE/SPEAKER2438/024380142.WAV,PARADISE MAY BE AROUND THE CORNER,2438
024380154,WAVE/SPEAKER2438/024380154.WAV,CALL ME IF YOU DO,2438
024380194,WAVE/SPEAKER2438/024380194.WAV,ROLL UP TO THE PARTY LIKE,2438
024380197,WAVE/SPEAKER2438/024380197.WAV,USED TO BE AN OLD SCHOOL I THINK,2438
024380200,WAVE/SPEAKER2438/024380200.WAV,I NEED TO KEEP UP WITH THINGS BETTER,2438
024380204,WAVE/SPEAKER2438/024380204.WAV,SHE WAS THERE FOR A CONCERT,2438
024380234,WAVE/SPEAKER2438/024380234.WAV,TAKE EVERY STEP OF THE WAY,2438
024380247,WAVE/SPEAKER2438/024380247.WAV,AT THE COST OF WHAT,2438
024380265,WAVE/SPEAKER2438/024380265.WAV,THAT'S A BUCKET LIST GOAL,2438
024380276,WAVE/SPEAKER2438/024380276.WAV,SO GIVE ME SOMETHING TO BELIEVE,2438
024380278,WAVE/SPEAKER2438/024380278.WAV,HAPPY BIRTHDAY THANK YOU FOR YOUR ALL YOU DO,2438
024380315,WAVE/SPEAKER2438/024380315.WAV,IT WAS TIGHT FIT,2438
024380317,WAVE/SPEAKER2438/024380317.WAV,AND THEN BY HIS GRAVE HIS EYES OPENED,2438
024380325,WAVE/SPEAKER2438/024380325.WAV,THEN YOU MUST MAKE SOUP OUT OF THE SNAKES,2438
024380354,WAVE/SPEAKER2438/024380354.WAV,THAT'S THE BEST GAME ALWAYS,2438
024380363,WAVE/SPEAKER2438/024380363.WAV,I WAS NOT LEFT DRIFTING,2438
024380369,WAVE/SPEAKER2438/024380369.WAV,HAD IT HAPPENED ON PURPOSE,2438
024410049,WAVE/SPEAKER2441/024410049.WAV,I APOLOGIZE TO THE COURT,2441
024410052,WAVE/SPEAKER2441/024410052.WAV,NO ONE SEEMS QUITE SURE IS THE PLAN WILL WORK,2441
024410092,WAVE/SPEAKER2441/024410092.WAV,I THINK HE CAN LEAD US TO VICTORY AGAINST ANYBODY,2441
024410098,WAVE/SPEAKER2441/024410098.WAV,HE IS ALSO AMONG THOSE TRYING TO LEARN HOW,2441
024410110,WAVE/SPEAKER2441/024410110.WAV,HE WOULD REACH BACK AND GET A LITTLE SOMETHING EXTRA,2441
024410149,WAVE/SPEAKER2441/024410149.WAV,WHAT DO YOU THINK OF MY STATUE,2441
024410158,WAVE/SPEAKER2441/024410158.WAV,SOCIAL AND DOWN TO EARTH,2441
024410160,WAVE/SPEAKER2441/024410160.WAV,FINISHED RISE OF THE LAST NIGHT,2441
024410173,WAVE/SPEAKER2441/024410173.WAV,WONDER WHAT HE THINKS WE SHOULD DO WITH HIM,2441
024410222,WAVE/SPEAKER2441/024410222.WAV,OR IT IS JUST ME AND WHO CARES,2441
024410228,WAVE/SPEAKER2441/024410228.WAV,I KIND OF LIKE THIS SNOWSTORM,2441
024410240,WAVE/SPEAKER2441/024410240.WAV,SO MUCH TO DO TOMORROW,2441
024410241,WAVE/SPEAKER2441/024410241.WAV,WHY DO YOU WANT TO REPLACE HIM,2441
024410294,WAVE/SPEAKER2441/024410294.WAV,IT'S PART OF THE SERIES,2441
024410312,WAVE/SPEAKER2441/024410312.WAV,COLLEGE IS ALL ABOUT SETTING YOURSELF UP FOR THE FUTURE,2441
024410318,WAVE/SPEAKER2441/024410318.WAV,LET HER HAVE HER OWN WAY FOR THE MOMENT,2441
024410322,WAVE/SPEAKER2441/024410322.WAV,AND FOR THIS HE IS PUT TO SHAME,2441
024410350,WAVE/SPEAKER2441/024410350.WAV,AND AS SUCH YOU NEED HELP,2441
024410368,WAVE/SPEAKER2441/024410368.WAV,THE MOTIVE FOR THE CRIME IS NOT FAR TO SEEK,2441
024410377,WAVE/SPEAKER2441/024410377.WAV,WHAT'S WRONG WITH YOUR EYES,2441
024480016,WAVE/SPEAKER2448/024480016.WAV,BUT THERE WAS NO IMMEDIATE OFFICIAL COMMENT,2448
024480028,WAVE/SPEAKER2448/024480028.WAV,I LOVED HER WITH ALL MY HEART,2448
024480094,WAVE/SPEAKER2448/024480094.WAV,WE HAVE NO INTEREST IN ATTEMPTING TO DO THAT,2448
024480095,WAVE/SPEAKER2448/024480095.WAV,THURSDAY IS THE LAST DAY OF THIS YEAR'S DEBATE,2448
024480105,WAVE/SPEAKER2448/024480105.WAV,BUT IT MIGHT BE ALL ABOUT THE PHYSICAL PLAY,2448
024480127,WAVE/SPEAKER2448/024480127.WAV,WOULD IT BE POSSIBLE FOR US TO DO AN INTERVIEW,2448
024480159,WAVE/SPEAKER2448/024480159.WAV,IT IS A FORM OF SELFISHNESS,2448
024480186,WAVE/SPEAKER2448/024480186.WAV,JUST TO HEAR HIS VOICE,2448
024480188,WAVE/SPEAKER2448/024480188.WAV,HOPING THAT THEY ARE DOING THE SAME WITH THIS ONE,2448
024480212,WAVE/SPEAKER2448/024480212.WAV,WHAT ABOUT THE SHAPE OF THE UNIVERSE,2448
024480228,WAVE/SPEAKER2448/024480228.WAV,SO IN NEED OF A GOOD MOVIE,2448
024480232,WAVE/SPEAKER2448/024480232.WAV,SOMETIMES THE BEST THING YOU CAN DO IS NOTHING,2448
024480241,WAVE/SPEAKER2448/024480241.WAV,HE WAS TRYING TO KEEP YOU SAFE,2448
024480244,WAVE/SPEAKER2448/024480244.WAV,LEARN THE WHY NOT JUST THE WHAT,2448
024480251,WAVE/SPEAKER2448/024480251.WAV,IT'S NICE TO HAVE A BREAK,2448
024480255,WAVE/SPEAKER2448/024480255.WAV,THEN IT'S TIME TO DO SOMETHING NEW,2448
024480270,WAVE/SPEAKER2448/024480270.WAV,HAD A NICE DAY AT THE ZOO,2448
024480292,WAVE/SPEAKER2448/024480292.WAV,LEARN TO BE COMFORTABLE WITH THE PRESSURE,2448
024480297,WAVE/SPEAKER2448/024480297.WAV,I BELIEVE IN YOU YOU CAN MAKE IT HAPPEN,2448
024480335,WAVE/SPEAKER2448/024480335.WAV,ARE YOU COMING TO BED,2448
024510017,WAVE/SPEAKER2451/024510017.WAV,IT WAS TOUGH FOR US AT THE TIME,2451
024510043,WAVE/SPEAKER2451/024510043.WAV,IT'S VERY MUCH PART OF MY INTIMATE LIFE,2451
024510061,WAVE/SPEAKER2451/024510061.WAV,IT'S TOO PRECIOUS TO US TO LET IT DIE,2451
024510070,WAVE/SPEAKER2451/024510070.WAV,IT'S ALL PART AND PARCEL OF NEW MANAGEMENT STYLE,2451
024510114,WAVE/SPEAKER2451/024510114.WAV,TROOPS MOVE IN TO BREAK UP SOME STRIKES,2451
024510164,WAVE/SPEAKER2451/024510164.WAV,WHERE IN SOUTH AFRICA ARE YOU FROM,2451
024510179,WAVE/SPEAKER2451/024510179.WAV,GOD I LOVE THIS MAN ALREADY,2451
024510195,WAVE/SPEAKER2451/024510195.WAV,SO GRATEFUL TO BE A PART OF THIS,2451
024510206,WAVE/SPEAKER2451/024510206.WAV,GOOD PEOPLE COME TO THOSE WHO WAIT,2451
024510215,WAVE/SPEAKER2451/024510215.WAV,JUST CAUGHT A GLIMPSE OF MYSELF IN THE MIRROR,2451
024510224,WAVE/SPEAKER2451/024510224.WAV,TO MAKE A DIFFERENCE YOU MUST BE THE DIFFERENCE,2451
024510247,WAVE/SPEAKER2451/024510247.WAV,BE THE MIRACLE YOU WANT TO SEE IN THE WORLD,2451
024510252,WAVE/SPEAKER2451/024510252.WAV,SOMEONE WANT TO GO TO WORK FOR ME,2451
024510275,WAVE/SPEAKER2451/024510275.WAV,OR DO YOU WANT ME TO,2451
024510316,WAVE/SPEAKER2451/024510316.WAV,ONE LOOK WILL BE SUFFICIENT,2451
024510323,WAVE/SPEAKER2451/024510323.WAV,NO ANGEL WOULD DO SUCH A THING,2451
024510336,WAVE/SPEAKER2451/024510336.WAV,HUMANE DOCTORS MOST OF THEM,2451
024510351,WAVE/SPEAKER2451/024510351.WAV,THE PROFESSOR TURNED DOWN THE SHEETS,2451
024510352,WAVE/SPEAKER2451/024510352.WAV,THIS WAS THE GIRL HE HAD HAD DOUBTS OF,2451
024510375,WAVE/SPEAKER2451/024510375.WAV,IT WAS A SMALL ROOM,2451
024880041,WAVE/SPEAKER2488/024880041.WAV,THEY TALK ABOUT THE MOUNTAINS,2488
024880059,WAVE/SPEAKER2488/024880059.WAV,EVERYTHING IS STILL AHEAD OF ME,2488
024880070,WAVE/SPEAKER2488/024880070.WAV,HE WAS AT THE HEIGHT OF HIS POWER,2488
024880098,WAVE/SPEAKER2488/024880098.WAV,THEY GET USED TO THE HEAT,2488
024880118,WAVE/SPEAKER2488/024880118.WAV,LET'S MAKE SURE THIS IS ONLY THE BEGINNING,2488
024880155,WAVE/SPEAKER2488/024880155.WAV,WOULD LOVE TO SEE YOU MAKE IT UP HERE,2488
024880176,WAVE/SPEAKER2488/024880176.WAV,BECAUSE IS THE RIGHT THING TO DO,2488
024880190,WAVE/SPEAKER2488/024880190.WAV,BUT STILL NO IDEA WANT WHAT TO ASK,2488
024880194,WAVE/SPEAKER2488/024880194.WAV,SO PLEASE FEEL FREE TO LET US KNOW,2488
024880195,WAVE/SPEAKER2488/024880195.WAV,WHERE DO YOU THINK IS A GOOD FIT,2488
024880207,WAVE/SPEAKER2488/024880207.WAV,I REALLY NEED TO DO BETTER,2488
024880210,WAVE/SPEAKER2488/024880210.WAV,HE HAD TO GET OUT OF THE CARE CAR,2488
024880234,WAVE/SPEAKER2488/024880234.WAV,INSTEAD YOU GIVE ME SUN,2488
024880245,WAVE/SPEAKER2488/024880245.WAV,I DO NOT WANT TO PLAY THIS,2488
024880258,WAVE/SPEAKER2488/024880258.WAV,DO YOU EVER THINK ABOUT THE THINGS YOU SAY,2488
024880267,WAVE/SPEAKER2488/024880267.WAV,THANK YOU FOR THE POST,2488
024880269,WAVE/SPEAKER2488/024880269.WAV,WELL ALL TIME TO CALL IT A NIGHT,2488
024880299,WAVE/SPEAKER2488/024880299.WAV,THIS PROBABLY GOING TO BE THE BEST MOVIE EVER,2488
024880303,WAVE/SPEAKER2488/024880303.WAV,AND IT MEANS THE WORLD TO ME,2488
024880339,WAVE/SPEAKER2488/024880339.WAV,I WAS TRYING TO GUESS THE TIME,2488
025380004,WAVE/SPEAKER2538/025380004.WAV,THERE WERE HATS BUTTONS AND RED WHITE AND BLUE BALLOONS,2538
025380051,WAVE/SPEAKER2538/025380051.WAV,SHE WILL FIGHT AND WE ARE READY,2538
025380065,WAVE/SPEAKER2538/025380065.WAV,I WANTED THIS TO END,2538
025380091,WAVE/SPEAKER2538/025380091.WAV,IT IS AN INNER INTERNATIONAL WORD,2538
025380107,WAVE/SPEAKER2538/025380107.WAV,HE WAS REPORTED IN GUARDED CONDITION TODAY,2538
025380133,WAVE/SPEAKER2538/025380133.WAV,ADVICE AS FAR AS WHAT,2538
025380149,WAVE/SPEAKER2538/025380149.WAV,WORK IS NOT ALL THAT TO LIFE,2538
025380151,WAVE/SPEAKER2538/025380151.WAV,YES AND THE DEADLY ONE TOO,2538
025380152,WAVE/SPEAKER2538/025380152.WAV,MEANWHILE IS IT PIG ROAST YET,2538
025380158,WAVE/SPEAKER2538/025380158.WAV,PUTTING ALL OF US AT RISK OF A NUCLEAR WAR,2538
025380162,WAVE/SPEAKER2538/025380162.WAV,BUT THERE WAS NO PROTEST,2538
025380175,WAVE/SPEAKER2538/025380175.WAV,EVERYBODY IS GETTING READY FOR THEIR PITCH,2538
025380202,WAVE/SPEAKER2538/025380202.WAV,SHOW THE PAY RICE VIDEO,2538
025380217,WAVE/SPEAKER2538/025380217.WAV,WELL THAT WAS JUST RIDICULOUS,2538
025380251,WAVE/SPEAKER2538/025380251.WAV,OR THE ONE WITH THE PHOTOGRAPHERS,2538
025380256,WAVE/SPEAKER2538/025380256.WAV,I HAVE NO IDEA WHY IT'S POPULAR,2538
025380277,WAVE/SPEAKER2538/025380277.WAV,YES IT WAS AN EARTHQUAKE,2538
025380298,WAVE/SPEAKER2538/025380298.WAV,HOPE YOU ALL HAD A GOOD WEEKEND,2538
025380340,WAVE/SPEAKER2538/025380340.WAV,HE HAD A MOMENT OF DOUBT,2538
025380347,WAVE/SPEAKER2538/025380347.WAV,THEY ENTERED THROUGH THE OPENING ON THE BEACH,2538
027400077,WAVE/SPEAKER2740/027400077.WAV,I THINK WE NEED THAT TYPE OF PERSON,2740
027400094,WAVE/SPEAKER2740/027400094.WAV,ASK THEM IF THEY PLAN TO VOTE,2740
027400125,WAVE/SPEAKER2740/027400125.WAV,IT'S A GAME OF CHEESE BABY,2740
027400126,WAVE/SPEAKER2740/027400126.WAV,IT IS MUCH MORE THAN THIS,2740
027400145,WAVE/SPEAKER2740/027400145.WAV,ALL WE HAVE TO DO IS EXECUTE,2740
027400146,WAVE/SPEAKER2740/027400146.WAV,THANK YOU SO MUCH TO YOU AND THE TEAM,2740
027400151,WAVE/SPEAKER2740/027400151.WAV,HAVE YOU SET A DATE FOR YOUR VIDEO YET,2740
027400171,WAVE/SPEAKER2740/027400171.WAV,I HAD SO MUCH FUN WITH YOU YESTERDAY,2740
027400173,WAVE/SPEAKER2740/027400173.WAV,READY UP ON THE BENEFITS,2740
027400176,WAVE/SPEAKER2740/027400176.WAV,ALL I WANT TO BE HAPPY,2740
027400201,WAVE/SPEAKER2740/027400201.WAV,I HOPE YOU FIND OUT WHAT THE WORD IS,2740
027400238,WAVE/SPEAKER2740/027400238.WAV,NEED TO FIND A WAY TO FIX THAT,2740
027400246,WAVE/SPEAKER2740/027400246.WAV,TRULY IT WILL BE A NIGHT TO REMEMBER,2740
027400276,WAVE/SPEAKER2740/027400276.WAV,THAT IS NOT A SALARY,2740
027400283,WAVE/SPEAKER2740/027400283.WAV,CAN WE TALK ABOUT HAIR,2740
027400286,WAVE/SPEAKER2740/027400286.WAV,LOVE MAKES ME FEEL ALIVE,2740
027400289,WAVE/SPEAKER2740/027400289.WAV,IT WOULD BE A GREAT FOR US TO ADD HIM,2740
027400295,WAVE/SPEAKER2740/027400295.WAV,SO YOU KNOW IS GOING TO BE FUN,2740
027400321,WAVE/SPEAKER2740/027400321.WAV,I WALK INTO THE ROOM TRYING TO SMILE,2740
027400372,WAVE/SPEAKER2740/027400372.WAV,SPRING AND THE BIRDS ARE COURTING,2740
028920012,WAVE/SPEAKER2892/028920012.WAV,SENDING YOU LOVE AND BLESSINGS,2892
028920027,WAVE/SPEAKER2892/028920027.WAV,I THINK HE'S IN A REAL BIND,2892
028920044,WAVE/SPEAKER2892/028920044.WAV,ONE WAS KILLED AND THE OTHER WAS WOUNDED,2892
028920050,WAVE/SPEAKER2892/028920050.WAV,THOSE ARE FAITH FAMILY AND FREEDOM,2892
028920120,WAVE/SPEAKER2892/028920120.WAV,HE'S BETTER THAN A TANK,2892
028920122,WAVE/SPEAKER2892/028920122.WAV,HOPE YOU HAD A GOOD MEAL,2892
028920128,WAVE/SPEAKER2892/028920128.WAV,SO DO YOU NOT HAVE IT,2892
028920131,WAVE/SPEAKER2892/028920131.WAV,AND WE NEED TO KEEP FIGHTING FOR IT,2892
028920174,WAVE/SPEAKER2892/028920174.WAV,THIS IS AN OLD PATTERN,2892
028920200,WAVE/SPEAKER2892/028920200.WAV,I CAN HARDLY WAIT TO SEE THIS,2892
028920207,WAVE/SPEAKER2892/028920207.WAV,MY HEART IS FULL OF LOVE,2892
028920213,WAVE/SPEAKER2892/028920213.WAV,THEY MADE IT EASY TO FIND EVERYTHING,2892
028920214,WAVE/SPEAKER2892/028920214.WAV,I AM READY TO MOVE UP AND ON,2892
028920224,WAVE/SPEAKER2892/028920224.WAV,WE SHOULD BE MORE SELFISH,2892
028920235,WAVE/SPEAKER2892/028920235.WAV,I THINK YOU CAN TAKE IT YOURSELF,2892
028920239,WAVE/SPEAKER2892/028920239.WAV,WHAT WE WANT TO HEAR TODAY,2892
028920242,WAVE/SPEAKER2892/028920242.WAV,WANT TO GET RID OF THOSE DARK SPOTS,2892
028920259,WAVE/SPEAKER2892/028920259.WAV,I WANTED HER TO BE MY DAUGHTER,2892
028920315,WAVE/SPEAKER2892/028920315.WAV,MAY PASSED IN A BLAZE OF SUNSHINE,2892
028920321,WAVE/SPEAKER2892/028920321.WAV,WHAT COULD HAVE MADE HIM,2892
028970002,WAVE/SPEAKER2897/028970002.WAV,WHY WOULD I WANT TO KNOW ANYTHING ABOUT IT,2897
028970016,WAVE/SPEAKER2897/028970016.WAV,HE MAY COME BACK TOMORROW WITH ANOTHER OFFER WHO KNOWS,2897
028970022,WAVE/SPEAKER2897/028970022.WAV,IT COULD BE DISMISSED BECAUSE THERE'S NOTHING THERE,2897
028970039,WAVE/SPEAKER2897/028970039.WAV,SO FAR NO ONE IS EXPECTED TO LOSE THEIR JOB,2897
028970052,WAVE/SPEAKER2897/028970052.WAV,THE STORM HIT ABOUT AN HOUR LATER,2897
028970057,WAVE/SPEAKER2897/028970057.WAV,BOTH PLAYERS HOWEVER WERE AFFECTIES IN THE FOURTH QUARTER,2897
028970088,WAVE/SPEAKER2897/028970088.WAV,I AM GOING TO LEARN,2897
028970129,WAVE/SPEAKER2897/028970129.WAV,STUFF FOR THE OTHER ACCOUNT,2897
028970146,WAVE/SPEAKER2897/028970146.WAV,THIS IS THE ONLY ONE I FOUND,2897
028970153,WAVE/SPEAKER2897/028970153.WAV,GREAT BE PART OF THE DISCUSSION,2897
028970158,WAVE/SPEAKER2897/028970158.WAV,I WAS JUST GOING TO WRITE THAT,2897
028970190,WAVE/SPEAKER2897/028970190.WAV,WELCOME TO THE NEW WORLD,2897
028970198,WAVE/SPEAKER2897/028970198.WAV,BE SURE TO CHECK THIS OUT TONIGHT,2897
028970221,WAVE/SPEAKER2897/028970221.WAV,PERHAPS YOU CAN HELP ME,2897
028970245,WAVE/SPEAKER2897/028970245.WAV,HELLO RICH I AM SORRY TO HEAR THIS,2897
028970251,WAVE/SPEAKER2897/028970251.WAV,HAD A GREAT FIRST DAY OF SCHOOL,2897
028970273,WAVE/SPEAKER2897/028970273.WAV,THIS IS AN OLD ARREST,2897
028970279,WAVE/SPEAKER2897/028970279.WAV,WHY DO YOU NEED ME NOW,2897
028970294,WAVE/SPEAKER2897/028970294.WAV,WELL THAT IS A VERY FAIR POINT,2897
028970329,WAVE/SPEAKER2897/028970329.WAV,I SHOUTED AS I JUMPED OUT OF THE TRUCK,2897
029170012,WAVE/SPEAKER2917/029170012.WAV,THAT'S THE KIND OF PERSON I LIKE TO DEAL WITH,2917
029170043,WAVE/SPEAKER2917/029170043.WAV,I BELIEVE I'M THE RIGHT PERSON FOR THE JOB,2917
029170055,WAVE/SPEAKER2917/029170055.WAV,THE GENERAL CONCLUSION WAS THAT IT IS NOT THAT SIMPLE,2917
029170086,WAVE/SPEAKER2917/029170086.WAV,IT WAS A GREAT PLAY,2917
029170104,WAVE/SPEAKER2917/029170104.WAV,OIL PRICES ALSO ROSE SHARPLY,2917
029170149,WAVE/SPEAKER2917/029170149.WAV,BUT DO YOU HAVE IT IN BLACK,2917
029170156,WAVE/SPEAKER2917/029170156.WAV,WHAT ARE YOU WAITING FOR IT,2917
029170161,WAVE/SPEAKER2917/029170161.WAV,SO IF YOU HAVE ANY QUESTIONS LET ME KNOW,2917
029170177,WAVE/SPEAKER2917/029170177.WAV,DOING IT RIGHT DURING THE LAST WEEK OF WORK,2917
029170181,WAVE/SPEAKER2917/029170181.WAV,GREAT PICTURE OF THE FIELD,2917
029170196,WAVE/SPEAKER2917/029170196.WAV,THE ONLY IN THE LEAGUE,2917
029170197,WAVE/SPEAKER2917/029170197.WAV,I WANT TO BE A PART OF THIS THREAD,2917
029170211,WAVE/SPEAKER2917/029170211.WAV,WILL HAVE TO FACE THE MUSIC TOMORROW,2917
029170226,WAVE/SPEAKER2917/029170226.WAV,THANK YOU FOR YOUR INTEREST THOUGH,2917
029170231,WAVE/SPEAKER2917/029170231.WAV,IT WAS ONE OF THE BEST ONES TO ME,2917
029170252,WAVE/SPEAKER2917/029170252.WAV,NEW ONE FOR THE GIRLS,2917
029170309,WAVE/SPEAKER2917/029170309.WAV,HE HAD NEVER HAD AN ATTENDANT FOR HIS OWN PERSON,2917
029170321,WAVE/SPEAKER2917/029170321.WAV,YES BY THE MEMORY OF MY FATHERS,2917
029170359,WAVE/SPEAKER2917/029170359.WAV,I WAS TRANSFERRED FROM ONE MASTER TO ANOTHER,2917
029170362,WAVE/SPEAKER2917/029170362.WAV,BUT HE WAS CAREFUL NOT TO SHOW IT,2917
029370015,WAVE/SPEAKER2937/029370015.WAV,IT'S DO OR DIE FOR THEM,2937
029370032,WAVE/SPEAKER2937/029370032.WAV,THE IDEAS OF COURSE ARE NOT NOT NEW,2937
029370040,WAVE/SPEAKER2937/029370040.WAV,POLICE HAVE YET TO CHARGE ANYONE IN BOMBINGS,2937
029370106,WAVE/SPEAKER2937/029370106.WAV,THIS IS NOT AN ARGUMENT FOR BUSINESS AS USUAL,2937
029370108,WAVE/SPEAKER2937/029370108.WAV,HE CALLED FOR EDUCATION CAMPAIGN TARGETING THE ISSUE OF WEAPONS,2937
029370123,WAVE/SPEAKER2937/029370123.WAV,BUT YOU KNOW WHAT'S COOL,2937
029370126,WAVE/SPEAKER2937/029370126.WAV,WHO IS MOST BEAUTIFUL IN THEM,2937
029370142,WAVE/SPEAKER2937/029370142.WAV,AND BY THEN IT WILL BE TOO LATE,2937
029370153,WAVE/SPEAKER2937/029370153.WAV,YOU CAN DO IT BUD,2937
029370185,WAVE/SPEAKER2937/029370185.WAV,I AM GLAD YOU ARE BACK,2937
029370193,WAVE/SPEAKER2937/029370193.WAV,NOW YOU CAN BE TOO,2937
029370210,WAVE/SPEAKER2937/029370210.WAV,I REALLY LIKE THE LOOK OF IT THOUGHTS,2937
029370217,WAVE/SPEAKER2937/029370217.WAV,FINAL NIGHT NIGHTS OF THE CONFERENCE,2937
029370221,WAVE/SPEAKER2937/029370221.WAV,IT'S SUCH A GREAT SERIES,2937
029370230,WAVE/SPEAKER2937/029370230.WAV,MY THOUGHTS AND PRAYERS ARE WITH FRIENDS TODAY,2937
029370235,WAVE/SPEAKER2937/029370235.WAV,BECAUSE WE ARE ALL GOING TO BE DEAD,2937
029370239,WAVE/SPEAKER2937/029370239.WAV,HOW DO YOU MAKE THAT BETTER,2937
029370270,WAVE/SPEAKER2937/029370270.WAV,I GUESS YOU COULD SAY THIS IS IT,2937
029370303,WAVE/SPEAKER2937/029370303.WAV,THAT WAS THE WHOLE POINT OF THEM,2937
029370379,WAVE/SPEAKER2937/029370379.WAV,BEST TO PLAY SAFE ANYWAY,2937
030070015,WAVE/SPEAKER3007/030070015.WAV,IS THERE A GOOD PLACE AT TABLE,3007
030070017,WAVE/SPEAKER3007/030070017.WAV,AND I LOVE YOU SO,3007
030070019,WAVE/SPEAKER3007/030070019.WAV,YOU WOULD KNOW WHAT TO DO WITH IT,3007
030070022,WAVE/SPEAKER3007/030070022.WAV,WHAT WAS THE TIME NOW,3007
030070025,WAVE/SPEAKER3007/030070025.WAV,THERE ARE BOTH MY HANDS,3007
030070043,WAVE/SPEAKER3007/030070043.WAV,HE WAS RIGHT IN THIS,3007
030070049,WAVE/SPEAKER3007/030070049.WAV,BUT HE WILL HAVE NO USE FOR IT,3007
030070054,WAVE/SPEAKER3007/030070054.WAV,WHAT A SHOULDER AND NECK SHE HAD,3007
030070058,WAVE/SPEAKER3007/030070058.WAV,HOW HE LOVES ME,3007
030070066,WAVE/SPEAKER3007/030070066.WAV,HOW CAN I TELL IT YOU,3007
030070093,WAVE/SPEAKER3007/030070093.WAV,HE WILL HAVE SIX WEEKS OF ME,3007
030070094,WAVE/SPEAKER3007/030070094.WAV,AND AFTER THAT IT WILL BE MY TURN,3007
030070099,WAVE/SPEAKER3007/030070099.WAV,HER WATCH WAS OUT,3007
030070108,WAVE/SPEAKER3007/030070108.WAV,NO SNOW WAS FALLING,3007
030070111,WAVE/SPEAKER3007/030070111.WAV,WHAT HAVE YOU MISSED,3007
030070112,WAVE/SPEAKER3007/030070112.WAV,I WANT YOU TO TELL ME SOMETHING FIRST,3007
030070135,WAVE/SPEAKER3007/030070135.WAV,THAT WAS TOO MUCH FOR THEM,3007
030070138,WAVE/SPEAKER3007/030070138.WAV,HE PUT HIS ARM ROUND HER,3007
030070152,WAVE/SPEAKER3007/030070152.WAV,SOME OF THEM HAD TO WAIT THERE FOR YEARS,3007
030070159,WAVE/SPEAKER3007/030070159.WAV,THAT WAS HOW HE WAS,3007
030120001,WAVE/SPEAKER3012/030120001.WAV,THERE WELL MANY THINGS NEW TO ME,3012
030120003,WAVE/SPEAKER3012/030120003.WAV,BUT WHAT WAD YOU HAVE ME DO ABOUT IT,3012
030120018,WAVE/SPEAKER3012/030120018.WAV,WAD HE LOVE ME,3012
030120021,WAVE/SPEAKER3012/030120021.WAV,WELL THAT'S IS GOODS,3012
030120029,WAVE/SPEAKER3012/030120029.WAV,BUT IS WAS COLDS,3012
030120044,WAVE/SPEAKER3012/030120044.WAV,WHICH SEASON DO YOU LIKE BEST,3012
030120072,WAVE/SPEAKER3012/030120072.WAV,IS SHE YOUR SISTER,3012
030120079,WAVE/SPEAKER3012/030120079.WAV,I KNOW HE IS,3012
030120089,WAVE/SPEAKER3012/030120089.WAV,THIS IS SOMETHING TO KNOW,3012
030120097,WAVE/SPEAKER3012/030120097.WAV,WE WILL WAIT WE WILL WAIT,3012
030120106,WAVE/SPEAKER3012/030120106.WAV,AND WHAT'S MAY TO HOW US DO,3012
030120121,WAVE/SPEAKER3012/030120121.WAV,IT WAS MY IDEA,3012
030120141,WAVE/SPEAKER3012/030120141.WAV,SHE WORKS HARD FOR US,3012
030120150,WAVE/SPEAKER3012/030120150.WAV,WHERE WAS HE KNOW,3012
030120154,WAVE/SPEAKER3012/030120154.WAV,WELL SHE WAD SEE,3012
030120155,WAVE/SPEAKER3012/030120155.WAV,WHO IS IT THAT CALLS,3012
030120157,WAVE/SPEAKER3012/030120157.WAV,LET'S US SEE WHAT THEY ARE,3012
030120163,WAVE/SPEAKER3012/030120163.WAV,I WAS GLAD FOR IT,3012
030120165,WAVE/SPEAKER3012/030120165.WAV,TAKE CAR HOW YOU GO,3012
030120173,WAVE/SPEAKER3012/030120173.WAV,HE WAS GOING HOME,3012
030140009,WAVE/SPEAKER3014/030140009.WAV,WE WILL NOT WAIT,3014
030140010,WAVE/SPEAKER3014/030140010.WAV,I AM TO HAVE THE DRIVING OF THEM,3014
030140017,WAVE/SPEAKER3014/030140017.WAV,I HAVE TOO MUCH ALREADY,3014
030140025,WAVE/SPEAKER3014/030140025.WAV,I LIKE TO HAVE IT BEFORE MY EYES,3014
030140043,WAVE/SPEAKER3014/030140043.WAV,AND WHO IS THAT,3014
030140053,WAVE/SPEAKER3014/030140053.WAV,IT WAS MALL MORNING NOW,3014
030140075,WAVE/SPEAKER3014/030140075.WAV,I TELL YOU WHAT IT'S LIKE,3014
030140086,WAVE/SPEAKER3014/030140086.WAV,AND SO IT IS ALL ROUND,3014
030140089,WAVE/SPEAKER3014/030140089.WAV,I WAS THEN EIGHTEEN,3014
030140092,WAVE/SPEAKER3014/030140092.WAV,WELL THAT IS THAT,3014
030140095,WAVE/SPEAKER3014/030140095.WAV,I WAS FIRST TO DRAW,3014
030140099,WAVE/SPEAKER3014/030140099.WAV,THE FOURTH DAY IS COME,3014
030140126,WAVE/SPEAKER3014/030140126.WAV,IT WAS OF HER I WANTED TO HEAR OF HER,3014
030140128,WAVE/SPEAKER3014/030140128.WAV,WE MISS YOU AT EVERY TURN,3014
030140129,WAVE/SPEAKER3014/030140129.WAV,I KNOW WE ARE,3014
030140132,WAVE/SPEAKER3014/030140132.WAV,HE DOES NOT KNOW WHAT HE WANTS,3014
030140134,WAVE/SPEAKER3014/030140134.WAV,SHE IS ELEVEN YEARS OLD,3014
030140144,WAVE/SPEAKER3014/030140144.WAV,THEY LOOKED AT HIM,3014
030140147,WAVE/SPEAKER3014/030140147.WAV,IT GOES UP TOO HIGH,3014
030140173,WAVE/SPEAKER3014/030140173.WAV,YES WHO WAS IT,3014
030270013,WAVE/SPEAKER3027/030270013.WAV,YOU HAVE ONLY TO GO ON,3027
030270014,WAVE/SPEAKER3027/030270014.WAV,THIS WAS WHEN I WAS IN MY SEVENTH YEAR,3027
030270026,WAVE/SPEAKER3027/030270026.WAV,WHAT IN SHORT WAS IT THAT HE HAD DONE,3027
030270033,WAVE/SPEAKER3027/030270033.WAV,I HAD BUT TO GO AFTER AND FIND THEM,3027
030270049,WAVE/SPEAKER3027/030270049.WAV,SHE WOULD GO AND THEN WOULD BE HAPPY,3027
030270053,WAVE/SPEAKER3027/030270053.WAV,MY FINGERS ALL GIVING OUT,3027
030270054,WAVE/SPEAKER3027/030270054.WAV,NOT THAT SHE CARED OF HIM,3027
030270073,WAVE/SPEAKER3027/030270073.WAV,BUT HOW I I TO TELL HER FATHER,3027
030270075,WAVE/SPEAKER3027/030270075.WAV,WHERE WAS THE KNIFE,3027
030270083,WAVE/SPEAKER3027/030270083.WAV,MISS WEEKS IS HER NAME,3027
030270093,WAVE/SPEAKER3027/030270093.WAV,WAS IT TO COME TO THAT,3027
030270116,WAVE/SPEAKER3027/030270116.WAV,IT WAS WHAT HE WANTED,3027
030270121,WAVE/SPEAKER3027/030270121.WAV,IT WAS NOW MY TURN TO LOOK AT HIM,3027
030270140,WAVE/SPEAKER3027/030270140.WAV,WELL NOW WHAT ARE WE TO DO,3027
030270141,WAVE/SPEAKER3027/030270141.WAV,TAKE OUT YOUR EYES AND GET THEM TO ME,3027
030270147,WAVE/SPEAKER3027/030270147.WAV,WOULD THEY TURN THERE,3027
030270151,WAVE/SPEAKER3027/030270151.WAV,THAT WOULD BE BEST,3027
030270161,WAVE/SPEAKER3027/030270161.WAV,THAT IS HIS STORY,3027
030270168,WAVE/SPEAKER3027/030270168.WAV,DATES IS THE NAME,3027
030270175,WAVE/SPEAKER3027/030270175.WAV,THE DAY IS BOTH WINDY AND RAINY,3027
030600004,WAVE/SPEAKER3060/030600004.WAV,THAT WAS BUT THE BEGINNING,3060
030600011,WAVE/SPEAKER3060/030600011.WAV,LOVE ME LOVE MY DOG YOU KNOW,3060
030600020,WAVE/SPEAKER3060/030600020.WAV,THERE ARE TOO SWEET,3060
030600023,WAVE/SPEAKER3060/030600023.WAV,DO YOU WANT TO PLAY WITH US,3060
030600039,WAVE/SPEAKER3060/030600039.WAV,AND HER MOTHER BEEF HER,3060
030600041,WAVE/SPEAKER3060/030600041.WAV,WILL YOUR GIVE THEM TO HER,3060
030600042,WAVE/SPEAKER3060/030600042.WAV,IT WAS OVER KNOW,3060
030600052,WAVE/SPEAKER3060/030600052.WAV,I WANT ONLY TO BE SURE OF THAT,3060
030600054,WAVE/SPEAKER3060/030600054.WAV,IT WILL TAKE US ELL OUR TAME,3060
030600055,WAVE/SPEAKER3060/030600055.WAV,I WILL HELP HIM,3060
030600070,WAVE/SPEAKER3060/030600070.WAV,BUT WHAT IS THE SOMETHING,3060
030600085,WAVE/SPEAKER3060/030600085.WAV,I WILL TELL YOU WHAT IT IS,3060
030600099,WAVE/SPEAKER3060/030600099.WAV,TAKE CAR OF MY HAIR,3060
030600104,WAVE/SPEAKER3060/030600104.WAV,THAT IS WHAT I DO KNOW,3060
030600140,WAVE/SPEAKER3060/030600140.WAV,WHERE WAS SHE TO GO KNOW,3060
030600147,WAVE/SPEAKER3060/030600147.WAV,TELL ME WHAT IT IS,3060
030600154,WAVE/SPEAKER3060/030600154.WAV,WILL YOUR HAVE HIM,3060
030600156,WAVE/SPEAKER3060/030600156.WAV,WHY WHERE THEN COMING BACK,3060
030600160,WAVE/SPEAKER3060/030600160.WAV,OH MY SWEET CHILD,3060
030600168,WAVE/SPEAKER3060/030600168.WAV,AND WHY CAR FOR THOSE WHO DO NOT NOT YOUR,3060
030750012,WAVE/SPEAKER3075/030750012.WAV,TELL ME WILL YOU BE HERE LONG,3075
030750030,WAVE/SPEAKER3075/030750030.WAV,BUT WHAT AM I TO DO ABOUT THIS,3075
030750034,WAVE/SPEAKER3075/030750034.WAV,IT WAS EASY WHAT HE HAD TO DO,3075
030750042,WAVE/SPEAKER3075/030750042.WAV,FROM IT SHE LOOKED TO,3075
030750057,WAVE/SPEAKER3075/030750057.WAV,WE ARE GOING THERE AFTER DINNER,3075
030750058,WAVE/SPEAKER3075/030750058.WAV,NOW WHAT YOU HAVE DONE,3075
030750061,WAVE/SPEAKER3075/030750061.WAV,TAKE ARE LOOK AND ME,3075
030750074,WAVE/SPEAKER3075/030750074.WAV,THE EVENING WAS FAILING,3075
030750076,WAVE/SPEAKER3075/030750076.WAV,BUT DO YOU GET ITS THERE,3075
030750078,WAVE/SPEAKER3075/030750078.WAV,WELL THE PLACE LOOKS LIKE IT,3075
030750088,WAVE/SPEAKER3075/030750088.WAV,WHAT DOES SHE SAY,3075
030750093,WAVE/SPEAKER3075/030750093.WAV,IT WAS HOLIDAY WITH HER,3075
030750098,WAVE/SPEAKER3075/030750098.WAV,AND THEN YOU ARE ALL SO GOOD,3075
030750108,WAVE/SPEAKER3075/030750108.WAV,AS FOR LOVING HER,3075
030750119,WAVE/SPEAKER3075/030750119.WAV,WHO THEN OR THAT,3075
030750128,WAVE/SPEAKER3075/030750128.WAV,WE HAD A WEEK OF WAITING,3075
030750146,WAVE/SPEAKER3075/030750146.WAV,WILL YOU HAVE SOME TEA,3075
030750155,WAVE/SPEAKER3075/030750155.WAV,I HAVE DONE SOMETHING,3075
030750165,WAVE/SPEAKER3075/030750165.WAV,THERE WAS,3075
030750170,WAVE/SPEAKER3075/030750170.WAV,THEY WILL BE THE HILL,3075
032140001,WAVE/SPEAKER3214/032140001.WAV,LET ME DO AS I WISH,3214
032140007,WAVE/SPEAKER3214/032140007.WAV,ONE DOES NOT YOU KNOW AFTER ARE TIME,3214
032140013,WAVE/SPEAKER3214/032140013.WAV,LOOK I TELL YOU,3214
032140017,WAVE/SPEAKER3214/032140017.WAV,THAT WAS THE DOG YOU KNOW,3214
032140025,WAVE/SPEAKER3214/032140025.WAV,TELL ME HAS YOUR FATHER TURN IT OUT,3214
032140054,WAVE/SPEAKER3214/032140054.WAV,I HAVE ARE RIGHT,3214
032140060,WAVE/SPEAKER3214/032140060.WAV,AND THEN PLEASE TO TELL ME HOW,3214
032140069,WAVE/SPEAKER3214/032140069.WAV,YOU ARE UP TO DATE NOW,3214
032140073,WAVE/SPEAKER3214/032140073.WAV,IT WAS ALL THERE,3214
032140078,WAVE/SPEAKER3214/032140078.WAV,THIS WAS NOT FOR LONG,3214
032140082,WAVE/SPEAKER3214/032140082.WAV,THEN HE OPENED HIS EARS AND LOOKED AT HER,3214
032140087,WAVE/SPEAKER3214/032140087.WAV,YOU MAY GO DOWN,3214
032140094,WAVE/SPEAKER3214/032140094.WAV,AND SO THEY WERE,3214
032140110,WAVE/SPEAKER3214/032140110.WAV,THE DOG THE DOG AGAIN,3214
032140117,WAVE/SPEAKER3214/032140117.WAV,ANY ONE CAN TELL YOU,3214
032140121,WAVE/SPEAKER3214/032140121.WAV,I HAVE NOT DONE THAT FOR MANY ARE LONG YEAR,3214
032140135,WAVE/SPEAKER3214/032140135.WAV,PLEASE GIVE HER MY LOVE,3214
032140150,WAVE/SPEAKER3214/032140150.WAV,YOU GET IT OUT,3214
032140164,WAVE/SPEAKER3214/032140164.WAV,YOU WRITE TO ME,3214
032140169,WAVE/SPEAKER3214/032140169.WAV,THEY WERE ALL MERRY,3214
034120002,WAVE/SPEAKER3412/034120002.WAV,GO TO HER I TELL YOU,3412
034120012,WAVE/SPEAKER3412/034120012.WAV,HOW DO WE KNOW,3412
034120027,WAVE/SPEAKER3412/034120027.WAV,WAS THERE ANY PLACE TO PLAY,3412
034120035,WAVE/SPEAKER3412/034120035.WAV,FOR A SECOND WE LOOK BLACK,3412
034120047,WAVE/SPEAKER3412/034120047.WAV,NO ONE KNOWS ME,3412
034120050,WAVE/SPEAKER3412/034120050.WAV,YES I LOVED HER,3412
034120052,WAVE/SPEAKER3412/034120052.WAV,I WAIT AND WAIT AND WAIT,3412
034120067,WAVE/SPEAKER3412/034120067.WAV,WOULD IT NOT BE SWEET,3412
034120077,WAVE/SPEAKER3412/034120077.WAV,I LOVE YOU IN EVERY DRESS,3412
034120085,WAVE/SPEAKER3412/034120085.WAV,AS FOR ME I AM WAITING,3412
034120101,WAVE/SPEAKER3412/034120101.WAV,I CAN ONLY WATCH,3412
034120111,WAVE/SPEAKER3412/034120111.WAV,HAD SHE NO MOTHER,3412
034120125,WAVE/SPEAKER3412/034120125.WAV,I WAS NOT LISTENING,3412
034120155,WAVE/SPEAKER3412/034120155.WAV,THEY ARE FORTY IN IT,3412
034120161,WAVE/SPEAKER3412/034120161.WAV,THE YEAR WAS NOW OVER,3412
034120162,WAVE/SPEAKER3412/034120162.WAV,IT WAS A SMALL ONE,3412
034120165,WAVE/SPEAKER3412/034120165.WAV,SHE CARES FOR NO ONE,3412
034120170,WAVE/SPEAKER3412/034120170.WAV,IN SHORT IT WAS HIS DAY,3412
034120173,WAVE/SPEAKER3412/034120173.WAV,AND TURN ALL THOSE PEOPLE OUT,3412
034120174,WAVE/SPEAKER3412/034120174.WAV,I AM TO TAKE THE CHAIR,3412
036310007,WAVE/SPEAKER3631/036310007.WAV,I TURNED THE CHILD ROUND,3631
036310021,WAVE/SPEAKER3631/036310021.WAV,YOU DO NOT KNOW MINE,3631
036310035,WAVE/SPEAKER3631/036310035.WAV,BUT THAT WILL IN CLOUDS,3631
036310036,WAVE/SPEAKER3631/036310036.WAV,SHE WAS SO LIKE YOU CHILD,3631
036310041,WAVE/SPEAKER3631/036310041.WAV,TRY AND DO GOOD WHERE YOU ARE,3631
036310047,WAVE/SPEAKER3631/036310047.WAV,AND SHE WOULD NOT HAND HIM,3631
036310062,WAVE/SPEAKER3631/036310062.WAV,YOU TAKE AND GO AND LOOK AT IT NOW,3631
036310063,WAVE/SPEAKER3631/036310063.WAV,I AM GLAD TO SEE YOU,3631
036310080,WAVE/SPEAKER3631/036310080.WAV,COME WITH ME WILL YOU,3631
036310097,WAVE/SPEAKER3631/036310097.WAV,WHO IS TO SAY HOW TO IT WAS BROWN,3631
036310098,WAVE/SPEAKER3631/036310098.WAV,LOVE YOUR PARENTS YOUNG ONES,3631
036310100,WAVE/SPEAKER3631/036310100.WAV,AND SHE LOOKS AFTER THEY,3631
036310110,WAVE/SPEAKER3631/036310110.WAV,WHAT PEOPLE WHERE IN THE HOUSE,3631
036310116,WAVE/SPEAKER3631/036310116.WAV,WHY SURELY OVER AND OVER AGAIN,3631
036310120,WAVE/SPEAKER3631/036310120.WAV,YOU KNOW THE SAME OF ME,3631
036310134,WAVE/SPEAKER3631/036310134.WAV,IT WAS ALL THE SAME TO HER,3631
036310148,WAVE/SPEAKER3631/036310148.WAV,THEN MISS BROWN TURNED ROUND IN HER CHAIR,3631
036310159,WAVE/SPEAKER3631/036310159.WAV,TELL ME IS SHE WELL AND HAPPY,3631
036310170,WAVE/SPEAKER3631/036310170.WAV,YOU WILL CARE FOR ME,3631
036310171,WAVE/SPEAKER3631/036310171.WAV,NO ONE KNOWS WHO DOES IT,3631
050150021,WAVE/SPEAKER5015/050150021.WAV,THEY MUST HAVE DONE IT FOR FUN,5015
050150024,WAVE/SPEAKER5015/050150024.WAV,HE WAS AFRAID TO KNOW HIS WAS ALONE,5015
050150028,WAVE/SPEAKER5015/050150028.WAV,SO WERE THE OTHERS,5015
050150041,WAVE/SPEAKER5015/050150041.WAV,WE WILL TALK ABOUT THE MATTER MORE SOME OTHER TIME,5015
050150069,WAVE/SPEAKER5015/050150069.WAV,I'M GLAD TO MEET YOU,5015
050150070,WAVE/SPEAKER5015/050150070.WAV,I KNOW NOTHING OF THESE STORIES,5015
050150091,WAVE/SPEAKER5015/050150091.WAV,HE COULD NOT SEE THAT TO HER,5015
050150093,WAVE/SPEAKER5015/050150093.WAV,SHE CERTAINLY NEEDS YOU MUCH MORE THAN I DO,5015
050150108,WAVE/SPEAKER5015/050150108.WAV,SHALL WE NOT HAVE THEM TURNED OUT,5015
050150116,WAVE/SPEAKER5015/050150116.WAV,BUT AS IT WAS THINGS SOON RIGHTED THEMSELVES,5015
050150125,WAVE/SPEAKER5015/050150125.WAV,HE WAS LATE THIS MORNING TOO,5015
050150129,WAVE/SPEAKER5015/050150129.WAV,YOU DON'T HAVE TO TELL,5015
050150142,WAVE/SPEAKER5015/050150142.WAV,SHE COULD HAVE DONE SO,5015
050150145,WAVE/SPEAKER5015/050150145.WAV,YOU ARE HIS BEST FRIEND,5015
050150159,WAVE/SPEAKER5015/050150159.WAV,I MUST TELL YOU MORE,5015
050150163,WAVE/SPEAKER5015/050150163.WAV,I NEVER COULD TELL,5015
050150165,WAVE/SPEAKER5015/050150165.WAV,MUCH MORE THAN SISTER,5015
050150170,WAVE/SPEAKER5015/050150170.WAV,I COULD NOT HELP TELLING HER THEN,5015
050150173,WAVE/SPEAKER5015/050150173.WAV,YOU MUST DO THE BEST YOU CAN FOR ME,5015
050150175,WAVE/SPEAKER5015/050150175.WAV,I MUST BE HERE,5015
050170001,WAVE/SPEAKER5017/050170001.WAV,AS FOUR YOU YOU MUST COME,5017
050170002,WAVE/SPEAKER5017/050170002.WAV,BUT I DON'T CARE TO TAKE TALK ABOUT THAT,5017
050170005,WAVE/SPEAKER5017/050170005.WAV,NOTHING HERE IS REALLY HIS,5017
050170051,WAVE/SPEAKER5017/050170051.WAV,I ASK NO MORE THAN THAT,5017
050170092,WAVE/SPEAKER5017/050170092.WAV,THAT MUST BE RIGHT,5017
050170099,WAVE/SPEAKER5017/050170099.WAV,MY SONG MY SONG AND ALL THAT,5017
050170100,WAVE/SPEAKER5017/050170100.WAV,I SAW IT NOT,5017
050170101,WAVE/SPEAKER5017/050170101.WAV,I SAW HIM TODAY FOR THE FIRST TIME,5017
050170102,WAVE/SPEAKER5017/050170102.WAV,BUT YOU MUST NOT TELL ME I SAY YOU,5017
050170113,WAVE/SPEAKER5017/050170113.WAV,I WASH I COULD GET WELL FASTER,5017
050170117,WAVE/SPEAKER5017/050170117.WAV,OF COURSE I COULD DO NOTHING,5017
050170123,WAVE/SPEAKER5017/050170123.WAV,YOU KNOW YOU MUST,5017
050170129,WAVE/SPEAKER5017/050170129.WAV,WE MUST TO HOUSE,5017
050170131,WAVE/SPEAKER5017/050170131.WAV,LEAVE IT WHERE IT'S IT'S AND BEGIN ABOUT YOURSELF,5017
050170132,WAVE/SPEAKER5017/050170132.WAV,NO SHE MUST JUST WAIT AND SEE WHAT WOULD HAPPEN,5017
050170136,WAVE/SPEAKER5017/050170136.WAV,WHY COULD SHE NOT WET,5017
050170145,WAVE/SPEAKER5017/050170145.WAV,HE COULD HEAR NO MORE THAN BEFORE,5017
050170151,WAVE/SPEAKER5017/050170151.WAV,THERE WAS NOTHING UNDER THE EARTH,5017
050170154,WAVE/SPEAKER5017/050170154.WAV,I SEE NOTHING TO BE GLAD ABOUT,5017
050170165,WAVE/SPEAKER5017/050170165.WAV,THERE WAS NO ONE ELSE QUITE LIKE HERE,5017
050290009,WAVE/SPEAKER5029/050290009.WAV,NOW WE HAVE DONE WITH THE SUBJECT,5029
050290028,WAVE/SPEAKER5029/050290028.WAV,BUT THAT WILL BECOME OF ME POOR AND ALONE,5029
050290038,WAVE/SPEAKER5029/050290038.WAV,AND WHAT HE MOST LIKE DO WILL BE,5029
050290042,WAVE/SPEAKER5029/050290042.WAV,BUT SHE SAW IT DIFFERENT,5029
050290060,WAVE/SPEAKER5029/050290060.WAV,MUST IT PLAY ANY MORE DIS AFTERNOON,5029
050290062,WAVE/SPEAKER5029/050290062.WAV,OUR POOR LITTLE SISTER IS LOST,5029
050290068,WAVE/SPEAKER5029/050290068.WAV,WHO ELSE WAS THERE DO TO DO IT,5029
050290079,WAVE/SPEAKER5029/050290079.WAV,I SHOULD LIKE THAT BETTER,5029
050290087,WAVE/SPEAKER5029/050290087.WAV,WHAT A PLACE TO LIVE IN DIS LONDON IN WINTER,5029
050290120,WAVE/SPEAKER5029/050290120.WAV,ALL AFTERNOON NOTHING HAPPENED,5029
050290126,WAVE/SPEAKER5029/050290126.WAV,SO SHE ASKED ME WHAT I COULD DO,5029
050290129,WAVE/SPEAKER5029/050290129.WAV,ONE OF THEM MUST GIVE WAY,5029
050290132,WAVE/SPEAKER5029/050290132.WAV,WHAT WOULD SHE DO ELSE BUT LOVE HIM,5029
050290136,WAVE/SPEAKER5029/050290136.WAV,BUT THERE WAS NOTHING LEFT,5029
050290145,WAVE/SPEAKER5029/050290145.WAV,THEN IN THAT CASE I CAN TELL YOU NOTHING,5029
050290149,WAVE/SPEAKER5029/050290149.WAV,I HAD THREE OTHERS,5029
050290156,WAVE/SPEAKER5029/050290156.WAV,THE DOG SAW IT,5029
050290162,WAVE/SPEAKER5029/050290162.WAV,IT IS BETTER SO,5029
050290167,WAVE/SPEAKER5029/050290167.WAV,THERE WAS NOTHING GOOD IN IT FOR ME,5029
050290174,WAVE/SPEAKER5029/050290174.WAV,I SHALL SOON SEE,5029
050390001,WAVE/SPEAKER5039/050390001.WAV,HE HAD ALSO TO GET HIS MIND AWAY FROM HER,5039
050390011,WAVE/SPEAKER5039/050390011.WAV,AND HOW SHALL I FINISH THE TIRE,5039
050390020,WAVE/SPEAKER5039/050390020.WAV,THE PAIR WERE MARCHED AWAY,5039
050390021,WAVE/SPEAKER5039/050390021.WAV,NOTHING OUT OF THE WAY,5039
050390038,WAVE/SPEAKER5039/050390038.WAV,I THINK I HAVE NO MORE TO SAY AT PANS,5039
050390040,WAVE/SPEAKER5039/050390040.WAV,SOME OF THE MEETINGS ARE WONDERFUL,5039
050390048,WAVE/SPEAKER5039/050390048.WAV,HE WALKED AWAY SLOWLY INTO THE FUR,5039
050390049,WAVE/SPEAKER5039/050390049.WAV,LOOK AT HIM WHERE MY FRIEND,5039
050390057,WAVE/SPEAKER5039/050390057.WAV,SO SHE HAD BETTER STUDY ME,5039
050390059,WAVE/SPEAKER5039/050390059.WAV,I HOPE SAYS NOW YOU WILL LEAVE HIM,5039
050390081,WAVE/SPEAKER5039/050390081.WAV,TRY YOU LUCK THERE,5039
050390084,WAVE/SPEAKER5039/050390084.WAV,I SAW HER TAKE IT,5039
050390087,WAVE/SPEAKER5039/050390087.WAV,SAY MAY I WALK A LETTER WAY WITH YOU,5039
050390090,WAVE/SPEAKER5039/050390090.WAV,NOTHING OF THE KIND HERE SIR,5039
050390092,WAVE/SPEAKER5039/050390092.WAV,YOU FLOOR AT THAT,5039
050390097,WAVE/SPEAKER5039/050390097.WAV,HER FACE WAS POOR NOW,5039
050390114,WAVE/SPEAKER5039/050390114.WAV,YOU ARE A FINE LADY,5039
050390129,WAVE/SPEAKER5039/050390129.WAV,I SURE HE KNOWS MY ALREADY,5039
050390130,WAVE/SPEAKER5039/050390130.WAV,THE WORLD READS THEM,5039
050390175,WAVE/SPEAKER5039/050390175.WAV,BUT THEY LIKED EACH OTHER ALSO,5039
050720001,WAVE/SPEAKER5072/050720001.WAV,THE KIDS ARE GROWING UP,5072
050720003,WAVE/SPEAKER5072/050720003.WAV,WHAT SHALL I DO WITH THEM,5072
050720006,WAVE/SPEAKER5072/050720006.WAV,WELL DON'T LET HIM HAVE TOO MUCH OF IT,5072
050720017,WAVE/SPEAKER5072/050720017.WAV,PEOPLE TAKE LEAVE OF EACH OTHER,5072
050720025,WAVE/SPEAKER5072/050720025.WAV,HOW COULD IT BE,5072
050720040,WAVE/SPEAKER5072/050720040.WAV,BUT WHERE WERE THE OTHERS,5072
050720045,WAVE/SPEAKER5072/050720045.WAV,IT WAS NOT THAT SHE COLD NOT LOVE,5072
050720063,WAVE/SPEAKER5072/050720063.WAV,THE POOR MAN MUST BE IN A SAD WAY,5072
050720072,WAVE/SPEAKER5072/050720072.WAV,WE SHALL NEVER SEE EACH OTHER AGAIN,5072
050720076,WAVE/SPEAKER5072/050720076.WAV,IT A CLEVER TRICK BUT IT WON'T HOLD WATER,5072
050720078,WAVE/SPEAKER5072/050720078.WAV,THE LIKENESS TO THE LADY IS WONDERFUL,5072
050720079,WAVE/SPEAKER5072/050720079.WAV,BUT THAT HAS NOTHING TO DO WITH A MAN,5072
050720102,WAVE/SPEAKER5072/050720102.WAV,BUT SHALL I NOT OFTEN SEE YOU,5072
050720124,WAVE/SPEAKER5072/050720124.WAV,IT IS REALLY IMPORTANT THAT HE SHOULD BE QUIET,5072
050720126,WAVE/SPEAKER5072/050720126.WAV,THE OTHERS TURN TO HER,5072
050720136,WAVE/SPEAKER5072/050720136.WAV,IS IT ALL TOO LATE,5072
050720138,WAVE/SPEAKER5072/050720138.WAV,ONLY WE HAD BETTER GO NOW,5072
050720150,WAVE/SPEAKER5072/050720150.WAV,YES THE WALL LOOKED STRONG,5072
050720158,WAVE/SPEAKER5072/050720158.WAV,YOU WON'T HAVE HAD HIM FOR THE ASKING,5072
050720175,WAVE/SPEAKER5072/050720175.WAV,HE HAS A ROUND FACE AND TWO SMALL EYES,5072
052200004,WAVE/SPEAKER5220/052200004.WAV,WE DON'T WANT TO CARRY IT TOO FAR,5220
052200008,WAVE/SPEAKER5220/052200008.WAV,BY WHAT RIGHT DO YOU ASK,5220
052200020,WAVE/SPEAKER5220/052200020.WAV,PLAYS OFF AND ON ABOUT A COACH,5220
052200044,WAVE/SPEAKER5220/052200044.WAV,HE WAS TO BE AWAY A LONG LONG TIME,5220
052200050,WAVE/SPEAKER5220/052200050.WAV,THAT ALONE CAN MAKE A MAN OTHER THAN HE IS,5220
052200064,WAVE/SPEAKER5220/052200064.WAV,HE SHALL EAT IT,5220
052200066,WAVE/SPEAKER5220/052200066.WAV,THERE IS NOTHING AT ALL,5220
052200076,WAVE/SPEAKER5220/052200076.WAV,I AM MUCH IN LETTER,5220
052200089,WAVE/SPEAKER5220/052200089.WAV,HE COULD NOT EAT,5220
052200092,WAVE/SPEAKER5220/052200092.WAV,OH MOTHER WHAT SHALL I DO,5220
052200094,WAVE/SPEAKER5220/052200094.WAV,BUT I WILL TELL YOU,5220
052200095,WAVE/SPEAKER5220/052200095.WAV,I SHALL BE BACK BEFORE EIGHT,5220
052200101,WAVE/SPEAKER5220/052200101.WAV,MAY I NOW TAKE MY LEAVE,5220
052200110,WAVE/SPEAKER5220/052200110.WAV,WELL YOU SHALL HAVE MY STORY,5220
052200142,WAVE/SPEAKER5220/052200142.WAV,DO DO GO AWAY FOR I AM AFRAID OF YOU,5220
052200150,WAVE/SPEAKER5220/052200150.WAV,NOW DON'T YOU SEE HOW I AM FIXED,5220
052200152,WAVE/SPEAKER5220/052200152.WAV,EARLIER IN THE MORNING I WAS TO GO,5220
052200155,WAVE/SPEAKER5220/052200155.WAV,WELL AND WHAT DO YOU THINK FRIENDS,5220
052200162,WAVE/SPEAKER5220/052200162.WAV,ANOTHER MAN WAS WITH HIM,5220
052200168,WAVE/SPEAKER5220/052200168.WAV,HE COULD NOT GO ON WITH HIS WORK,5220
054060017,WAVE/SPEAKER5406/054060017.WAV,THINK OF YOUR BROTHER,5406
054060036,WAVE/SPEAKER5406/054060036.WAV,ALL OF US WANT TO FORGET SOMETHING OR SOMEBODY,5406
054060044,WAVE/SPEAKER5406/054060044.WAV,THE ROOM WAS SOON FULL OF PEOPLE,5406
054060049,WAVE/SPEAKER5406/054060049.WAV,THE HOUSE IS STRONG,5406
054060064,WAVE/SPEAKER5406/054060064.WAV,OH COULD HE NOT STAY WHERE HE WAS SAFE,5406
054060076,WAVE/SPEAKER5406/054060076.WAV,TELL THE GIRL TO PUT IT AWAY FOR YOURS TEA,5406
054060077,WAVE/SPEAKER5406/054060077.WAV,I WISH I COULD HELP,5406
054060091,WAVE/SPEAKER5406/054060091.WAV,I GUESS YOU DON'T KNOW ME,5406
054060099,WAVE/SPEAKER5406/054060099.WAV,BUT THEY MUST BE NINE ONES LIKE YOURS YOU KNOW,5406
054060104,WAVE/SPEAKER5406/054060104.WAV,I SHALL SEE YOU WHEN I WAKE,5406
054060113,WAVE/SPEAKER5406/054060113.WAV,WHERE MUST I GO,5406
054060116,WAVE/SPEAKER5406/054060116.WAV,HE LOOKED MUCH OLDER,5406
054060119,WAVE/SPEAKER5406/054060119.WAV,THE MAN WAS DIE,5406
054060126,WAVE/SPEAKER5406/054060126.WAV,AND I WAS AFRAID OF YOUR COUSIN TOO,5406
054060139,WAVE/SPEAKER5406/054060139.WAV,YOU SEE HE WANTS LAND AND WILL HAVE IT,5406
054060147,WAVE/SPEAKER5406/054060147.WAV,SHE MUST BE HUNGRY AND SHE MUST BE COLD,5406
054060149,WAVE/SPEAKER5406/054060149.WAV,I NEVER KNOW ONE OF THOSE PLACES FROM OTHER,5406
054060153,WAVE/SPEAKER5406/054060153.WAV,I DO MY HOMEWORK TOO,5406
054060172,WAVE/SPEAKER5406/054060172.WAV,WHAT SHALL WE PLAY AT,5406
054060173,WAVE/SPEAKER5406/054060173.WAV,AS FAR AS HE COULD SEE THE GAME WAS OVER,5406
054280012,WAVE/SPEAKER5428/054280012.WAV,NOTHING I SHOULD LIKE SO MUCH,5428
054280018,WAVE/SPEAKER5428/054280018.WAV,YOU WOULD NOT PAY,5428
054280021,WAVE/SPEAKER5428/054280021.WAV,I MAY BE LATE,5428
054280023,WAVE/SPEAKER5428/054280023.WAV,I MUST FIND YOU SOMETHING ELSE,5428
054280024,WAVE/SPEAKER5428/054280024.WAV,THE LITTLE MAN LOOKED AT HIM,5428
054280030,WAVE/SPEAKER5428/054280030.WAV,I SHALL NOT RUN AGAIN,5428
054280040,WAVE/SPEAKER5428/054280040.WAV,SHE COULD NOT TELL HOW LONG HE HAD TO LIVE,5428
054280042,WAVE/SPEAKER5428/054280042.WAV,BUT YOU CAN MAKE HER A LADY,5428
054280049,WAVE/SPEAKER5428/054280049.WAV,HE TURNED TO THE OTHERS,5428
054280053,WAVE/SPEAKER5428/054280053.WAV,NO ONE COULD SEE IT,5428
054280057,WAVE/SPEAKER5428/054280057.WAV,BUT I'M GLAD YOU WILL SEE ME AS I AM,5428
054280062,WAVE/SPEAKER5428/054280062.WAV,BUT AT PRESENT THERE ARE THINGS WHICH MUST BE DONE,5428
054280078,WAVE/SPEAKER5428/054280078.WAV,HE HAS FOLLOWED ME HERE TO DO IT,5428
054280109,WAVE/SPEAKER5428/054280109.WAV,THEY MUST FIND A ROOM FOR ME,5428
054280118,WAVE/SPEAKER5428/054280118.WAV,I MUST HAVE TIME TO THINK ABOUT IT,5428
054280125,WAVE/SPEAKER5428/054280125.WAV,HOW LATE IT IS,5428
054280128,WAVE/SPEAKER5428/054280128.WAV,NOTHING IS LEFT TO ME,5428
054280146,WAVE/SPEAKER5428/054280146.WAV,BUT I SAW MUCH,5428
054280148,WAVE/SPEAKER5428/054280148.WAV,BUT WE KNOW NOTHING OF HIM,5428
054280175,WAVE/SPEAKER5428/054280175.WAV,BUT WHAT COULD I SAY,5428
054320015,WAVE/SPEAKER5432/054320015.WAV,I'LL TELL MY MOTHER,5432
054320019,WAVE/SPEAKER5432/054320019.WAV,THE HOURS PASSED BY,5432
054320020,WAVE/SPEAKER5432/054320020.WAV,THAT OLD WOMAN CAN FOLLOW,5432
054320024,WAVE/SPEAKER5432/054320024.WAV,HIS KIND WILL COME FIRST AND BETTER ONES AFTER,5432
054320037,WAVE/SPEAKER5432/054320037.WAV,NOT OFTENER THAN I CAN HELP,5432
054320041,WAVE/SPEAKER5432/054320041.WAV,THAT'S WHAT I FEEL SO STRONG YOU KNOW,5432
054320058,WAVE/SPEAKER5432/054320058.WAV,SHE HAD HER HANDS FULL JUST THEN,5432
054320061,WAVE/SPEAKER5432/054320061.WAV,HE NOW HAD BOTH EYES WIDE OPEN,5432
054320067,WAVE/SPEAKER5432/054320067.WAV,SHE NEED SAY NOTHING,5432
054320073,WAVE/SPEAKER5432/054320073.WAV,HE PLAYS A PART,5432
054320076,WAVE/SPEAKER5432/054320076.WAV,THERE IS NO HIGH LAND NEAR,5432
054320080,WAVE/SPEAKER5432/054320080.WAV,WHY DOES HE WRITE TO ME ABOUT THE WOOD,5432
054320092,WAVE/SPEAKER5432/054320092.WAV,THESE WERE ALL LITTLE GIRLS,5432
054320099,WAVE/SPEAKER5432/054320099.WAV,MONTHS AND MONTHS PASSED AWAY WITHOUT ANY CHANGE,5432
054320100,WAVE/SPEAKER5432/054320100.WAV,WON'T YOU STAY AND HAVE SUPPER WITH ME,5432
054320118,WAVE/SPEAKER5432/054320118.WAV,THEN HE WOULD BEGIN TO WORRY ABOUT HIS FUTURE,5432
054320129,WAVE/SPEAKER5432/054320129.WAV,THERE HE KNOCKED AND ASKED FOR A PIECE OF BREAD,5432
054320136,WAVE/SPEAKER5432/054320136.WAV,AH I DON'T LIKE THAT OTHER WORLD,5432
054320140,WAVE/SPEAKER5432/054320140.WAV,I AM VERY SORRY FOR ASKING YOU,5432
054320149,WAVE/SPEAKER5432/054320149.WAV,THEY HAD LEFT THE PALACE TOGETHER THAT EVENING,5432
055470005,WAVE/SPEAKER5547/055470005.WAV,HE WOULD GIVE JACK A DRINK,5547
055470009,WAVE/SPEAKER5547/055470009.WAV,PAY ME SOME TIME,5547
055470040,WAVE/SPEAKER5547/055470040.WAV,IN THE OTHER COUNTRY COULD IT BE DONE AT ALL,5547
055470046,WAVE/SPEAKER5547/055470046.WAV,BUT IT'S ONLY OUTSIDE HE'S OLD,5547
055470047,WAVE/SPEAKER5547/055470047.WAV,OF COURSE YOU MUST GO AS YOU PLEASE,5547
055470080,WAVE/SPEAKER5547/055470080.WAV,TAKE HERE AND NO SMALL PART SHOULD BE THEIR,5547
055470082,WAVE/SPEAKER5547/055470082.WAV,HE WOMAN FOLLOW HIM UP THE SERE,5547
055470088,WAVE/SPEAKER5547/055470088.WAV,IT WAS BETTER TO GET IT OFF,5547
055470104,WAVE/SPEAKER5547/055470104.WAV,I ASKED AS WE AS WE LEFT THE OFFICE,5547
055470105,WAVE/SPEAKER5547/055470105.WAV,I KNOW NOTHING OF PARTIES,5547
055470120,WAVE/SPEAKER5547/055470120.WAV,BUT I COULD NOT KEEP QUIET,5547
055470122,WAVE/SPEAKER5547/055470122.WAV,SHALL I SHOW YOU WHERE THE PEACH IS,5547
055470126,WAVE/SPEAKER5547/055470126.WAV,I MUST SEEN WHAT I HAVE TO SAY,5547
055470129,WAVE/SPEAKER5547/055470129.WAV,IT WAS SOME ONE ELSE,5547
055470131,WAVE/SPEAKER5547/055470131.WAV,WE WALKED FOR AN HOUR,5547
055470141,WAVE/SPEAKER5547/055470141.WAV,I I SAW HIM MORE THAN ANGRY NOW,5547
055470152,WAVE/SPEAKER5547/055470152.WAV,I'M NOT SO BAD AS ALL THAT,5547
055470170,WAVE/SPEAKER5547/055470170.WAV,SHE HAS A LITTLE MONEY,5547
055470172,WAVE/SPEAKER5547/055470172.WAV,DOES HE TREAT YOU WHERE,5547
055470175,WAVE/SPEAKER5547/055470175.WAV,WHAT ABOUT THE FUTURE,5547
060670002,WAVE/SPEAKER6067/060670002.WAV,I THINK YOU DID NOT LIKE HIS PARENTS,6067
060670003,WAVE/SPEAKER6067/060670003.WAV,IT WAS SUCH AS A WONDERFUL DAY FOR ME,6067
060670017,WAVE/SPEAKER6067/060670017.WAV,OLD MEN LIKE MYSELF YOU CARE NOTHING ABOUT,6067
060670029,WAVE/SPEAKER6067/060670029.WAV,I AM QUITE SURE I DID NOT,6067
060670035,WAVE/SPEAKER6067/060670035.WAV,ONLY LAST WEEK I WAS ASKED TO COME HERE,6067
060670036,WAVE/SPEAKER6067/060670036.WAV,SHE HAD OWNED IT AT LAST,6067
060670038,WAVE/SPEAKER6067/060670038.WAV,WHAT WILL HAPPENED NEXT I WONDER,6067
060670041,WAVE/SPEAKER6067/060670041.WAV,IS SHE YOUNG AND PRETTY,6067
060670044,WAVE/SPEAKER6067/060670044.WAV,YOU HAVE HAD IF OF OUR QUIET LIFE A READY,6067
060670049,WAVE/SPEAKER6067/060670049.WAV,I WAS ANGRY WHEN I WROTE THEM,6067
060670060,WAVE/SPEAKER6067/060670060.WAV,I WONDER WHERE THE POOR LADY LEFT IT,6067
060670062,WAVE/SPEAKER6067/060670062.WAV,BUT WONDER OF WONDERS,6067
060670072,WAVE/SPEAKER6067/060670072.WAV,HE LOOKED VERY HIGH OVER HER HEAD,6067
060670075,WAVE/SPEAKER6067/060670075.WAV,AND HOW ABOUT YOUR DAD LAST NIGHT,6067
060670080,WAVE/SPEAKER6067/060670080.WAV,BUT AS SUCH SHE WOULD NOT BE AFRAID OF HIM,6067
060670094,WAVE/SPEAKER6067/060670094.WAV,THE COWS NEVER GAVE SO MUCH MILK AS THAT NIGHT,6067
060670111,WAVE/SPEAKER6067/060670111.WAV,I KNOCKED AT THE DOOR AND ENTERED,6067
060670140,WAVE/SPEAKER6067/060670140.WAV,BUT HE DID NOT MIND IT,6067
060670144,WAVE/SPEAKER6067/060670144.WAV,AND THESE MEN WOULD LET HER GO AGAIN,6067
060670149,WAVE/SPEAKER6067/060670149.WAV,DID HE LOVE HER,6067
060990011,WAVE/SPEAKER6099/060990011.WAV,TO BE SURE YOU DID,6099
060990014,WAVE/SPEAKER6099/060990014.WAV,THIS IS WHAT ALL MEN DO,6099
060990023,WAVE/SPEAKER6099/060990023.WAV,SHE SAID SHE WOULD SEE HER,6099
060990029,WAVE/SPEAKER6099/060990029.WAV,IN THE EVENING I WENT AGAIN WHEN I SAW HIM,6099
060990030,WAVE/SPEAKER6099/060990030.WAV,BUT I FOUND HER OUT AT LAST,6099
060990034,WAVE/SPEAKER6099/060990034.WAV,LOVE HIM HE DID NO AND COULD NOT,6099
060990035,WAVE/SPEAKER6099/060990035.WAV,BUT THE TWO DID NO FIT,6099
060990039,WAVE/SPEAKER6099/060990039.WAV,NO USE STANDING HER,6099
060990059,WAVE/SPEAKER6099/060990059.WAV,THESE THINGS AND MANY OTHERS INTERESTED HER,6099
060990078,WAVE/SPEAKER6099/060990078.WAV,THE LOVERS WERE ALL AROUND ABOUT IT,6099
060990083,WAVE/SPEAKER6099/060990083.WAV,I WONDER WHAT I SHOULD HAVE DONE,6099
060990089,WAVE/SPEAKER6099/060990089.WAV,WE WENT OUT TO SEE HIM,6099
060990093,WAVE/SPEAKER6099/060990093.WAV,YOU KNOW WHAT THAT WILL MEAN,6099
060990117,WAVE/SPEAKER6099/060990117.WAV,BELL AS THEIR TRUE MAN OF THEIR TIME,6099
060990121,WAVE/SPEAKER6099/060990121.WAV,WHY THEY HAVE LOST THEIR HANDS,6099
060990124,WAVE/SPEAKER6099/060990124.WAV,SHE WAS MORE THAN HIS MUCH,6099
060990129,WAVE/SPEAKER6099/060990129.WAV,BUT THERE IS NO CRY OF HELPING,6099
060990155,WAVE/SPEAKER6099/060990155.WAV,AND HE HELD ALL THE HAND,6099
060990168,WAVE/SPEAKER6099/060990168.WAV,BUT IN THE NAME OF WONDER WHY,6099
060990175,WAVE/SPEAKER6099/060990175.WAV,THE MAN TOLD WILLING FOR HIS OTHERS,6099
069020006,WAVE/SPEAKER6902/069020006.WAV,THAT IS WHAT MR WRIGHT ASKS,6902
069020020,WAVE/SPEAKER6902/069020020.WAV,AFTER ALL WHAT DID IT MATTER,6902
069020024,WAVE/SPEAKER6902/069020024.WAV,WHAT DID I KNOW OF LIFE THEN,6902
069020037,WAVE/SPEAKER6902/069020037.WAV,DID HE LEAVE THEM HERE,6902
069020044,WAVE/SPEAKER6902/069020044.WAV,SAY SHALL IT BE HERE OR WHERE THEY ARE STANDING,6902
069020048,WAVE/SPEAKER6902/069020048.WAV,BUT THEY CAN'T LAST,6902
069020059,WAVE/SPEAKER6902/069020059.WAV,THEY DID NOT SEE THEM ANY MORE,6902
069020065,WAVE/SPEAKER6902/069020065.WAV,SO I WENT AWAY AND SAID NOTHING,6902
069020075,WAVE/SPEAKER6902/069020075.WAV,SHE MUST BE MADE TO STAY,6902
069020090,WAVE/SPEAKER6902/069020090.WAV,I CALLED THIS ONE IN AND GAVE HIM HIS SUPPER,6902
069020091,WAVE/SPEAKER6902/069020091.WAV,PUSHING THE DOOR OPEN I ENTERED,6902
069020096,WAVE/SPEAKER6902/069020096.WAV,NO WONDER EVERY ONE HAS STOPPED TO LOOK,6902
069020103,WAVE/SPEAKER6902/069020103.WAV,AT ALL EVENTS I WANT TO TRY,6902
069020114,WAVE/SPEAKER6902/069020114.WAV,AS HE WENT HE CALLED OUT FOR HELP,6902
069020123,WAVE/SPEAKER6902/069020123.WAV,DID I PLEASE YOU,6902
069020143,WAVE/SPEAKER6902/069020143.WAV,THESE MEN DO NOT RETURN,6902
069020155,WAVE/SPEAKER6902/069020155.WAV,BUT ANOTHER GOT THE PLACE,6902
069020163,WAVE/SPEAKER6902/069020163.WAV,SHE DID NOT CRY AT ALL,6902
069020168,WAVE/SPEAKER6902/069020168.WAV,THE CHILDREN STOOD BACK,6902
069020175,WAVE/SPEAKER6902/069020175.WAV,AND WHAT DID THEY SEE,6902
080630011,WAVE/SPEAKER8063/080630011.WAV,WHAT WOULD SHE DO UNDER THIS BE,8063
080630014,WAVE/SPEAKER8063/080630014.WAV,THEIR FACES WERE SET HARD,8063
080630019,WAVE/SPEAKER8063/080630019.WAV,DO YOU BELIEVE WE SHALL,8063
080630030,WAVE/SPEAKER8063/080630030.WAV,LAUGH AS MUCH AS YOU LIKE,8063
080630038,WAVE/SPEAKER8063/080630038.WAV,SOME SEEMED TO STAY HIS HAND,8063
080630044,WAVE/SPEAKER8063/080630044.WAV,THE THING WAS TOO MUCH FOR ME,8063
080630053,WAVE/SPEAKER8063/080630053.WAV,I HAD NEVER DREAMED OF SUCH A FRIEND AS YOU,8063
080630062,WAVE/SPEAKER8063/080630062.WAV,WHY DO YOU HOLD SUCH LANGUAGE,8063
080630086,WAVE/SPEAKER8063/080630086.WAV,IF SHE LOVES ME HE WILL READ MY WISHES,8063
080630090,WAVE/SPEAKER8063/080630090.WAV,AND ALL UP AND DOWN THE ROADS EVERYBODY LIKES ME,8063
080630091,WAVE/SPEAKER8063/080630091.WAV,NOW WILL YOU PLEASE SIT QUIRT STILL,8063
080630093,WAVE/SPEAKER8063/080630093.WAV,SHE IS TALKING IN HER SLEEP,8063
080630094,WAVE/SPEAKER8063/080630094.WAV,THE SECOND WAS A YEAR LATER,8063
080630123,WAVE/SPEAKER8063/080630123.WAV,COME I WILL BE ANSWERED,8063
080630125,WAVE/SPEAKER8063/080630125.WAV,STILL YOU MUST HAVE IT YOUR OWN WAY,8063
080630140,WAVE/SPEAKER8063/080630140.WAV,I KNOW TOO MUCH ABOUT YOUR AGE,8063
080630147,WAVE/SPEAKER8063/080630147.WAV,HIS OLD SISTER COULD NOT BELIEVE IT,8063
080630152,WAVE/SPEAKER8063/080630152.WAV,DO YOU PROMISE TO DO THIS,8063
080630155,WAVE/SPEAKER8063/080630155.WAV,OUR TEMPLE STAIRS ARE RATHER DARK,8063
080630170,WAVE/SPEAKER8063/080630170.WAV,FAR BETTER NOW WERE THERE IS STILL TIME,8063
080680011,WAVE/SPEAKER8068/080680011.WAV,I COULDN'T THINK OF SUCH A THING,8068
080680020,WAVE/SPEAKER8068/080680020.WAV,I'M READY FOR THE MARCH,8068
080680029,WAVE/SPEAKER8068/080680029.WAV,SO SHE HE WANTED IT EXPLAINED TO HIM,8068
080680031,WAVE/SPEAKER8068/080680031.WAV,THAT EVENING SHE SHOWED HER LETTER TO HER FATHER,8068
080680056,WAVE/SPEAKER8068/080680056.WAV,NOT FOR ANYTHING IN THE WORLD,8068
080680060,WAVE/SPEAKER8068/080680060.WAV,YOU HAVE SAVED MY LIFE THIS DAY,8068
080680066,WAVE/SPEAKER8068/080680066.WAV,GO DOWN AND FACE THEM LIKE A MAN,8068
080680069,WAVE/SPEAKER8068/080680069.WAV,THAT WOULD BE SAME THING SEEMING TO KNOW TOO MUCH,8068
080680084,WAVE/SPEAKER8068/080680084.WAV,I ONLY WANTED YOU TO BEAT,8068
080680090,WAVE/SPEAKER8068/080680090.WAV,IT SEEMS TO STAND OUT,8068
080680095,WAVE/SPEAKER8068/080680095.WAV,I SHALL YET PUT MY FINGER ON THIS MAN,8068
080680106,WAVE/SPEAKER8068/080680106.WAV,COME DEAR PUT ON YOUR HAT,8068
080680108,WAVE/SPEAKER8068/080680108.WAV,WHY CANNOT SHE LIKE AN HONEST MAN WHO LIKES HER,8068
080680129,WAVE/SPEAKER8068/080680129.WAV,AND OF COURSE EVERYBODY THINKS THE SAME,8068
080680133,WAVE/SPEAKER8068/080680133.WAV,YOU WOULD PUT YOURSELF BETWEEN ME AND SONG,8068
080680151,WAVE/SPEAKER8068/080680151.WAV,IT SEEMS SUCH A VERY LONG TIME,8068
080680153,WAVE/SPEAKER8068/080680153.WAV,THEY LOOK AT ONE ANOTHER FOR A MOMENT,8068
080680170,WAVE/SPEAKER8068/080680170.WAV,BECAUSE HIS SON WAS GOING TO BE KILLED,8068
080680173,WAVE/SPEAKER8068/080680173.WAV,WELL I WILL RING FOR HIM,8068
080680174,WAVE/SPEAKER8068/080680174.WAV,THEY ARE A LAZY SIT,8068
081530002,WAVE/SPEAKER8153/081530002.WAV,BE QUIET FOR A MOMENT,8153
081530014,WAVE/SPEAKER8153/081530014.WAV,AS FOR MODERN FRIENDSHIP IT'S WILL BE FOUND IN CLASS,8153
081530016,WAVE/SPEAKER8153/081530016.WAV,HAVE I WORRIED YOU PERSONALLY,8153
081530018,WAVE/SPEAKER8153/081530018.WAV,I AM GOING TO THE WAR,8153
081530023,WAVE/SPEAKER8153/081530023.WAV,YOU WILL NOT GET THE HANDSOME LOOKS,8153
081530038,WAVE/SPEAKER8153/081530038.WAV,BUT YET I THINK THERE WAS SOMETHING WANTING,8153
081530065,WAVE/SPEAKER8153/081530065.WAV,YOU GO IN AND ASK HER IF SHE DO,8153
081530073,WAVE/SPEAKER8153/081530073.WAV,WHAT A PITY YOU HAVE HAD YOUR BREAKFAST,8153
081530085,WAVE/SPEAKER8153/081530085.WAV,I AM I MUST BE DEAR TO YOU,8153
081530088,WAVE/SPEAKER8153/081530088.WAV,AS IF HE COULD FORGET HIM,8153
081530096,WAVE/SPEAKER8153/081530096.WAV,BUT I HAD TO FIGHT FOR IT I HAD,8153
081530100,WAVE/SPEAKER8153/081530100.WAV,YET WHY THERE SHOULD BE NOTHING IS HARD TO SAY,8153
081530107,WAVE/SPEAKER8153/081530107.WAV,I DO NOT KNOW WHETHER THIS IS TRUE,8153
081530109,WAVE/SPEAKER8153/081530109.WAV,IT WAS QUITE A DIFFERENT LINE OF THOUGHT,8153
081530125,WAVE/SPEAKER8153/081530125.WAV,HE SPEAKS OF A BLOW,8153
081530139,WAVE/SPEAKER8153/081530139.WAV,I SHALL BE READY TO ACT,8153
081530146,WAVE/SPEAKER8153/081530146.WAV,HOW LONG DO YOU SLEEP BY THE WAY,8153
081530165,WAVE/SPEAKER8153/081530165.WAV,YOUR TIME IS NOT YET COME,8153
081530167,WAVE/SPEAKER8153/081530167.WAV,YOU ARE AMONG FRIENDS AND IN GOOD HANDS,8153
081530170,WAVE/SPEAKER8153/081530170.WAV,SO OF THE NATIONS WITH THEIR WARS,8153
085810002,WAVE/SPEAKER8581/085810002.WAV,AND DOWN I GO FOR THE TENTH TIME,8581
085810012,WAVE/SPEAKER8581/085810012.WAV,IN THIS CASE WHAT A WAR,8581
085810018,WAVE/SPEAKER8581/085810018.WAV,NOW ANOTHER THING I WANT TO TELL YOU,8581
085810038,WAVE/SPEAKER8581/085810038.WAV,TELL HIM THAT CHANGE WILL BE HIS BEST MEDICINE,8581
085810040,WAVE/SPEAKER8581/085810040.WAV,I HAVE NEVER HAD TO HIDE FROM ANYBODY,8581
085810043,WAVE/SPEAKER8581/085810043.WAV,YET YOU STILL HAVE MEETINGS,8581
085810048,WAVE/SPEAKER8581/085810048.WAV,I THINK THAT I AM NEAR THE END OF IT,8581
085810056,WAVE/SPEAKER8581/085810056.WAV,AND LOOK WHAT A VIEW,8581
085810078,WAVE/SPEAKER8581/085810078.WAV,IF THE THING WAS TRUE IT WAS TERRIBLE,8581
085810084,WAVE/SPEAKER8581/085810084.WAV,THIS HAD BETTER BE THE END OF IT,8581
085810086,WAVE/SPEAKER8581/085810086.WAV,I WASH I COULD SLEEP,8581
085810112,WAVE/SPEAKER8581/085810112.WAV,THERE IS SO LITTLE REAL FRIENDSHIP IN THE WORLD,8581
085810116,WAVE/SPEAKER8581/085810116.WAV,HERE WAS THE ONE THING SHE HAD TO DO NOW,8581
085810119,WAVE/SPEAKER8581/085810119.WAV,HE PUT THE THING BACK INTO THE DRIVER,8581
085810120,WAVE/SPEAKER8581/085810120.WAV,WE HAD A LETTER FROM HIM THIS MORNING,8581
085810121,WAVE/SPEAKER8581/085810121.WAV,THERE WAS NO EXCEPTION TO HIS RULE,8581
085810152,WAVE/SPEAKER8581/085810152.WAV,IT WOULD BE FUNNY SO FUNNY,8581
085810159,WAVE/SPEAKER8581/085810159.WAV,HE TURNED ROUND AND LOOKED UP THE ROAD,8581
085810163,WAVE/SPEAKER8581/085810163.WAV,COME BACK HERE A MOMENT,8581
085810167,WAVE/SPEAKER8581/085810167.WAV,THAT IS TO SAY I'M GOING TO SLEEP,8581
085840013,WAVE/SPEAKER8584/085840013.WAV,SO PREPARE FOR THIS VERY VERY NIGHT,8584
085840020,WAVE/SPEAKER8584/085840020.WAV,IT WAS ONLY ONE BY THE PAST THAT MORNING,8584
085840022,WAVE/SPEAKER8584/085840022.WAV,I MUST FIND OUT LATER ON,8584
085840036,WAVE/SPEAKER8584/085840036.WAV,HAD THE MOMENT REALLY COME,8584
085840040,WAVE/SPEAKER8584/085840040.WAV,I KNOW THAT MY DEAR BOY,8584
085840059,WAVE/SPEAKER8584/085840059.WAV,I'M NOT GOOD WITHOUT MY CUP OF TEA MY DEAR,8584
085840072,WAVE/SPEAKER8584/085840072.WAV,HE MAY BE ABLE TO TELL YOU SOMETHING,8584
085840075,WAVE/SPEAKER8584/085840075.WAV,THERE WAS SOME DIFFERENCE BETWEEN US,8584
085840077,WAVE/SPEAKER8584/085840077.WAV,LOOK NOW AT THE PATH BELOW US,8584
085840086,WAVE/SPEAKER8584/085840086.WAV,AND IN THAT YOU ANSWERED ME,8584
085840089,WAVE/SPEAKER8584/085840089.WAV,THE REPORT MAY BE THIS TIME TRAIN,8584
085840092,WAVE/SPEAKER8584/085840092.WAV,THIS DESK IS YOUR ROCK SIR,8584
085840099,WAVE/SPEAKER8584/085840099.WAV,I ASK YOU IS SUCH A MAN FREE,8584
085840115,WAVE/SPEAKER8584/085840115.WAV,HE WOULD NOT KEEP YOU MORE THAN A MOMENT,8584
085840117,WAVE/SPEAKER8584/085840117.WAV,HOW BIG IS YOUR HOUSE,8584
085840123,WAVE/SPEAKER8584/085840123.WAV,NOW WELL I REMEMBER EVERY MOMENT OF THE CENSE,8584
085840141,WAVE/SPEAKER8584/085840141.WAV,IF I GIVE THE WORD YOU STAY ON,8584
085840147,WAVE/SPEAKER8584/085840147.WAV,I AS A WOMAN THINK DIFFERENTLY,8584
085840157,WAVE/SPEAKER8584/085840157.WAV,I BELIEVE IN THE FIGHT WHICH IS IN EVERYTHING,8584
085840167,WAVE/SPEAKER8584/085840167.WAV,HE SEEMED A VERY GOOD WOMAN NEAR FIFTY YEARS GOOD,8584
090880018,WAVE/SPEAKER9088/090880018.WAV,IS THIS ANYTHING TO ME,9088
090880060,WAVE/SPEAKER9088/090880060.WAV,YOU ARE NO LONGER KIND,9088
090880064,WAVE/SPEAKER9088/090880064.WAV,EVEN THIS IS MORE THAN WE CAN SAY,9088
090880065,WAVE/SPEAKER9088/090880065.WAV,OF COURSE THERE ARE TWO SIDES TO THE QUESTION,9088
090880086,WAVE/SPEAKER9088/090880086.WAV,WILL YOU BE READY AT ONCE NOW,9088
090880090,WAVE/SPEAKER9088/090880090.WAV,THEY HAD TO SUPPORT HIM AND PUT HIM TO BED,9088
090880093,WAVE/SPEAKER9088/090880093.WAV,I MADE MY VOICE SOUNDS CARELESS,9088
090880095,WAVE/SPEAKER9088/090880095.WAV,AMERICA'S GOING THROUGH JUST ABOUT THE SAME EXPERIENCE AS MYSELF,9088
090880100,WAVE/SPEAKER9088/090880100.WAV,AND NOW YOU EXPECT THAT SHE SHOULD DO SO,9088
090880120,WAVE/SPEAKER9088/090880120.WAV,THINK OF ME AS THROUGH I WERE YOU SISTER,9088
090880126,WAVE/SPEAKER9088/090880126.WAV,HE IS WORSE THAN LAST YEAR,9088
090880130,WAVE/SPEAKER9088/090880130.WAV,DO YOU REALLY AND TRULY SAY SO,9088
090880132,WAVE/SPEAKER9088/090880132.WAV,I SHALL DO MY PARKING,9088
090880140,WAVE/SPEAKER9088/090880140.WAV,NOW LET ME HAVE YOUR ATTENTION,9088
090880142,WAVE/SPEAKER9088/090880142.WAV,THESE WERE NOT THE ALL MOST IMPORTANT THING HOWEVER,9088
090880145,WAVE/SPEAKER9088/090880145.WAV,IT WAS AS STILL AS DEATH,9088
090880147,WAVE/SPEAKER9088/090880147.WAV,CAN I TRUST MY OWN EARS,9088
090880154,WAVE/SPEAKER9088/090880154.WAV,IF NOT WE MUST BREAK IT OFF,9088
090880157,WAVE/SPEAKER9088/090880157.WAV,THE NAMES REMAINING WERE CALLED IN THE SAME MANNER,9088
090880163,WAVE/SPEAKER9088/090880163.WAV,I'LL DO NOTHING UNTIL I HAVE READ THE ANSWER,9088
091010017,WAVE/SPEAKER9101/091010017.WAV,HE IS BURNING TO HAVE AT SOMEBODY,9101
091010032,WAVE/SPEAKER9101/091010032.WAV,IT WANTS WHOLE BOAT TO ITSELF,9101
091010049,WAVE/SPEAKER9101/091010049.WAV,ENGLISH LIFE IN THEM THERE WAS NONE,9101
091010050,WAVE/SPEAKER9101/091010050.WAV,HE SENDS ME FOR THAT PURPOSE AND HERE I AM,9101
091010055,WAVE/SPEAKER9101/091010055.WAV,SHE TRY AND SHE SUCCEED,9101
091010063,WAVE/SPEAKER9101/091010063.WAV,WE NEED NOT STAY UNLESS YOU LIKE,9101
091010070,WAVE/SPEAKER9101/091010070.WAV,BUT ENGLISH ARE FOOLS,9101
091010072,WAVE/SPEAKER9101/091010072.WAV,IF YOU MAKE ANY NOISE WE ARE LOST,9101
091010082,WAVE/SPEAKER9101/091010082.WAV,HE IS RICH MAN,9101
091010100,WAVE/SPEAKER9101/091010100.WAV,HE ASKED ME IF I WOULD WAIT FOR HIS RETURN,9101
091010107,WAVE/SPEAKER9101/091010107.WAV,IF YOU NOT MORE THAN TEN I WILL MAKE FIGHT,9101
091010109,WAVE/SPEAKER9101/091010109.WAV,BUT YOU HAD BEST WASTE NO TIME ON QUESTIONS,9101
091010123,WAVE/SPEAKER9101/091010123.WAV,HOWEVER YOU CAN PUT IT ON NOW,9101
091010127,WAVE/SPEAKER9101/091010127.WAV,THERE SEEMED A WALL IN FRONT OF HIM,9101
091010133,WAVE/SPEAKER9101/091010133.WAV,SHOULD HE EVER SEE HER AGAIN,9101
091010138,WAVE/SPEAKER9101/091010138.WAV,COVERED WITH SHAME SHE COULD MAKE NO ANSWER,9101
091010139,WAVE/SPEAKER9101/091010139.WAV,OTHER FURNITURE THERE WAS NONE,9101
091010142,WAVE/SPEAKER9101/091010142.WAV,WE WERE ONCE MORE AT HOME,9101
091010149,WAVE/SPEAKER9101/091010149.WAV,EACH MAN HAD A PIECE OF SOAP AND A TOWEL,9101
091010151,WAVE/SPEAKER9101/091010151.WAV,COME IT WOULD GIVE ME SO MUCH PLEASURE,9101
091070001,WAVE/SPEAKER9107/091070001.WAV,THE LAST STAGE WAS REACHED,9107
091070033,WAVE/SPEAKER9107/091070033.WAV,SHE IS SO GENTLE AND SWEET,9107
091070038,WAVE/SPEAKER9107/091070038.WAV,IF ANY MAN EVER LOVED A GIRL SHE LOVED YOU,9107
091070040,WAVE/SPEAKER9107/091070040.WAV,BECAUSE EVEN NOW THINGS MIGHT TURN OUT DIFFERENTLY,9107
091070049,WAVE/SPEAKER9107/091070049.WAV,THERE IS OUR STARTING POINT,9107
091070056,WAVE/SPEAKER9107/091070056.WAV,THAT WAS THE REASON OF HIS GOING,9107
091070061,WAVE/SPEAKER9107/091070061.WAV,THE SHOCK WAS TOO MUCH FOR HIM,9107
091070065,WAVE/SPEAKER9107/091070065.WAV,I HAD NOT THE HEART TO KILL HER,9107
091070074,WAVE/SPEAKER9107/091070074.WAV,AND THE WHOLE COURT WAS PLACED UNDER HIS ORDERS,9107
091070089,WAVE/SPEAKER9107/091070089.WAV,I LIFTED MY HEAD AND KISSED HER,9107
091070108,WAVE/SPEAKER9107/091070108.WAV,I WOULD TRUST HIM AS I COULD TRUST MYSELF,9107
091070135,WAVE/SPEAKER9107/091070135.WAV,YOU WIN THE PRIZE YOU SEE,9107
091070138,WAVE/SPEAKER9107/091070138.WAV,MAYBE A LOT OF PEOPLE,9107
091070140,WAVE/SPEAKER9107/091070140.WAV,YOU HAVE NO NEED TO TROUBLE YOURSELF TO COME,9107
091070142,WAVE/SPEAKER9107/091070142.WAV,YOU START A QUESTION AND IT'S LIKE STARTING A STONE,9107
091070143,WAVE/SPEAKER9107/091070143.WAV,SHE SENDS YOUR HER REGARD,9107
091070162,WAVE/SPEAKER9107/091070162.WAV,THEN THIS WAS THE SECRET OF IT ALL,9107
091070163,WAVE/SPEAKER9107/091070163.WAV,AND I WOULD HAVE KISSED YOU,9107
091070174,WAVE/SPEAKER9107/091070174.WAV,ITS BEAUTY IS THE BEAUTY OF HIS OWN MIND,9107
091070175,WAVE/SPEAKER9107/091070175.WAV,I SEE YOU ALL SWING IN A ROPE,9107
091180015,WAVE/SPEAKER9118/091180015.WAV,HE IS TRULY A GOOSE AND NOT A DUCK,9118
091180025,WAVE/SPEAKER9118/091180025.WAV,I WONDER IF SATURDAY WILL EVER COME,9118
091180035,WAVE/SPEAKER9118/091180035.WAV,YES YOU WILL SEE HERE HAVE SPEECH WITH HERE,9118
091180042,WAVE/SPEAKER9118/091180042.WAV,THREE WERE HAS BAD HAS HIMSELF,9118
091180044,WAVE/SPEAKER9118/091180044.WAV,WHERE YOU NOT ABLE TO BUY ANYTHING FROM THEM,9118
091180050,WAVE/SPEAKER9118/091180050.WAV,SHE WANTS TO ASK YOU HERSELF,9118
091180056,WAVE/SPEAKER9118/091180056.WAV,SOMETHING TERRIBLE WAS IN PREPARATION,9118
091180064,WAVE/SPEAKER9118/091180064.WAV,DO YOU EVER TRY ME,9118
091180075,WAVE/SPEAKER9118/091180075.WAV,AS LONG AS YOU FIND ME WORK I WILL REMAIN,9118
091180078,WAVE/SPEAKER9118/091180078.WAV,BECAUSE I SEE YOUR BODY ACTING IN A CERTAIN WAY,9118
091180088,WAVE/SPEAKER9118/091180088.WAV,I TURNED MY EYES ROUND AS FAR AS WAS POSSIBLE,9118
091180091,WAVE/SPEAKER9118/091180091.WAV,WOULD THE GENTLEMAN STATE HIS BUSINESS PLEASE,9118
091180101,WAVE/SPEAKER9118/091180101.WAV,LAST TIME I WAS YOUR JEST,9118
091180110,WAVE/SPEAKER9118/091180110.WAV,SHALL YOU STATE AT ONCE,9118
091180133,WAVE/SPEAKER9118/091180133.WAV,HERE IS AN INSTANCE OF THIS FEELING,9118
091180151,WAVE/SPEAKER9118/091180151.WAV,I SAVED MY CHICKENS THROUGH,9118
091180157,WAVE/SPEAKER9118/091180157.WAV,DEATH IS ONLY A RETURN HIM AFTER ALL,9118
091180159,WAVE/SPEAKER9118/091180159.WAV,THERE MUST BE AN END OF THIS,9118
091180161,WAVE/SPEAKER9118/091180161.WAV,NOTHING REMAINS FOR US BUT WAIT AND HOPE,9118
091180163,WAVE/SPEAKER9118/091180163.WAV,HE CAN ALMOST STAND ON HIS LEGS,9118
095530005,WAVE/SPEAKER9553/095530005.WAV,I WISH I HAD NONE BUT MY OWN TO TELL,9553
095530010,WAVE/SPEAKER9553/095530010.WAV,BE SEATED IF YOU PLEASE SIR,9553
095530011,WAVE/SPEAKER9553/095530011.WAV,SHE WALKED THROUGH THE HOUSE,9553
095530016,WAVE/SPEAKER9553/095530016.WAV,ALL OTHER TIME IS PEACE,9553
095530028,WAVE/SPEAKER9553/095530028.WAV,BUT MIGHT NOT HE GET ANOTHER LESSON FROM THEM,9553
095530041,WAVE/SPEAKER9553/095530041.WAV,SHE BELONGED TO HIM AND HE TO HER,9553
095530049,WAVE/SPEAKER9553/095530049.WAV,BUT AT DINNER THERE WERE PLANS TO BE MADE,9553
095530059,WAVE/SPEAKER9553/095530059.WAV,WHAT A GREATLY IT WAS,9553
095530066,WAVE/SPEAKER9553/095530066.WAV,BUT THAT WOULD NOT ALONE EXPLAIN HIS PLEASURE,9553
095530082,WAVE/SPEAKER9553/095530082.WAV,HE WAS FOR MOMENTS TURNED TO STONE BEFORE IT,9553
095530083,WAVE/SPEAKER9553/095530083.WAV,BUT WHAT CAN BE THEIR AM,9553
095530085,WAVE/SPEAKER9553/095530085.WAV,I HAVE HOWEVER FOUND THE FOLLOWING,9553
095530116,WAVE/SPEAKER9553/095530116.WAV,HE SEEMED TO BE TALKING TO HIMSELF,9553
095530118,WAVE/SPEAKER9553/095530118.WAV,BUT WHAT IS THE POINT OF IT,9553
095530129,WAVE/SPEAKER9553/095530129.WAV,IF IT BE ON THE FINGER TAKE THE FINGER OFF,9553
095530144,WAVE/SPEAKER9553/095530144.WAV,HE REACHED OVER AND TOUCHED HER HAND,9553
095530152,WAVE/SPEAKER9553/095530152.WAV,HE COULD PAY NO ATTENTION,9553
095530154,WAVE/SPEAKER9553/095530154.WAV,HE HAD ALMOST LOST HER,9553
095530161,WAVE/SPEAKER9553/095530161.WAV,I KNOW THAT WAS UNDERSTANDING,9553
095530173,WAVE/SPEAKER9553/095530173.WAV,I WANT THE TRUTH THE TRUTH,9553
095550027,WAVE/SPEAKER9555/095550027.WAV,EVERYTHING IS AN EVENT AT SEA,9555
095550043,WAVE/SPEAKER9555/095550043.WAV,AND THERE IS WORSE BEHIND,9555
095550044,WAVE/SPEAKER9555/095550044.WAV,I SAW THE KEY WAS IN THE LOCK OUTSIDE,9555
095550046,WAVE/SPEAKER9555/095550046.WAV,HE SITS BY HER SIDE FOR HOURS,9555
095550051,WAVE/SPEAKER9555/095550051.WAV,WHAT CARE I IF SHE SHE SINK OR SWIM,9555
095550053,WAVE/SPEAKER9555/095550053.WAV,WHO WOULD EVER WANT ONE OF THIS COLLECTION,9555
095550073,WAVE/SPEAKER9555/095550073.WAV,SO FAR THEY WERE IN PERFECT AGREEMENT,9555
095550075,WAVE/SPEAKER9555/095550075.WAV,THE LIFT HAD STOPPED AT THEIR FLOOR,9555
095550081,WAVE/SPEAKER9555/095550081.WAV,AM I WORSE THAN YOU,9555
095550082,WAVE/SPEAKER9555/095550082.WAV,HE DRESSED IT HIMSELF TWICE A DAY,9555
095550092,WAVE/SPEAKER9555/095550092.WAV,DO ANYTHING BUT COME DOWNSTAIRS WITH ME,9555
095550100,WAVE/SPEAKER9555/095550100.WAV,FROM THE COURT THE NEWS SOON REACHED THE TOWN,9555
095550107,WAVE/SPEAKER9555/095550107.WAV,WE ARE BUT YOUNG ONCE,9555
095550116,WAVE/SPEAKER9555/095550116.WAV,IT IS ALWAYS SAFE TO TRUST HIM,9555
095550126,WAVE/SPEAKER9555/095550126.WAV,WOULD YOU EAT YOUR CAKE TWICE,9555
095550134,WAVE/SPEAKER9555/095550134.WAV,HE SIGNED TO HER TO LISTEN,9555
095550143,WAVE/SPEAKER9555/095550143.WAV,ALL THE SAME YOU MUST NOT REMAIN HERE,9555
095550146,WAVE/SPEAKER9555/095550146.WAV,WE MIGHT PICK UP SOME POINTS,9555
095550148,WAVE/SPEAKER9555/095550148.WAV,AND THAT MAKES IT WORSE,9555
095550173,WAVE/SPEAKER9555/095550173.WAV,I THINK WE MAY EXPECT HIM BEFORE MORNING,9555
095580008,WAVE/SPEAKER9558/095580008.WAV,I WILL TELL YOU THE STORY OF HIS DEATH,9558
095580012,WAVE/SPEAKER9558/095580012.WAV,SHE WAS JUST IN TIME TO HEAR THE DIRECTION,9558
095580016,WAVE/SPEAKER9558/095580016.WAV,IT WOULD HAVE SPARED ME ALL THIS WORRY,9558
095580039,WAVE/SPEAKER9558/095580039.WAV,IF THIS WERE TRUE WHO COULD BE UNHAPPY,9558
095580045,WAVE/SPEAKER9558/095580045.WAV,I SHALL NEVER GETS THE ANY INTEREST FOR MY MONEY,9558
095580056,WAVE/SPEAKER9558/095580056.WAV,THERE ARE NONE SUCH IN THIS PARTY,9558
095580067,WAVE/SPEAKER9558/095580067.WAV,WHEN YOU ASKED ME TO HIDE YOU,9558
095580071,WAVE/SPEAKER9558/095580071.WAV,THE SECOND WAS RATHER LESS SIMPLE BUT NOT MUCH LONGER,9558
095580078,WAVE/SPEAKER9558/095580078.WAV,AND THEIR END WAS THE SAME,9558
095580088,WAVE/SPEAKER9558/095580088.WAV,PUT THESE CONSIDERATIONS BEFORE HER FROM ME THEN,9558
095580097,WAVE/SPEAKER9558/095580097.WAV,I THOUGHT YOU WERE SURE THAT HE WAS GUILTY,9558
095580099,WAVE/SPEAKER9558/095580099.WAV,WEIGH THE OFFERS THEY WILL MAKE YOU,9558
095580101,WAVE/SPEAKER9558/095580101.WAV,BUT THIS IS ASKING FOR THE WORLD AND NOTHING LESS,9558
095580102,WAVE/SPEAKER9558/095580102.WAV,HE BOWED AND WALKED OUT OF THE ROOM,9558
095580116,WAVE/SPEAKER9558/095580116.WAV,SEE THEM AND HEAR WHAT THEY CAN ADD,9558
095580128,WAVE/SPEAKER9558/095580128.WAV,IT IS YOUR DUTY MY SON,9558
095580133,WAVE/SPEAKER9558/095580133.WAV,I THINK THAT SHE HAD NO CAUSE TO LEAVE ME,9558
095580157,WAVE/SPEAKER9558/095580157.WAV,SHE IS A GIRL WITH A LOT OF TALENT,9558
095580166,WAVE/SPEAKER9558/095580166.WAV,I SHALL PUT HIM IN THE ADVERTISEMENT THIS TIME,9558
095580173,WAVE/SPEAKER9558/095580173.WAV,THIS MESSAGE GIVES ME HOPE,9558
096010001,WAVE/SPEAKER9601/096010001.WAV,THERE WAS NO WAY SHE COULD USE IT,9601
096010002,WAVE/SPEAKER9601/096010002.WAV,HE PUT DOWN HIS STERN AND LOOKED AGAIN,9601
096010004,WAVE/SPEAKER9601/096010004.WAV,SHE OPENED HER EYES STARING UP AT HIM,9601
096010005,WAVE/SPEAKER9601/096010005.WAV,BUT HE CAN DO THINGS BUT THIS,9601
096010006,WAVE/SPEAKER9601/096010006.WAV,I WONDER THAT WE WERE STILL SO LONG,9601
096010007,WAVE/SPEAKER9601/096010007.WAV,YOU MAY NOT WANT TO KNOW,9601
096010008,WAVE/SPEAKER9601/096010008.WAV,SO HE CALLED AND ASKED ONE MORE TIME,9601
096010009,WAVE/SPEAKER9601/096010009.WAV,AND THEN THERE WAS SILENCE FOR A MOMENT OR TWO,9601
096010010,WAVE/SPEAKER9601/096010010.WAV,SHE TURNED AWAY FROM ME AND SUDDENLY BACK,9601
096010011,WAVE/SPEAKER9601/096010011.WAV,THAT YOU LOVE ME AS MUCH AS I LOVE YOU,9601
096010012,WAVE/SPEAKER9601/096010012.WAV,IT WAS SIMPLE ENOUGH IF THEY HAD ONLY THOUGHT,9601
096010013,WAVE/SPEAKER9601/096010013.WAV,WHAT HE SAW ABOUT HER THAT MADE HER SPECIAL,9601
096010015,WAVE/SPEAKER9601/096010015.WAV,I TAKE THE TIME TO LOOK THE DOG OVER,9601
096010016,WAVE/SPEAKER9601/096010016.WAV,HE IS THE BEST COOK IN THE WORLD TOO,9601
096010018,WAVE/SPEAKER9601/096010018.WAV,THE OTHER WAS A GIRL AS WELL,9601
096010019,WAVE/SPEAKER9601/096010019.WAV,THEY WALKED THE REST OF THE DAY AND ALL NIGHT,9601
096010020,WAVE/SPEAKER9601/096010020.WAV,SOMEWHERE THERE HAD TO BE A PLACE BETTER THAN THIS,9601
096010021,WAVE/SPEAKER9601/096010021.WAV,HE SHRUGGED ME OFF LIKE I WAS NOTHING,9601
096010022,WAVE/SPEAKER9601/096010022.WAV,IT IS NOT THE FACE HE KNOWS THOUGH,9601
096010023,WAVE/SPEAKER9601/096010023.WAV,YOU FEEL LIKE A LITTLE BROTHER TO ME,9601
096080003,WAVE/SPEAKER9608/096080003.WAV,YOU MUST NOT THINK OF THE PAST NOW,9608
096080005,WAVE/SPEAKER9608/096080005.WAV,SHE WISHED THAT SHE HAD NEVER COME HERE,9608
096080006,WAVE/SPEAKER9608/096080006.WAV,THEY WERE ALREADY IN AND SEEMED LIKE THEY SAW NOTHING,9608
096080007,WAVE/SPEAKER9608/096080007.WAV,THE SAME LOOK OF CONFUSION IS ON HIS FACE,9608
096080008,WAVE/SPEAKER9608/096080008.WAV,THERE WAS NO WAY WE COULD GET OUT,9608
096080009,WAVE/SPEAKER9608/096080009.WAV,BUT STILL I WOULD DO MY BEST,9608
096080010,WAVE/SPEAKER9608/096080010.WAV,SO THIS WAS ALL OVER HIM,9608
096080012,WAVE/SPEAKER9608/096080012.WAV,AND THERE SHE WAS WITH ANOTHER MAN,9608
096080013,WAVE/SPEAKER9608/096080013.WAV,I KNOW YOU JUST AS WELL AS YOU KNOW YOURSELF,9608
096080014,WAVE/SPEAKER9608/096080014.WAV,IT WAS SOMETHING MORE THAN THAT,9608
096080015,WAVE/SPEAKER9608/096080015.WAV,SHE HAVE TO MAKE UP THINGS IF EVER,9608
096080017,WAVE/SPEAKER9608/096080017.WAV,SHE CLOSED HER EYES AND THOUGHT BACK,9608
096080018,WAVE/SPEAKER9608/096080018.WAV,WE TALKED ALL NIGHT AGAIN ABOUT THIS AND THAT,9608
096080021,WAVE/SPEAKER9608/096080021.WAV,WHAT WAS THERE AFTER THIS WHICH HE MIGHT NOT DO,9608
096080022,WAVE/SPEAKER9608/096080022.WAV,HE REACHED FOR HER HAND SHE LET HIM TAKE IT,9608
096080023,WAVE/SPEAKER9608/096080023.WAV,I SUPPOSE IT IS BETTER THAT YOU SHOULD TELL ME,9608
096080024,WAVE/SPEAKER9608/096080024.WAV,THE OTHER PEOPLE IN THE RESTAURANT WERE LOOKING AT US,9608
096080025,WAVE/SPEAKER9608/096080025.WAV,HE WATCHES ME DAY IN AND DAY OUT,9608
096080026,WAVE/SPEAKER9608/096080026.WAV,THAT WAS THE LAST TIME I SAW MY FATHER,9608
096080027,WAVE/SPEAKER9608/096080027.WAV,YOU HAVE TO CHANGE WITH THEM OR BE LEFT BEHIND,9608
096100001,WAVE/SPEAKER9610/096100001.WAV,SHE WAS FACE TO FACE WITH ONE OF THE HORSE,9610
096100002,WAVE/SPEAKER9610/096100002.WAV,BUT HOW COULD SHE HAVE NOT KNOWN THAT,9610
096100003,WAVE/SPEAKER9610/096100003.WAV,ACTUALLY THERE IS SOMETHING YOU CAN DO FOR ME,9610
096100004,WAVE/SPEAKER9610/096100004.WAV,HE PULLED IT OUT AND LOOKED AT IT,9610
096100005,WAVE/SPEAKER9610/096100005.WAV,SHOULD I KNOW HER AGAIN IF I SAW HER,9610
096100006,WAVE/SPEAKER9610/096100006.WAV,AND THEN HE HAD A BETTER IDEA,9610
096100007,WAVE/SPEAKER9610/096100007.WAV,COULD THIS GIRL BE LIKE HIM IN SOME WAY,9610
096100008,WAVE/SPEAKER9610/096100008.WAV,IT WAS STILL ON HIS BACK,9610
096100009,WAVE/SPEAKER9610/096100009.WAV,WE ALL WERE A LITTLE,9610
096100010,WAVE/SPEAKER9610/096100010.WAV,SHE JUST NEVER WANTED TO TALK ABOUT IT EVEN NOW,9610
096100011,WAVE/SPEAKER9610/096100011.WAV,I MADE UP MY MIND TO GO AT ONCE,9610
096100012,WAVE/SPEAKER9610/096100012.WAV,NONE OF THEM HAD THOUGHT TO LOOK BEHIND THE DOOR,9610
096100013,WAVE/SPEAKER9610/096100013.WAV,IF SO WHAT WAS IT,9610
096100014,WAVE/SPEAKER9610/096100014.WAV,THIS TIME I WAS RIGHT,9610
096100015,WAVE/SPEAKER9610/096100015.WAV,HE TURNED HIS HEAD AWAY FROM HER,9610
096100016,WAVE/SPEAKER9610/096100016.WAV,I ACTUALLY THINK WE MIGHT MAKE IT OUT OF THIS,9610
096100017,WAVE/SPEAKER9610/096100017.WAV,THERE WAS NOTHING LEFT FOR ME,9610
096100018,WAVE/SPEAKER9610/096100018.WAV,WHAT KIND OF PERSON WOULD SHE COME TO BE,9610
096100019,WAVE/SPEAKER9610/096100019.WAV,IT WAS WHEN I WAS VERY YOUNG,9610
096100020,WAVE/SPEAKER9610/096100020.WAV,I ASKED TO BE SURE,9610
096120001,WAVE/SPEAKER9612/096120001.WAV,SHE SAW IT ALL IN A MOMENT,9612
096120002,WAVE/SPEAKER9612/096120002.WAV,I WANT TO SEE HIM MYSELF,9612
096120003,WAVE/SPEAKER9612/096120003.WAV,THERE WAS REALLY NO WINNING WITH HER WAS THERE,9612
096120004,WAVE/SPEAKER9612/096120004.WAV,AND THEN SOMETHING KNOCKED ME OUT OF THE WAY,9612
096120005,WAVE/SPEAKER9612/096120005.WAV,HE HAD THOUGHT THEY WOULD NEVER COME BACK,9612
096120006,WAVE/SPEAKER9612/096120006.WAV,BUT WHAT TRICK DO YOU HAVE FOR US NOW,9612
096120007,WAVE/SPEAKER9612/096120007.WAV,IT IS GOING TO BE SO MUCH FUN,9612
096120008,WAVE/SPEAKER9612/096120008.WAV,I LOOKED OVER AT THEM,9612
096120009,WAVE/SPEAKER9612/096120009.WAV,IF SHE WANTED TO SHE COULD BE VERY POPULAR,9612
096120010,WAVE/SPEAKER9612/096120010.WAV,THEY HAD TO LET GO,9612
096120011,WAVE/SPEAKER9612/096120011.WAV,BUT WE LOOKED LIKE THAT A LONG LONG TIME AGO,9612
096120012,WAVE/SPEAKER9612/096120012.WAV,HE TURNED AROUND AND WALKED AWAY TO THE PLATFORM,9612
096120013,WAVE/SPEAKER9612/096120013.WAV,I AM A PLAIN MAN AND SAY WHAT I THINK,9612
096120014,WAVE/SPEAKER9612/096120014.WAV,THIS WAS THE PLACE ALL RIGHT,9612
096120015,WAVE/SPEAKER9612/096120015.WAV,HE SHOULD BE ABLE TO SEE IT FROM HERE,9612
096120016,WAVE/SPEAKER9612/096120016.WAV,HE WAS STILL AT HOME,9612
096120017,WAVE/SPEAKER9612/096120017.WAV,HE ASKED HER ONE DAY,9612
096120018,WAVE/SPEAKER9612/096120018.WAV,SHE HAD NOTHING BETTER TO DO THAT NIGHT,9612
096120019,WAVE/SPEAKER9612/096120019.WAV,HE WAS FACE TO FACE WITH THE GIRL,9612
096120020,WAVE/SPEAKER9612/096120020.WAV,BUT THAT IS AT AN END,9612
096170001,WAVE/SPEAKER9617/096170001.WAV,SHE WAS JUST LIKE HE WAS,9617
096170002,WAVE/SPEAKER9617/096170002.WAV,THEN ON OUT THE BACK DOOR OF THE HOUSE,9617
096170003,WAVE/SPEAKER9617/096170003.WAV,HE LOOKED HERE AND THERE,9617
096170004,WAVE/SPEAKER9617/096170004.WAV,YOU MAY NOT BE WHO YOU THINK YOU ARE,9617
096170006,WAVE/SPEAKER9617/096170006.WAV,BUT NOW FOR THE FIRST TIME SOMETHING HAD MESSED UP,9617
096170007,WAVE/SPEAKER9617/096170007.WAV,AND ONCE MORE SHE WAS ALL HIS OWN,9617
096170008,WAVE/SPEAKER9617/096170008.WAV,IT NEVER HAPPENED AND IT NEVER WILL,9617
096170009,WAVE/SPEAKER9617/096170009.WAV,THEY ALL GIVE THEM TO HIM,9617
096170010,WAVE/SPEAKER9617/096170010.WAV,THERE WAS NO OTHER WAY AROUND IT,9617
096170011,WAVE/SPEAKER9617/096170011.WAV,THIS WAS THE THING SHE WANTED TO HEAR ONLY THIS,9617
096170012,WAVE/SPEAKER9617/096170012.WAV,WE ARE GOING TO DO NOTHING ABOUT IT,9617
096170013,WAVE/SPEAKER9617/096170013.WAV,NO DOUBT HE WAS VERY GOOD AND ALL THAT,9617
096170014,WAVE/SPEAKER9617/096170014.WAV,SHE WALKED OUT OF THE ROOM AGAIN,9617
096170015,WAVE/SPEAKER9617/096170015.WAV,HE TURNED AND ASKED THEM,9617
096170018,WAVE/SPEAKER9617/096170018.WAV,HE WAS TALENTED IN MORE THINGS THAN I WAS,9617
096170020,WAVE/SPEAKER9617/096170020.WAV,SHE WAS LOOKING AWAY FROM HIM AT THE FIRE,9617
096170021,WAVE/SPEAKER9617/096170021.WAV,SO THAT IS WHAT I WANT TO BE CALLED,9617
096170022,WAVE/SPEAKER9617/096170022.WAV,AND EVEN AFTER THAT IT IS NOT MUCH BETTER,9617
096170023,WAVE/SPEAKER9617/096170023.WAV,I LEFT THIS PLACE BECAUSE OF HIM,9617
096170024,WAVE/SPEAKER9617/096170024.WAV,NOW SHE HAD TO DO THE SAME,9617
096180001,WAVE/SPEAKER9618/096180001.WAV,AND SHE WAS INTIMATE WITH HIM AS AT FIRST,9618
096180002,WAVE/SPEAKER9618/096180002.WAV,IT IS OVER IN A MOMENT,9618
096180004,WAVE/SPEAKER9618/096180004.WAV,THEY WERE ON MY SIDE OF THE STREAM NOW,9618
096180005,WAVE/SPEAKER9618/096180005.WAV,HE COULD NEVER SEE HER BEFORE,9618
096180007,WAVE/SPEAKER9618/096180007.WAV,YOU STILL NEED TO GET OUT OF THIS PLACE,9618
096180008,WAVE/SPEAKER9618/096180008.WAV,WHAT DO YOU THINK WHAT CAN BE THERE,9618
096180009,WAVE/SPEAKER9618/096180009.WAV,THERE WAS A MAN BEHIND ME,9618
096180010,WAVE/SPEAKER9618/096180010.WAV,THAT WAS JUST HOW SHE WAS,9618
096180011,WAVE/SPEAKER9618/096180011.WAV,THIS IS THE WAY OF LIFE,9618
096180012,WAVE/SPEAKER9618/096180012.WAV,AS IF SHE HAD SOMETHING ON HER MIND,9618
096180013,WAVE/SPEAKER9618/096180013.WAV,I WANTED TO FIND MORE OUT ABOUT YOU,9618
096180014,WAVE/SPEAKER9618/096180014.WAV,I ALWAYS THOUGHT HE WAS A GOOD PERSON,9618
096180015,WAVE/SPEAKER9618/096180015.WAV,WE COULD PUT YOU IN A WORLD OF HURT,9618
096180016,WAVE/SPEAKER9618/096180016.WAV,BUT NOT VERY LONG WAS SHE LEFT IN DOUBT,9618
096180017,WAVE/SPEAKER9618/096180017.WAV,SHE LET GO OF HIS HAND AND RUBBED HER EYES,9618
096180018,WAVE/SPEAKER9618/096180018.WAV,I JUST WANT TO SEE HER SAFE IN YOUR HANDS,9618
096180019,WAVE/SPEAKER9618/096180019.WAV,BUT HERE IT IS THAT I MUST MAKE MY CONFESSION,9618
096180020,WAVE/SPEAKER9618/096180020.WAV,AND THEN THERE WAS AN END OF IT,9618
096180021,WAVE/SPEAKER9618/096180021.WAV,I ASKED NOT EVEN LOOKING UP AT HIM,9618
096180022,WAVE/SPEAKER9618/096180022.WAV,HE HAD CALLED THEM THAT HIMSELF IN HIS DAY,9618
096220001,WAVE/SPEAKER9622/096220001.WAV,YOU SHOULD KNOW THAT AND YOU ALWAYS WILL BE,9622
096220002,WAVE/SPEAKER9622/096220002.WAV,HE LOOKED BACK AT ME,9622
096220003,WAVE/SPEAKER9622/096220003.WAV,SHE THOUGHT FOR A MOMENT,9622
096220004,WAVE/SPEAKER9622/096220004.WAV,THERE WAS NO ONE ELSE SHE WANTED BY HER SIDE,9622
096220005,WAVE/SPEAKER9622/096220005.WAV,BUT WHAT IF WHAT THEY WERE DOING WAS RIGHT,9622
096220006,WAVE/SPEAKER9622/096220006.WAV,IT HAD HAPPENED TO HIM BEFORE,9622
096220007,WAVE/SPEAKER9622/096220007.WAV,I AM NOT GOING OUT WITH YOU,9622
096220008,WAVE/SPEAKER9622/096220008.WAV,THIS WAS NO TIME TO THINK ABOUT THE REAL WORLD,9622
096220009,WAVE/SPEAKER9622/096220009.WAV,I TURNED TO FACE THEM,9622
096220010,WAVE/SPEAKER9622/096220010.WAV,BUT IT CAN DO SO MUCH MORE THAN THAT,9622
096220011,WAVE/SPEAKER9622/096220011.WAV,THEN THEY WERE AT THE SAME THING AGAIN,9622
096220012,WAVE/SPEAKER9622/096220012.WAV,HE CLOSED HIS EYES AS HE WALKED,9622
096220013,WAVE/SPEAKER9622/096220013.WAV,I ASKED IF THEY WERE IN A FIGHT OR SOMETHING,9622
096220014,WAVE/SPEAKER9622/096220014.WAV,NO NO HE WAS TOO GOOD A WORKMAN FOR THAT,9622
096220015,WAVE/SPEAKER9622/096220015.WAV,HE PUT HER DOWN AND PATTED HER ON THE HEAD,9622
096220016,WAVE/SPEAKER9622/096220016.WAV,WE WOULD HAVE TO FIND SOME WAY OF HIDING IT,9622
096220017,WAVE/SPEAKER9622/096220017.WAV,I HAD LEFT IT BEHIND,9622
096220018,WAVE/SPEAKER9622/096220018.WAV,SHE TURNED AWAY WITH A LITTLE WAVE OF THE HAND,9622
096220019,WAVE/SPEAKER9622/096220019.WAV,BUT LOOK AT YOU TWO,9622
096220020,WAVE/SPEAKER9622/096220020.WAV,WHAT WAS HE LIKE IN PERSON,9622
096230001,WAVE/SPEAKER9623/096230001.WAV,HE LOOKED AT ME AND SMILED AND I SMILED BACK,9623
096230002,WAVE/SPEAKER9623/096230002.WAV,SHE WANTED TO GET OUT,9623
096230004,WAVE/SPEAKER9623/096230004.WAV,IT WAS JUST A PERSON,9623
096230005,WAVE/SPEAKER9623/096230005.WAV,THIS WAS WHERE SHE HAD LEFT THEM,9623
096230006,WAVE/SPEAKER9623/096230006.WAV,THERE WAS NO NEED FOR HIM TOO,9623
096230007,WAVE/SPEAKER9623/096230007.WAV,WHAT WOULD IT BE LIKE THEN,9623
096230008,WAVE/SPEAKER9623/096230008.WAV,THE TIME OF THE DAY,9623
096230009,WAVE/SPEAKER9623/096230009.WAV,I COULD NOW SEE INTO HIS FACE,9623
096230010,WAVE/SPEAKER9623/096230010.WAV,AND I NEVER THOUGHT A THING,9623
096230011,WAVE/SPEAKER9623/096230011.WAV,THEY STOPPED AND HE WAS LET GO,9623
096230012,WAVE/SPEAKER9623/096230012.WAV,I LOOK DOWN AND KNOW THE MAN IS DEAD,9623
096230013,WAVE/SPEAKER9623/096230013.WAV,HOW LONG WAS HE GOING TO BE HERE,9623
096230014,WAVE/SPEAKER9623/096230014.WAV,THERE WAS NOTHING IN IT FROM SIDE TO SIDE,9623
096230015,WAVE/SPEAKER9623/096230015.WAV,THEN SHE TURNED TO ALL OF US,9623
096230016,WAVE/SPEAKER9623/096230016.WAV,THAT WOULD MEAN THEY WOULD HAVE TO TAKE IT OVER,9623
096230017,WAVE/SPEAKER9623/096230017.WAV,I WAS TIRED AND HAD OTHER THINGS ON MY MIND,9623
096230018,WAVE/SPEAKER9623/096230018.WAV,WE MUST THINK OF THE GOOD AND NOT THE EVIL,9623
096230019,WAVE/SPEAKER9623/096230019.WAV,NO IT WAS THE EYES,9623
096230020,WAVE/SPEAKER9623/096230020.WAV,HE PUT HIS HAND ON THE KNOB AND OPENED IT,9623
096230021,WAVE/SPEAKER9623/096230021.WAV,I STILL HAD NO IDEA WHO HE WAS,9623
096260002,WAVE/SPEAKER9626/096260002.WAV,I LOOKED OVER AT HIM,9626
096260003,WAVE/SPEAKER9626/096260003.WAV,IT WAS JUST YOU LAST TIME,9626
096260004,WAVE/SPEAKER9626/096260004.WAV,THERE IS NO WAY I CAN GET BY THIS,9626
096260005,WAVE/SPEAKER9626/096260005.WAV,BUT HOW WOULD THEY GO ABOUT IT,9626
096260006,WAVE/SPEAKER9626/096260006.WAV,THEY ALL SMILED AT THE WORLD AROUND THEM,9626
096260007,WAVE/SPEAKER9626/096260007.WAV,YOU ARE GOING TO HAVE TO COME WITH US NOW,9626
096260008,WAVE/SPEAKER9626/096260008.WAV,NOW THERE WAS ONLY ONE THING LEFT TO DO,9626
096260009,WAVE/SPEAKER9626/096260009.WAV,HE THEN WALKED FROM THERE OUT OF THAT ROOM,9626
096260011,WAVE/SPEAKER9626/096260011.WAV,HE HAD NOTHING BUT THIS PLACE,9626
096260012,WAVE/SPEAKER9626/096260012.WAV,HE STILL COULD NOT SEE ANYTHING,9626
096260013,WAVE/SPEAKER9626/096260013.WAV,WE HAD TO MAKE IT,9626
096260014,WAVE/SPEAKER9626/096260014.WAV,I NEED TO BE HERE,9626
096260015,WAVE/SPEAKER9626/096260015.WAV,I SEEMED TO BE THE FIRST ONE DOWN,9626
096260016,WAVE/SPEAKER9626/096260016.WAV,I HAD TO FIND A DIFFERENT BACK DOOR,9626
096260017,WAVE/SPEAKER9626/096260017.WAV,HE HAD NO IDEA WHAT PEOPLE WOULD SAY,9626
096260018,WAVE/SPEAKER9626/096260018.WAV,I PUT MY HAND ON IT,9626
096260019,WAVE/SPEAKER9626/096260019.WAV,IT WAS TOO DARK TO SEE WHO IT WAS,9626
096260020,WAVE/SPEAKER9626/096260020.WAV,THAT ALL I CAN EVER BE,9626
096260021,WAVE/SPEAKER9626/096260021.WAV,AND THERE WAS AN END OF IT,9626
096260022,WAVE/SPEAKER9626/096260022.WAV,HE WAS MORE THAN JUST A FATHER,9626
096290001,WAVE/SPEAKER9629/096290001.WAV,HE WAS GOING TO HELP HIM,9629
096290002,WAVE/SPEAKER9629/096290002.WAV,WHAT I DO KNOW IS THIS,9629
096290004,WAVE/SPEAKER9629/096290004.WAV,SHE SMILED AT THE TIME,9629
096290005,WAVE/SPEAKER9629/096290005.WAV,THEN IT WOULD ALL BE OVER,9629
096290006,WAVE/SPEAKER9629/096290006.WAV,THAT HE COULD HAVE A HOME AGAIN,9629
096290007,WAVE/SPEAKER9629/096290007.WAV,THERE WAS ONE RIGHT IN FRONT OF ME,9629
096290008,WAVE/SPEAKER9629/096290008.WAV,BUT THEY WERE TURNED TO HIS LEFT,9629
096290009,WAVE/SPEAKER9629/096290009.WAV,I THOUGHT FOR SURE SHE WOULD SAY SOMETHING,9629
096290010,WAVE/SPEAKER9629/096290010.WAV,I WALKED UP TO MY ROOM,9629
096290011,WAVE/SPEAKER9629/096290011.WAV,I CAN GET HER BACK,9629
096290012,WAVE/SPEAKER9629/096290012.WAV,THE BOY LOOKED FROM THE HAND TO HER,9629
096290014,WAVE/SPEAKER9629/096290014.WAV,HE SAW THE DAY WHEN IT HAD ALL HAPPENED,9629
096290015,WAVE/SPEAKER9629/096290015.WAV,SHE ASKED LOOKING UP AT ME,9629
096290016,WAVE/SPEAKER9629/096290016.WAV,I MADE IT TO HER HOUSE,9629
096290017,WAVE/SPEAKER9629/096290017.WAV,I WAS STILL FOR A MOMENT,9629
096290018,WAVE/SPEAKER9629/096290018.WAV,THIS WAS THE WAY IT SHOULD ALWAYS BE,9629
096290020,WAVE/SPEAKER9629/096290020.WAV,SHE STOPPED WHERE SHE WAS AND LOOKED AROUND,9629
096290021,WAVE/SPEAKER9629/096290021.WAV,AND THE FIRST THOUGH IN MY HEAD WAS,9629
096290022,WAVE/SPEAKER9629/096290022.WAV,AND THAT WAS THE LAST I EVER SAW OF HIM,9629
096290023,WAVE/SPEAKER9629/096290023.WAV,IT WAS NOT YET TIME,9629
096310001,WAVE/SPEAKER9631/096310001.WAV,HE COULD BUT WHAT WOULD HE DO,9631
096310002,WAVE/SPEAKER9631/096310002.WAV,SHE SMILED FOR THE FIRST TIME THAT DAY,9631
096310003,WAVE/SPEAKER9631/096310003.WAV,THERE WAS SOMETHING IN FRONT OF HER,9631
096310004,WAVE/SPEAKER9631/096310004.WAV,IT WILL ONLY BE A MOMENT,9631
096310005,WAVE/SPEAKER9631/096310005.WAV,THE WOMAN LOOKED UP TO HIM,9631
096310006,WAVE/SPEAKER9631/096310006.WAV,THIS IS ALL I CAN SAY,9631
096310007,WAVE/SPEAKER9631/096310007.WAV,BUT THE EYES WERE RIGHT,9631
096310008,WAVE/SPEAKER9631/096310008.WAV,HE TURNED HIS HEAD TO LOOK AT THEM,9631
096310009,WAVE/SPEAKER9631/096310009.WAV,I HAVE BETTER GET OUT OF HERE,9631
096310010,WAVE/SPEAKER9631/096310010.WAV,AND THEN THERE WAS HER FACE,9631
096310011,WAVE/SPEAKER9631/096310011.WAV,HE ALWAYS SAW IF SHE WANTED HIM NOT TO,9631
096310012,WAVE/SPEAKER9631/096310012.WAV,I THOUGHT MY LIFE WAS ABOUT TO END,9631
096310013,WAVE/SPEAKER9631/096310013.WAV,WHAT WOULD THEY BE LIKE TO WORK WITH,9631
096310014,WAVE/SPEAKER9631/096310014.WAV,NOW ARE YOU GOING TO LET ME GO,9631
096310015,WAVE/SPEAKER9631/096310015.WAV,I PUT THEM BACK ON AND LEFT,9631
096310016,WAVE/SPEAKER9631/096310016.WAV,THAT WAS AS MUCH AS HE WOULD GIVE HER,9631
096310017,WAVE/SPEAKER9631/096310017.WAV,THEY OPENED IT AND WALKED IN,9631
096310018,WAVE/SPEAKER9631/096310018.WAV,I THINK IT WILL DO US ALL SOME GOOD,9631
096310019,WAVE/SPEAKER9631/096310019.WAV,THE THING HAD COME AND SO IT MUST BE,9631
096310020,WAVE/SPEAKER9631/096310020.WAV,HE WAS NEVER EVEN IN THE ROOM,9631
096330003,WAVE/SPEAKER9633/096330003.WAV,HE LOOKED AT HER AND TURNED AWAY,9633
096330005,WAVE/SPEAKER9633/096330005.WAV,I WILL FIND THEM FOR YOU,9633
096330006,WAVE/SPEAKER9633/096330006.WAV,IT WAS LIKE THEY WERE ONE PERSON,9633
096330007,WAVE/SPEAKER9633/096330007.WAV,THERE ARE GOING TO BE MORE,9633
096330008,WAVE/SPEAKER9633/096330008.WAV,YOU NEED TO COME WITH ME,9633
096330009,WAVE/SPEAKER9633/096330009.WAV,I WOULD NEVER HAVE LEFT,9633
096330010,WAVE/SPEAKER9633/096330010.WAV,THEY HAD TO GET OUT OF THERE,9633
096330011,WAVE/SPEAKER9633/096330011.WAV,THIS WAS NOT IN HIS MIND,9633
096330012,WAVE/SPEAKER9633/096330012.WAV,WE WERE THE SAME I OPENED MY EYES,9633
096330013,WAVE/SPEAKER9633/096330013.WAV,BUT HOW CAN SHE TELL WHO IT WAS,9633
096330014,WAVE/SPEAKER9633/096330014.WAV,I JUST WANT HER BACK,9633
096330015,WAVE/SPEAKER9633/096330015.WAV,THE GIRL WALKED IN AND LOOKED AROUND,9633
096330016,WAVE/SPEAKER9633/096330016.WAV,HE WAS ALWAYS UP TO NO GOOD,9633
096330017,WAVE/SPEAKER9633/096330017.WAV,IT WAS ONLY ONE AFTER ALL I SAY,9633
096330018,WAVE/SPEAKER9633/096330018.WAV,THAT DAY WAS THE FIRST TIME I SAW HIM,9633
096330019,WAVE/SPEAKER9633/096330019.WAV,AS IF TO BE BUT A MAN WERE NOTHING,9633
096330020,WAVE/SPEAKER9633/096330020.WAV,BUT THEN AGAIN THIS WAS HER HOUSE,9633
096330021,WAVE/SPEAKER9633/096330021.WAV,HE WAS NOT HARD TO SEE FROM WHERE SHE WAS,9633
096330022,WAVE/SPEAKER9633/096330022.WAV,I DO LOVE YOU AND I CAN MAKE THINGS RIGHT,9633
096330023,WAVE/SPEAKER9633/096330023.WAV,IT WAS AT THE OTHER SIDE OF THE FRONT DOOR,9633
096350006,WAVE/SPEAKER9635/096350006.WAV,THERE IS NO END TO THIS IS THERE,9635
096350007,WAVE/SPEAKER9635/096350007.WAV,SHE WANTED TO KNOW MORE ABOUT HIM,9635
096350008,WAVE/SPEAKER9635/096350008.WAV,IT SHOULD AS HE WAS ONE AFTER ALL,9635
096350009,WAVE/SPEAKER9635/096350009.WAV,AND SHE WAS THE ONLY PERSON LEFT,9635
096350010,WAVE/SPEAKER9635/096350010.WAV,THE OTHER AT THE BACK OF HIS HEAD,9635
096350011,WAVE/SPEAKER9635/096350011.WAV,I WILL FIND OUT WHAT WAS GOING ON,9635
096350012,WAVE/SPEAKER9635/096350012.WAV,HE ASKED IF I WOULD LIKE TO SEE MY FATHER,9635
096350013,WAVE/SPEAKER9635/096350013.WAV,IT MADE ME WANT TO GET AWAY FROM HIM,9635
096350014,WAVE/SPEAKER9635/096350014.WAV,I COULD NEVER GIVE YOU UP,9635
096350015,WAVE/SPEAKER9635/096350015.WAV,IF IT BE SO I HAD BETTER GO,9635
096350016,WAVE/SPEAKER9635/096350016.WAV,I PUT THEM ON AND I SAW WHERE WE WERE,9635
096350018,WAVE/SPEAKER9635/096350018.WAV,I AM SURE YOU CAN DO IT,9635
096350019,WAVE/SPEAKER9635/096350019.WAV,THEY ALL LOOK THE SAME TO YOU,9635
096350020,WAVE/SPEAKER9635/096350020.WAV,AND YOU COME BEFORE THAT,9635
096350021,WAVE/SPEAKER9635/096350021.WAV,BUT THEN I THOUGHT THERE WAS LITTLE NEED,9635
096350023,WAVE/SPEAKER9635/096350023.WAV,BUT NOW I SEE WHO YOU REALLY ARE,9635
096350024,WAVE/SPEAKER9635/096350024.WAV,IT WAS NOT HER PLACE TO SAY ANYTHING,9635
096350025,WAVE/SPEAKER9635/096350025.WAV,I COULD FEEL HER EYES LOOKING AT ME,9635
096350026,WAVE/SPEAKER9635/096350026.WAV,I LOOKED OVER TO THE SIDE,9635
096350027,WAVE/SPEAKER9635/096350027.WAV,SHE TURNED TO FACE THE MAN,9635
096400001,WAVE/SPEAKER9640/096400001.WAV,WAS IT POSSIBLE TO INTERPRET THEM TO ANY USEFUL PURPOSE,9640
096400002,WAVE/SPEAKER9640/096400002.WAV,NOT A LIVING CREATURE WAS VISIBLE,9640
096400004,WAVE/SPEAKER9640/096400004.WAV,AND AFTER HE LEFT I FEEL EMPTY,9640
096400006,WAVE/SPEAKER9640/096400006.WAV,THE RECEIVER HAD NOT SUFFERED AT ALL,9640
096400007,WAVE/SPEAKER9640/096400007.WAV,WE WILL TAKE TURNS IN WRITING EACH CHAPTER,9640
096400008,WAVE/SPEAKER9640/096400008.WAV,DEATH SHOULD BE VEILED THE GRAVE SHOULD HAVE ITS RESERVE,9640
096400010,WAVE/SPEAKER9640/096400010.WAV,THEY WERE SILVER WITH NO PUPIL,9640
096400012,WAVE/SPEAKER9640/096400012.WAV,TOO LONG TOO SHORT TOO BORING,9640
096400013,WAVE/SPEAKER9640/096400013.WAV,TROOPS ARE MARCHING INTO BATTLE,9640
096400014,WAVE/SPEAKER9640/096400014.WAV,WAITING FOR WHAT SHE THOUGHT,9640
096400016,WAVE/SPEAKER9640/096400016.WAV,HER EYES USUALLY SO GENTLE FLASHED FIRE,9640
096400018,WAVE/SPEAKER9640/096400018.WAV,PLEASE FORGIVE ME MY FRIEND,9640
096400019,WAVE/SPEAKER9640/096400019.WAV,THAT'S WHY WE BOTH PASSED OUT,9640
096400020,WAVE/SPEAKER9640/096400020.WAV,AUTHOR NOTE HELLO AGAIN EVERYONE,9640
096400021,WAVE/SPEAKER9640/096400021.WAV,EVERY MINUTE SEEMED LIKE AN HOURS,9640
096400022,WAVE/SPEAKER9640/096400022.WAV,ALL HEADS TURNED THEIR WAY,9640
096400024,WAVE/SPEAKER9640/096400024.WAV,BUT THIS WANTS FARTHER EXPLANATION,9640
096400025,WAVE/SPEAKER9640/096400025.WAV,MY OWN OWN DARLING DARLING DARLING JEWEL,9640
096400026,WAVE/SPEAKER9640/096400026.WAV,YOU MAY CONTINUE GUN TRAINING,9640
096400028,WAVE/SPEAKER9640/096400028.WAV,IT'S ALMOST PAST YOUR BED TIME,9640
096470002,WAVE/SPEAKER9647/096470002.WAV,AT THIS SHE LAUGHED AND SEEMED QUITE SATISFIED,9647
096470003,WAVE/SPEAKER9647/096470003.WAV,A THIRD FINISHED WELL THERE YOU HAVE IT,9647
096470004,WAVE/SPEAKER9647/096470004.WAV,THIS WAS LIKE STRIKING THEIR FLAG,9647
096470005,WAVE/SPEAKER9647/096470005.WAV,BOTH GIRLS CALLED OUT AS THEY WATCHED HER LEAVE,9647
096470007,WAVE/SPEAKER9647/096470007.WAV,WERE THESE YOUNG PEOPLE EVIL,9647
096470008,WAVE/SPEAKER9647/096470008.WAV,YOU CAN JUMP WITHOUT ME,9647
096470010,WAVE/SPEAKER9647/096470010.WAV,IF THAT EVER HAPPENS THAT IS,9647
096470011,WAVE/SPEAKER9647/096470011.WAV,NOTHING BUT AN IMMENSE SEA,9647
096470012,WAVE/SPEAKER9647/096470012.WAV,THEY WERE PROBABLY DATING OR SOMETHING HE SHRUGGED,9647
096470013,WAVE/SPEAKER9647/096470013.WAV,WOMAN NO IT'S ALL RIGHT,9647
096470014,WAVE/SPEAKER9647/096470014.WAV,EXTREMELY LONG TIME NO WRITE,9647
096470015,WAVE/SPEAKER9647/096470015.WAV,THE FIRST MAY BE THUS EXPLAINED,9647
096470016,WAVE/SPEAKER9647/096470016.WAV,HOW MANY KINGDOMS KNOW US NOT,9647
096470017,WAVE/SPEAKER9647/096470017.WAV,AN AREA FILLED WITH OTHER FAMILY MEMBERS,9647
096470018,WAVE/SPEAKER9647/096470018.WAV,ANYWAY THANKS FOR YOUR HELP,9647
096470019,WAVE/SPEAKER9647/096470019.WAV,MY FATHER'S VOICE SOUNDED TENSE,9647
096470020,WAVE/SPEAKER9647/096470020.WAV,MAYBE WE SHOULD GET SOME CAKE,9647
096470021,WAVE/SPEAKER9647/096470021.WAV,MORE THAN USUAL AT ANY RATE,9647
096470022,WAVE/SPEAKER9647/096470022.WAV,HER MIND STARTED FORGETTING EVERYTHING,9647
096470023,WAVE/SPEAKER9647/096470023.WAV,HIS HEAD HURT EVEN WORSE,9647
